use jpaas_system;
INSERT INTO sys_app (APP_ID_, CLIENT_CODE_, CLIENT_NAME_, CATEGORY_ID_, ICON_, STATUS_, DESCP_, HOME_TYPE_, URL_TYPE_, LAYOUT_, PARENT_MODULE_, ICON_PIC_, HOME_URL_, SN_, PARAMS_, AUTH_SETTING_, SHARE_, FREE_, IS_AUTH_, TENANT_ID_, CREATE_DEP_ID_, CREATE_BY_, CREATE_TIME_, UPDATE_BY_, UPDATE_TIME_, APP_TYPE_, BACK_COLOR_, VERSION_, COPYRIGHT_, PC_USE_, MOBILE_USE_, MOBILE_HOME_, PATH_, MENU_NAV_TYPE_)
        VALUES ('1208980200670081026', 'org', '组织中心', '1009', '{\"type\":\"brand_logo\",\"icon\":\"cluster\"}', '1', '', 'custom', 'URL', 'many', 'MainLayout', 'cluster', '', '7', NULL, NULL, 'N', 'N', 'NO', '1', '', '1', '2019-12-23 00:00:00', '1', '2020-09-14 00:00:00', '0', 'royalblue', NULL, NULL, '1', '1', NULL, NULL, '0');

INSERT INTO sys_app (APP_ID_, CLIENT_CODE_, CLIENT_NAME_, CATEGORY_ID_, ICON_, STATUS_, DESCP_, HOME_TYPE_, URL_TYPE_, LAYOUT_, PARENT_MODULE_, ICON_PIC_, HOME_URL_, SN_, PARAMS_, AUTH_SETTING_, SHARE_, FREE_, IS_AUTH_, TENANT_ID_, CREATE_DEP_ID_, CREATE_BY_, CREATE_TIME_, UPDATE_BY_, UPDATE_TIME_, APP_TYPE_, BACK_COLOR_, VERSION_, COPYRIGHT_, PC_USE_, MOBILE_USE_, MOBILE_HOME_, PATH_, MENU_NAV_TYPE_)
        VALUES ('1208980374695948289', 'sysMgr', '系统管理', '1009', '{\"type\":\"brand_logo\",\"icon\":\"setting\"}', '1', '', 'custom', 'URL', 'many', 'MainLayout', 'setting', '', '6', NULL, NULL, 'N', 'N', 'NO', '1', '', '1', '2019-12-23 00:00:00', '1', '2020-09-14 00:00:00', '0', 'royalblue', NULL, NULL, '1', '1', NULL, NULL, '0');

INSERT INTO sys_app (APP_ID_, CLIENT_CODE_, CLIENT_NAME_, CATEGORY_ID_, ICON_, STATUS_, DESCP_, HOME_TYPE_, URL_TYPE_, LAYOUT_, PARENT_MODULE_, ICON_PIC_, HOME_URL_, SN_, PARAMS_, AUTH_SETTING_, SHARE_, FREE_, IS_AUTH_, TENANT_ID_, CREATE_DEP_ID_, CREATE_BY_, CREATE_TIME_, UPDATE_BY_, UPDATE_TIME_, APP_TYPE_, BACK_COLOR_, VERSION_, COPYRIGHT_, PC_USE_, MOBILE_USE_, MOBILE_HOME_, PATH_, MENU_NAV_TYPE_)
        VALUES ('1208980476072275970', 'bpm', '流程中心', '1009', '{\"type\":\"brand_logo\",\"icon\":\"cluster\"}', '1', '', 'custom', 'URL', 'many', 'MainLayout', 'cluster', '', '5', NULL, NULL, 'N', 'N', 'NO', '1', '', '1', '2019-12-23 00:00:00', '1', '2020-09-14 00:00:00', '0', 'royalblue', NULL, NULL, '1', '1', NULL, NULL, '0');

INSERT INTO sys_app (APP_ID_, CLIENT_CODE_, CLIENT_NAME_, CATEGORY_ID_, ICON_, STATUS_, DESCP_, HOME_TYPE_, URL_TYPE_, LAYOUT_, PARENT_MODULE_, ICON_PIC_, HOME_URL_, SN_, PARAMS_, AUTH_SETTING_, SHARE_, FREE_, IS_AUTH_, TENANT_ID_, CREATE_DEP_ID_, CREATE_BY_, CREATE_TIME_, UPDATE_BY_, UPDATE_TIME_, APP_TYPE_, BACK_COLOR_, VERSION_, COPYRIGHT_, PC_USE_, MOBILE_USE_, MOBILE_HOME_, PATH_, MENU_NAV_TYPE_)
        VALUES ('1211584063094243329', 'portal', '门户中心', '1009', '{\"type\":\"brand_logo\",\"icon\":\"home\"}', '1', '', 'custom', 'URL', 'many', 'MainLayout', 'home', '', '3', NULL, NULL, 'N', 'N', 'NO', '1', '2', '1', '2019-12-30 00:00:00', '1', '2020-09-14 00:00:00', '0', 'royalblue', NULL, NULL, '1', '1', NULL, NULL, '0');

INSERT INTO sys_app (APP_ID_, CLIENT_CODE_, CLIENT_NAME_, CATEGORY_ID_, ICON_, STATUS_, DESCP_, HOME_TYPE_, URL_TYPE_, LAYOUT_, PARENT_MODULE_, ICON_PIC_, HOME_URL_, SN_, PARAMS_, AUTH_SETTING_, SHARE_, FREE_, IS_AUTH_, TENANT_ID_, CREATE_DEP_ID_, CREATE_BY_, CREATE_TIME_, UPDATE_BY_, UPDATE_TIME_, APP_TYPE_, BACK_COLOR_, VERSION_, COPYRIGHT_, PC_USE_, MOBILE_USE_, MOBILE_HOME_, PATH_, MENU_NAV_TYPE_)
        VALUES ('1216010678984933378', 'form', '单据中心', '1009', '{\"type\":\"editor\",\"icon\":\"form\"}', '1', '', 'custom', 'URL', 'many', 'MainLayout', 'form', '', '4', NULL, NULL, 'N', 'N', 'NO', '1', '2', '1', '2020-01-11 00:00:00', '1', '2020-09-14 00:00:00', '0', 'royalblue', NULL, NULL, '1', '1', NULL, NULL, '0');

INSERT INTO sys_app (APP_ID_, CLIENT_CODE_, CLIENT_NAME_, CATEGORY_ID_, ICON_, STATUS_, DESCP_, HOME_TYPE_, URL_TYPE_, LAYOUT_, PARENT_MODULE_, ICON_PIC_, HOME_URL_, SN_, PARAMS_, AUTH_SETTING_, SHARE_, FREE_, IS_AUTH_, TENANT_ID_, CREATE_DEP_ID_, CREATE_BY_, CREATE_TIME_, UPDATE_BY_, UPDATE_TIME_, APP_TYPE_, BACK_COLOR_, VERSION_, COPYRIGHT_, PC_USE_, MOBILE_USE_, MOBILE_HOME_, PATH_, MENU_NAV_TYPE_)
        VALUES ('1257928508099674114', 'webApp', '工作台', '1009', '{\"type\":\"data\",\"icon\":\"fund\"}', '1', '', 'custom', 'URL', 'many', 'MainLayout', 'fund', '', '2', NULL, NULL, 'N', 'N', 'NO', '1', '1', '1', '2020-05-06 00:00:00', '1', '2020-09-14 00:00:00', '0', 'royalblue', NULL, NULL, '1', '1', NULL, NULL, '0');

INSERT INTO sys_app (APP_ID_, CLIENT_CODE_, CLIENT_NAME_, CATEGORY_ID_, ICON_, STATUS_, DESCP_, HOME_TYPE_, URL_TYPE_, LAYOUT_, PARENT_MODULE_, ICON_PIC_, HOME_URL_, SN_, PARAMS_, AUTH_SETTING_, SHARE_, FREE_, IS_AUTH_, TENANT_ID_, CREATE_DEP_ID_, CREATE_BY_, CREATE_TIME_, UPDATE_BY_, UPDATE_TIME_, APP_TYPE_, BACK_COLOR_, VERSION_, COPYRIGHT_, PC_USE_, MOBILE_USE_, MOBILE_HOME_, PATH_, MENU_NAV_TYPE_)
        VALUES ('1432269009532760065', 'designApp', '应用开发', '1009', '{\"type\":\"data\",\"icon\":\"appstore\"}', '1', NULL, 'custom', 'URL', 'single', 'InnerLayout', 'appstore', 'application/ApplicationIndex.vue', '3', NULL, NULL, 'N', 'N', 'NO', '1', '2', '1', '2021-08-30 17:08:37', '1', '2021-09-02 17:21:55', '0', 'royalblue', '1.01', '广州红迅软件有限公司', '0', '0', NULL, NULL, '0');

INSERT INTO sys_app (APP_ID_, CLIENT_CODE_, CLIENT_NAME_, CATEGORY_ID_, ICON_, STATUS_, DESCP_, HOME_TYPE_, URL_TYPE_, LAYOUT_, PARENT_MODULE_, ICON_PIC_, HOME_URL_, SN_, PARAMS_, AUTH_SETTING_, SHARE_, FREE_, IS_AUTH_, TENANT_ID_, CREATE_DEP_ID_, CREATE_BY_, CREATE_TIME_, UPDATE_BY_, UPDATE_TIME_, APP_TYPE_, BACK_COLOR_, VERSION_, COPYRIGHT_, PC_USE_, MOBILE_USE_, MOBILE_HOME_, PATH_, MENU_NAV_TYPE_)
        VALUES ('1433346257156587521', 'OA', '考勤管理', '1326461743392124930', '{\"type\":\"customIcon\",\"icon\":\"iconcaidan\"}', '1', NULL, 'custom', 'URL', 'many', 'MainLayout', 'iconcaidan', NULL, '1', NULL, NULL, 'N', 'N', 'NO', '1', NULL, '1', '2021-09-02 16:29:13', '1', '2021-09-14 09:30:45', '1', 'lightskyblue', '1.01', '广州红迅软件有限公司', '0', '0', NULL, '/appOa', '0');

INSERT INTO sys_app (APP_ID_, CLIENT_CODE_, CLIENT_NAME_, CATEGORY_ID_, ICON_, STATUS_, DESCP_, HOME_TYPE_, URL_TYPE_, LAYOUT_, PARENT_MODULE_, ICON_PIC_, HOME_URL_, SN_, PARAMS_, AUTH_SETTING_, SHARE_, FREE_, IS_AUTH_, TENANT_ID_, CREATE_DEP_ID_, CREATE_BY_, CREATE_TIME_, UPDATE_BY_, UPDATE_TIME_, APP_TYPE_, BACK_COLOR_, VERSION_, COPYRIGHT_, PC_USE_, MOBILE_USE_, MOBILE_HOME_, PATH_, MENU_NAV_TYPE_)
        VALUES ('1472821294773006337', 'big_screen', '大屏管理', '1326461743392124930', '{\"type\":\"customIcon\",\"icon\":\"iconchakandaping\"}', '1', NULL, 'custom', 'URL', 'many', 'MainLayout', 'iconchakandaping', NULL, '1', NULL, NULL, 'N', 'N', 'NO', '1', '1', '1', '2021-12-20 14:48:55', NULL, '2021-12-20 14:48:55', '1', 'lightskyblue', '1.01', '', '0', '0', NULL, '/appPortal', '0');


INSERT INTO sys_dic(DIC_ID_, TREE_ID_, NAME_, VALUE_, DESCP_, SN_, PATH_, PARENT_ID_, TENANT_ID_, CREATE_DEP_ID_, CREATE_BY_, CREATE_TIME_, UPDATE_BY_, UPDATE_TIME_, APP_ID_)
        VALUES ('1280758316379070465', '1280758128721715202', '公司公告', 'companyNotice', '新闻公告', 1, '0.1280758316379070465.', '0', '1', '', '1', '2020-07-08 00:00:00', '1', '2021-07-28 16:20:35', NULL);

INSERT INTO sys_dic(DIC_ID_, TREE_ID_, NAME_, VALUE_, DESCP_, SN_, PATH_, PARENT_ID_, TENANT_ID_, CREATE_DEP_ID_, CREATE_BY_, CREATE_TIME_, UPDATE_BY_, UPDATE_TIME_, APP_ID_)
        VALUES ('1363005550629212162', '1280758128721715202', '公司新闻', 'companyNews', '公司新闻', 2, '0.1363005550629212162.', '0', '1', NULL, '1', '2021-02-20 00:00:00', '1', '2021-07-28 16:20:36', NULL);

INSERT INTO sys_dic(DIC_ID_, TREE_ID_, NAME_, VALUE_, DESCP_, SN_, PATH_, PARENT_ID_, TENANT_ID_, CREATE_DEP_ID_, CREATE_BY_, CREATE_TIME_, UPDATE_BY_, UPDATE_TIME_, APP_ID_)
        VALUES ('1371654336712716290', '1371654204495671298', 'UserTask', 'bpmn:UserTask', '用户任务', 1, '0.1371654336712716290.', '0', '1', '1', '1', '2021-03-16 00:00:00', NULL, '2021-03-16 00:00:00', NULL);

INSERT INTO sys_dic(DIC_ID_, TREE_ID_, NAME_, VALUE_, DESCP_, SN_, PATH_, PARENT_ID_, TENANT_ID_, CREATE_DEP_ID_, CREATE_BY_, CREATE_TIME_, UPDATE_BY_, UPDATE_TIME_, APP_ID_)
        VALUES ('1371654336767242242', '1371654204495671298', 'ReceiveTask', 'bpmn:ReceiveTask', '接收任务', 1, '0.1371654336767242242.', '0', '1', '1', '1', '2021-03-16 00:00:00', NULL, '2021-03-16 00:00:00', NULL);


INSERT INTO sys_menu(MENU_ID_, APP_ID_, NAME_, ICON_PC_, ICON_PIC_, ICON_APP_, PARENT_ID_, PATH_, SN_, SHOW_TYPE_, MENU_KEY_, MENU_TYPE_, COMPONENT_, SETTING_TYPE_, BO_LIST_KEY_, URL_, METHOD_, PARAMS_, TENANT_ID_, CREATE_DEP_ID_, CREATE_BY_, CREATE_TIME_, UPDATE_BY_, UPDATE_TIME_)
        VALUES ('10', '1208980200670081026', '机构类型', '{\"type\":\"brand_logo\",\"icon\":\"file-text\"}', 'file-text', '', '9', '', 1, 'URL', 'instTypeList', 'C', 'modules/user/org/OsInstTypeList', 'custom', NULL, NULL, NULL, '', '0', '', '', '2019-11-08 00:00:00', '1', '2020-09-24 00:00:00');

INSERT INTO sys_menu(MENU_ID_, APP_ID_, NAME_, ICON_PC_, ICON_PIC_, ICON_APP_, PARENT_ID_, PATH_, SN_, SHOW_TYPE_, MENU_KEY_, MENU_TYPE_, COMPONENT_, SETTING_TYPE_, BO_LIST_KEY_, URL_, METHOD_, PARAMS_, TENANT_ID_, CREATE_DEP_ID_, CREATE_BY_, CREATE_TIME_, UPDATE_BY_, UPDATE_TIME_)
        VALUES ('1012', '1', '菜单查询', '', NULL, '', '3', '', 1, '', '', 'F', '', '', NULL, NULL, NULL, '', '0', '', '', NULL, '', NULL);

INSERT INTO sys_menu(MENU_ID_, APP_ID_, NAME_, ICON_PC_, ICON_PIC_, ICON_APP_, PARENT_ID_, PATH_, SN_, SHOW_TYPE_, MENU_KEY_, MENU_TYPE_, COMPONENT_, SETTING_TYPE_, BO_LIST_KEY_, URL_, METHOD_, PARAMS_, TENANT_ID_, CREATE_DEP_ID_, CREATE_BY_, CREATE_TIME_, UPDATE_BY_, UPDATE_TIME_)
        VALUES ('1013', '1', '菜单新增', '', NULL, '', '3', '', 2, '', '', 'F', '', '', NULL, NULL, NULL, '', '0', '', '', NULL, '', NULL);

INSERT INTO sys_menu(MENU_ID_, APP_ID_, NAME_, ICON_PC_, ICON_PIC_, ICON_APP_, PARENT_ID_, PATH_, SN_, SHOW_TYPE_, MENU_KEY_, MENU_TYPE_, COMPONENT_, SETTING_TYPE_, BO_LIST_KEY_, URL_, METHOD_, PARAMS_, TENANT_ID_, CREATE_DEP_ID_, CREATE_BY_, CREATE_TIME_, UPDATE_BY_, UPDATE_TIME_)
        VALUES ('1014', '1', '菜单修改', '', NULL, '', '3', '', 3, '', '', 'F', '', '', NULL, NULL, NULL, '', '0', '', '', NULL, '', NULL);

INSERT INTO sys_menu(MENU_ID_, APP_ID_, NAME_, ICON_PC_, ICON_PIC_, ICON_APP_, PARENT_ID_, PATH_, SN_, SHOW_TYPE_, MENU_KEY_, MENU_TYPE_, COMPONENT_, SETTING_TYPE_, BO_LIST_KEY_, URL_, METHOD_, PARAMS_, TENANT_ID_, CREATE_DEP_ID_, CREATE_BY_, CREATE_TIME_, UPDATE_BY_, UPDATE_TIME_)
        VALUES ('1015', '1', '菜单删除', '', NULL, '', '3', '', 4, '', '', 'F', '', '', NULL, NULL, NULL, '', '0', '', '', NULL, '', NULL);

INSERT INTO sys_menu(MENU_ID_, APP_ID_, NAME_, ICON_PC_, ICON_PIC_, ICON_APP_, PARENT_ID_, PATH_, SN_, SHOW_TYPE_, MENU_KEY_, MENU_TYPE_, COMPONENT_, SETTING_TYPE_, BO_LIST_KEY_, URL_, METHOD_, PARAMS_, TENANT_ID_, CREATE_DEP_ID_, CREATE_BY_, CREATE_TIME_, UPDATE_BY_, UPDATE_TIME_)
        VALUES ('11', '1208980200670081026', '机构列表', '{\"type\":\"brand_logo\",\"icon\":\"hdd\"}', 'hdd', '', '9', '', 2, 'URL', 'instList', 'C', 'modules/user/org/OsInstList', 'custom', NULL, NULL, NULL, '', '0', '', '', '2019-11-08 00:00:00', '1', '2020-09-24 00:00:00');

INSERT INTO sys_menu(MENU_ID_, APP_ID_, NAME_, ICON_PC_, ICON_PIC_, ICON_APP_, PARENT_ID_, PATH_, SN_, SHOW_TYPE_, MENU_KEY_, MENU_TYPE_, COMPONENT_, SETTING_TYPE_, BO_LIST_KEY_, URL_, METHOD_, PARAMS_, TENANT_ID_, CREATE_DEP_ID_, CREATE_BY_, CREATE_TIME_, UPDATE_BY_, UPDATE_TIME_)
        VALUES ('1112', '1', '用户查询', '', NULL, '', '1192843171666280450', '', 1, '', 'q', 'F', '', '', NULL, NULL, NULL, '', '0', '', '', NULL, '', '2019-11-09 00:00:00');

INSERT INTO sys_menu(MENU_ID_, APP_ID_, NAME_, ICON_PC_, ICON_PIC_, ICON_APP_, PARENT_ID_, PATH_, SN_, SHOW_TYPE_, MENU_KEY_, MENU_TYPE_, COMPONENT_, SETTING_TYPE_, BO_LIST_KEY_, URL_, METHOD_, PARAMS_, TENANT_ID_, CREATE_DEP_ID_, CREATE_BY_, CREATE_TIME_, UPDATE_BY_, UPDATE_TIME_)
        VALUES ('1113', '1', '用户新增', '', NULL, '', '1192843171666280450', '', 2, '', 'l', 'F', '', '', NULL, NULL, NULL, '', '0', '', '', NULL, '', '2019-11-09 00:00:00');

INSERT INTO sys_menu(MENU_ID_, APP_ID_, NAME_, ICON_PC_, ICON_PIC_, ICON_APP_, PARENT_ID_, PATH_, SN_, SHOW_TYPE_, MENU_KEY_, MENU_TYPE_, COMPONENT_, SETTING_TYPE_, BO_LIST_KEY_, URL_, METHOD_, PARAMS_, TENANT_ID_, CREATE_DEP_ID_, CREATE_BY_, CREATE_TIME_, UPDATE_BY_, UPDATE_TIME_)
        VALUES ('1114', '1', '用户修改', '', NULL, '', '1192843171666280450', '', 3, '', 'm', 'F', '', '', NULL, NULL, NULL, '', '0', '', '', NULL, '', '2019-11-09 00:00:00');

INSERT INTO sys_menu(MENU_ID_, APP_ID_, NAME_, ICON_PC_, ICON_PIC_, ICON_APP_, PARENT_ID_, PATH_, SN_, SHOW_TYPE_, MENU_KEY_, MENU_TYPE_, COMPONENT_, SETTING_TYPE_, BO_LIST_KEY_, URL_, METHOD_, PARAMS_, TENANT_ID_, CREATE_DEP_ID_, CREATE_BY_, CREATE_TIME_, UPDATE_BY_, UPDATE_TIME_)
        VALUES ('1115', '1', '用户删除', '', NULL, '', '1192843171666280450', '', 4, '', 'd', 'F', '', '', NULL, NULL, NULL, '', '0', '', '', NULL, '', '2019-11-09 00:00:00');

INSERT INTO sys_menu(MENU_ID_, APP_ID_, NAME_, ICON_PC_, ICON_PIC_, ICON_APP_, PARENT_ID_, PATH_, SN_, SHOW_TYPE_, MENU_KEY_, MENU_TYPE_, COMPONENT_, SETTING_TYPE_, BO_LIST_KEY_, URL_, METHOD_, PARAMS_, TENANT_ID_, CREATE_DEP_ID_, CREATE_BY_, CREATE_TIME_, UPDATE_BY_, UPDATE_TIME_)
        VALUES ('1192840639556567041', '1208980200670081026', '扩展定义', '{\"type\":\"brand_logo\",\"icon\":\"solution\"}', 'solution', '', '0', '', 5, 'URL', 'rel', 'C', 'BlankLayout', 'custom', NULL, NULL, NULL, '', '0', '', '', '2019-11-08 00:00:00', '1', '2020-09-24 00:00:00');

INSERT INTO sys_menu(MENU_ID_, APP_ID_, NAME_, ICON_PC_, ICON_PIC_, ICON_APP_, PARENT_ID_, PATH_, SN_, SHOW_TYPE_, MENU_KEY_, MENU_TYPE_, COMPONENT_, SETTING_TYPE_, BO_LIST_KEY_, URL_, METHOD_, PARAMS_, TENANT_ID_, CREATE_DEP_ID_, CREATE_BY_, CREATE_TIME_, UPDATE_BY_, UPDATE_TIME_)
        VALUES ('1192840820951826434', '1208980200670081026', '关系定义', '{\"type\":\"brand_logo\",\"icon\":\"gateway\"}', 'gateway', '', '1192840639556567041', '', 1, 'URL', 'relTypeList', 'C', 'modules/user/org/OsRelTypeList', 'custom', NULL, NULL, NULL, '', '0', '', '', '2019-11-08 00:00:00', '1', '2020-09-24 00:00:00');

INSERT INTO sys_menu(MENU_ID_, APP_ID_, NAME_, ICON_PC_, ICON_PIC_, ICON_APP_, PARENT_ID_, PATH_, SN_, SHOW_TYPE_, MENU_KEY_, MENU_TYPE_, COMPONENT_, SETTING_TYPE_, BO_LIST_KEY_, URL_, METHOD_, PARAMS_, TENANT_ID_, CREATE_DEP_ID_, CREATE_BY_, CREATE_TIME_, UPDATE_BY_, UPDATE_TIME_)
        VALUES ('1192842689568784386', '1208980200670081026', '用户管理', '{\"type\":\"brand_logo\",\"icon\":\"usergroup-add\"}', 'usergroup-add', '', '0', '', 2, 'URL', 'userMgr', 'C', 'BlankLayout', 'custom', NULL, NULL, NULL, '', '0', '', '', '2019-11-08 00:00:00', '1', '2020-09-24 00:00:00');

INSERT INTO sys_menu(MENU_ID_, APP_ID_, NAME_, ICON_PC_, ICON_PIC_, ICON_APP_, PARENT_ID_, PATH_, SN_, SHOW_TYPE_, MENU_KEY_, MENU_TYPE_, COMPONENT_, SETTING_TYPE_, BO_LIST_KEY_, URL_, METHOD_, PARAMS_, TENANT_ID_, CREATE_DEP_ID_, CREATE_BY_, CREATE_TIME_, UPDATE_BY_, UPDATE_TIME_)
        VALUES ('1192842980397629441', '1208980200670081026', '用户类型', '{\"type\":\"brand_logo\",\"icon\":\"contacts\"}', 'contacts', '', '1192842689568784386', '', 1, 'URL', 'userTypeList', 'C', 'modules/user/org/OsUserTypeList', 'custom', NULL, NULL, NULL, '', '0', '', '', '2019-11-08 00:00:00', '1', '2020-09-24 00:00:00');

INSERT INTO sys_menu(MENU_ID_, APP_ID_, NAME_, ICON_PC_, ICON_PIC_, ICON_APP_, PARENT_ID_, PATH_, SN_, SHOW_TYPE_, MENU_KEY_, MENU_TYPE_, COMPONENT_, SETTING_TYPE_, BO_LIST_KEY_, URL_, METHOD_, PARAMS_, TENANT_ID_, CREATE_DEP_ID_, CREATE_BY_, CREATE_TIME_, UPDATE_BY_, UPDATE_TIME_)
        VALUES ('1192843171666280450', '1208980200670081026', '用户列表', '{\"type\":\"brand_logo\",\"icon\":\"user\"}', 'user', '', '1192842689568784386', '', 1, 'URL', 'OsUserList', 'C', 'modules/user/org/OsUserList', 'custom', NULL, NULL, NULL, '', '0', '', '', '2019-11-08 00:00:00', '1', '2020-09-24 00:00:00');

INSERT INTO sys_menu(MENU_ID_, APP_ID_, NAME_, ICON_PC_, ICON_PIC_, ICON_APP_, PARENT_ID_, PATH_, SN_, SHOW_TYPE_, MENU_KEY_, MENU_TYPE_, COMPONENT_, SETTING_TYPE_, BO_LIST_KEY_, URL_, METHOD_, PARAMS_, TENANT_ID_, CREATE_DEP_ID_, CREATE_BY_, CREATE_TIME_, UPDATE_BY_, UPDATE_TIME_)
        VALUES ('12', '1208980200670081026', '组织部门', '{\"type\":\"brand_logo\",\"icon\":\"database\"}', 'database', '', '0', '', 1, 'URL', 'di', 'C', 'BlankLayout', 'custom', NULL, NULL, NULL, '', '0', '', '', '2019-11-08 00:00:00', '1', '2020-09-24 00:00:00');

INSERT INTO sys_menu(MENU_ID_, APP_ID_, NAME_, ICON_PC_, ICON_PIC_, ICON_APP_, PARENT_ID_, PATH_, SN_, SHOW_TYPE_, MENU_KEY_, MENU_TYPE_, COMPONENT_, SETTING_TYPE_, BO_LIST_KEY_, URL_, METHOD_, PARAMS_, TENANT_ID_, CREATE_DEP_ID_, CREATE_BY_, CREATE_TIME_, UPDATE_BY_, UPDATE_TIME_)
        VALUES ('1200063412336365569', '1208980374695948289', '系统分类', '{\"type\":\"brand_logo\",\"icon\":\"project\"}', 'project', '', '1260748542887034882', '0.1260748542887034882.1200063412336365569.', 1, 'URL', 'sysTreeCatList', 'C', 'modules/system/core/SysTreeCatList', 'custom', NULL, NULL, NULL, '', '0', '', '', '2019-11-28 00:00:00', '1', '2020-09-24 00:00:00');

INSERT INTO sys_menu(MENU_ID_, APP_ID_, NAME_, ICON_PC_, ICON_PIC_, ICON_APP_, PARENT_ID_, PATH_, SN_, SHOW_TYPE_, MENU_KEY_, MENU_TYPE_, COMPONENT_, SETTING_TYPE_, BO_LIST_KEY_, URL_, METHOD_, PARAMS_, TENANT_ID_, CREATE_DEP_ID_, CREATE_BY_, CREATE_TIME_, UPDATE_BY_, UPDATE_TIME_)
        VALUES ('1200071564951851010', '1208980476072275970', '流程定义', '{\"type\":\"brand_logo\",\"icon\":\"share-alt\"}', 'share-alt', '', '0', '', 1, 'URL', 'bpmDefList', 'C', 'modules/bpm/core/BpmDefList', 'custom', NULL, NULL, NULL, '', '0', '', '', '2019-11-28 00:00:00', '1', '2020-09-24 00:00:00');

INSERT INTO sys_menu(MENU_ID_, APP_ID_, NAME_, ICON_PC_, ICON_PIC_, ICON_APP_, PARENT_ID_, PATH_, SN_, SHOW_TYPE_, MENU_KEY_, MENU_TYPE_, COMPONENT_, SETTING_TYPE_, BO_LIST_KEY_, URL_, METHOD_, PARAMS_, TENANT_ID_, CREATE_DEP_ID_, CREATE_BY_, CREATE_TIME_, UPDATE_BY_, UPDATE_TIME_)
        VALUES ('1201125270560563202', '1208980374695948289', '系统分类树', '{\"type\":\"brand_logo\",\"icon\":\"cluster\"}', 'cluster', '', '1260748542887034882', '0.1260748542887034882.1201125270560563202.', 2, 'URL', 'sysTreeList', 'C', 'modules/system/core/SysTreeList', 'custom', NULL, NULL, NULL, '', '0', '', '', '2019-12-01 00:00:00', '1', '2020-09-24 00:00:00');

INSERT INTO sys_menu(MENU_ID_, APP_ID_, NAME_, ICON_PC_, ICON_PIC_, ICON_APP_, PARENT_ID_, PATH_, SN_, SHOW_TYPE_, MENU_KEY_, MENU_TYPE_, COMPONENT_, SETTING_TYPE_, BO_LIST_KEY_, URL_, METHOD_, PARAMS_, TENANT_ID_, CREATE_DEP_ID_, CREATE_BY_, CREATE_TIME_, UPDATE_BY_, UPDATE_TIME_)
        VALUES ('1202615098250752002', '1208980476072275970', '流程实例', '{\"type\":\"brand_logo\",\"icon\":\"fork\"}', 'fork', '', '0', '', 2, 'URL', 'bpmInstList', 'C', 'modules/bpm/core/BpmInstList', 'custom', NULL, NULL, NULL, '', '0', '', '', '2019-12-05 00:00:00', '1', '2020-09-24 00:00:00');

INSERT INTO sys_menu(MENU_ID_, APP_ID_, NAME_, ICON_PC_, ICON_PIC_, ICON_APP_, PARENT_ID_, PATH_, SN_, SHOW_TYPE_, MENU_KEY_, MENU_TYPE_, COMPONENT_, SETTING_TYPE_, BO_LIST_KEY_, URL_, METHOD_, PARAMS_, TENANT_ID_, CREATE_DEP_ID_, CREATE_BY_, CREATE_TIME_, UPDATE_BY_, UPDATE_TIME_)
        VALUES ('1202615504901107713', '1208980476072275970', '流程任务', '{\"type\":\"editor\",\"icon\":\"form\"}', 'form', '', '0', '', 5, 'URL', 'bpmTaskList', 'C', 'modules/bpm/core/BpmTaskList', 'custom', NULL, NULL, NULL, '', '0', '', '', '2019-12-05 00:00:00', '1', '2020-09-24 00:00:00');

INSERT INTO sys_menu(MENU_ID_, APP_ID_, NAME_, ICON_PC_, ICON_PIC_, ICON_APP_, PARENT_ID_, PATH_, SN_, SHOW_TYPE_, MENU_KEY_, MENU_TYPE_, COMPONENT_, SETTING_TYPE_, BO_LIST_KEY_, URL_, METHOD_, PARAMS_, TENANT_ID_, CREATE_DEP_ID_, CREATE_BY_, CREATE_TIME_, UPDATE_BY_, UPDATE_TIME_)
        VALUES ('1203542002503778306', '1208980374695948289', '数字字典', '{\"type\":\"brand_logo\",\"icon\":\"database\"}', 'database', '', '1260748542887034882', '0.1260748542887034882.1203542002503778306.', 3, 'URL', 'sysDicList', 'C', 'modules/system/core/SysDicList', 'custom', NULL, NULL, NULL, '', '0', '', '', '2019-12-08 00:00:00', '1', '2020-09-24 00:00:00');

INSERT INTO sys_menu(MENU_ID_, APP_ID_, NAME_, ICON_PC_, ICON_PIC_, ICON_APP_, PARENT_ID_, PATH_, SN_, SHOW_TYPE_, MENU_KEY_, MENU_TYPE_, COMPONENT_, SETTING_TYPE_, BO_LIST_KEY_, URL_, METHOD_, PARAMS_, TENANT_ID_, CREATE_DEP_ID_, CREATE_BY_, CREATE_TIME_, UPDATE_BY_, UPDATE_TIME_)
        VALUES ('1207193355854483457', '1208980374695948289', '菜单管理', '{\"type\":\"brand_logo\",\"icon\":\"code\"}', 'code', '', '0', '', 1, 'URL', 'sysMenu', 'C', 'modules/system/core/SysMenuList', 'custom', NULL, NULL, NULL, '', '0', '', '', '2019-12-18 00:00:00', '1', '2020-09-24 00:00:00');

INSERT INTO sys_menu(MENU_ID_, APP_ID_, NAME_, ICON_PC_, ICON_PIC_, ICON_APP_, PARENT_ID_, PATH_, SN_, SHOW_TYPE_, MENU_KEY_, MENU_TYPE_, COMPONENT_, SETTING_TYPE_, BO_LIST_KEY_, URL_, METHOD_, PARAMS_, TENANT_ID_, CREATE_DEP_ID_, CREATE_BY_, CREATE_TIME_, UPDATE_BY_, UPDATE_TIME_)
        VALUES ('1208732245116686338', '1208980374695948289', '系统应用', '{\"type\":\"brand_logo\",\"icon\":\"folder-add\"}', 'folder-add', '', '0', '', 10, 'URL', 'sysAppList', 'C', 'modules/system/core/SysAppList', 'custom', NULL, NULL, NULL, '', '0', '', '1', '2019-12-22 00:00:00', '1', '2020-09-24 00:00:00');

INSERT INTO sys_menu(MENU_ID_, APP_ID_, NAME_, ICON_PC_, ICON_PIC_, ICON_APP_, PARENT_ID_, PATH_, SN_, SHOW_TYPE_, MENU_KEY_, MENU_TYPE_, COMPONENT_, SETTING_TYPE_, BO_LIST_KEY_, URL_, METHOD_, PARAMS_, TENANT_ID_, CREATE_DEP_ID_, CREATE_BY_, CREATE_TIME_, UPDATE_BY_, UPDATE_TIME_)
        VALUES ('1211585626864992257', '1211584063094243329', '栏目定义', '{\"type\":\"brand_logo\",\"icon\":\"table\"}', 'table', '', '0', '0.1211585626864992257.', 4, 'URL', 'insColumn', 'C', 'modules/portal/core/InsColumnDefList', 'custom', NULL, NULL, NULL, '', '0', '2', '1', '2019-12-30 00:00:00', '1', '2020-09-24 00:00:00');

INSERT INTO sys_menu(MENU_ID_, APP_ID_, NAME_, ICON_PC_, ICON_PIC_, ICON_APP_, PARENT_ID_, PATH_, SN_, SHOW_TYPE_, MENU_KEY_, MENU_TYPE_, COMPONENT_, SETTING_TYPE_, BO_LIST_KEY_, URL_, METHOD_, PARAMS_, TENANT_ID_, CREATE_DEP_ID_, CREATE_BY_, CREATE_TIME_, UPDATE_BY_, UPDATE_TIME_)
        VALUES ('1211861757814603777', '1211584063094243329', '门户定义', '{\"type\":\"customIcon\",\"icon\":\"icondynamic\"}', 'icondynamic', '', '0', '0.1211861757814603777.', 6, 'URL', 'insPortalDef', 'C', 'modules/portal/core/InsPortalDefList', 'custom', NULL, NULL, NULL, '', '0', '2', '1', '2019-12-31 00:00:00', '1', '2020-09-24 00:00:00');

INSERT INTO sys_menu(MENU_ID_, APP_ID_, NAME_, ICON_PC_, ICON_PIC_, ICON_APP_, PARENT_ID_, PATH_, SN_, SHOW_TYPE_, MENU_KEY_, MENU_TYPE_, COMPONENT_, SETTING_TYPE_, BO_LIST_KEY_, URL_, METHOD_, PARAMS_, TENANT_ID_, CREATE_DEP_ID_, CREATE_BY_, CREATE_TIME_, UPDATE_BY_, UPDATE_TIME_)
        VALUES ('1216012199285915649', '1216010678984933378', '单据管理', '{\"type\":\"brand_logo\",\"icon\":\"file-text\"}', 'file-text', '', '0', '0.1216012199285915649.', 1, 'URL', 'FormPcList', 'C', 'modules/form/core/FormPcList', 'custom', NULL, NULL, NULL, '', '0', '2', '1', '2020-01-11 00:00:00', '1', '2020-09-24 00:00:00');

INSERT INTO sys_menu(MENU_ID_, APP_ID_, NAME_, ICON_PC_, ICON_PIC_, ICON_APP_, PARENT_ID_, PATH_, SN_, SHOW_TYPE_, MENU_KEY_, MENU_TYPE_, COMPONENT_, SETTING_TYPE_, BO_LIST_KEY_, URL_, METHOD_, PARAMS_, TENANT_ID_, CREATE_DEP_ID_, CREATE_BY_, CREATE_TIME_, UPDATE_BY_, UPDATE_TIME_)
        VALUES ('1226895246382366722', '1208980374695948289', '系统流水号', '{\"type\":\"editor\",\"icon\":\"ordered-list\"}', 'ordered-list', '', '1260748542887034882', '0.1260748542887034882.1226895246382366722.', 4, 'URL', 'sysSeqId', 'C', 'modules/system/core/SysSeqIdList', 'custom', NULL, NULL, NULL, '', '0', '2', '1', '2020-02-10 00:00:00', '1', '2020-09-24 00:00:00');

INSERT INTO sys_menu(MENU_ID_, APP_ID_, NAME_, ICON_PC_, ICON_PIC_, ICON_APP_, PARENT_ID_, PATH_, SN_, SHOW_TYPE_, MENU_KEY_, MENU_TYPE_, COMPONENT_, SETTING_TYPE_, BO_LIST_KEY_, URL_, METHOD_, PARAMS_, TENANT_ID_, CREATE_DEP_ID_, CREATE_BY_, CREATE_TIME_, UPDATE_BY_, UPDATE_TIME_)
        VALUES ('1229238736024264705', '1208980374695948289', '自定义SQL查询', '{\"type\":\"data\",\"icon\":\"fund\"}', 'fund', '', '1260748542887034882', '0.1260748542887034882.1229238736024264705.', 5, 'URL', 'customsql', 'C', 'modules/form/core/FormCustomQueryList', 'custom', NULL, NULL, NULL, '', '0', '2', '1', '2020-02-17 00:00:00', '1', '2020-09-24 00:00:00');

INSERT INTO sys_menu(MENU_ID_, APP_ID_, NAME_, ICON_PC_, ICON_PIC_, ICON_APP_, PARENT_ID_, PATH_, SN_, SHOW_TYPE_, MENU_KEY_, MENU_TYPE_, COMPONENT_, SETTING_TYPE_, BO_LIST_KEY_, URL_, METHOD_, PARAMS_, TENANT_ID_, CREATE_DEP_ID_, CREATE_BY_, CREATE_TIME_, UPDATE_BY_, UPDATE_TIME_)
        VALUES ('1232217594178830338', '1211584063094243329', '消息项目', '{\"type\":\"brand_logo\",\"icon\":\"book\"}', 'book', '', '0', '0.1232217594178830338.', 1, 'URL', 'insMsgDef', 'C', 'modules/portal/core/InsMsgDefList', 'custom', NULL, NULL, NULL, '', '0', '2', '1', '2020-02-25 00:00:00', '1', '2020-09-24 00:00:00');

INSERT INTO sys_menu(MENU_ID_, APP_ID_, NAME_, ICON_PC_, ICON_PIC_, ICON_APP_, PARENT_ID_, PATH_, SN_, SHOW_TYPE_, MENU_KEY_, MENU_TYPE_, COMPONENT_, SETTING_TYPE_, BO_LIST_KEY_, URL_, METHOD_, PARAMS_, TENANT_ID_, CREATE_DEP_ID_, CREATE_BY_, CREATE_TIME_, UPDATE_BY_, UPDATE_TIME_)
        VALUES ('1232223000892538881', '1211584063094243329', '消息盒子', '{\"type\":\"brand_logo\",\"icon\":\"credit-card\"}', 'credit-card', '', '0', '0.1232223000892538881.', 2, 'URL', 'insMsgBoxDef', 'C', 'modules/portal/core/InsMsgboxDefList', 'custom', NULL, NULL, NULL, '', '0', '2', '1', '2020-02-25 00:00:00', '1', '2020-09-24 00:00:00');

INSERT INTO sys_menu(MENU_ID_, APP_ID_, NAME_, ICON_PC_, ICON_PIC_, ICON_APP_, PARENT_ID_, PATH_, SN_, SHOW_TYPE_, MENU_KEY_, MENU_TYPE_, COMPONENT_, SETTING_TYPE_, BO_LIST_KEY_, URL_, METHOD_, PARAMS_, TENANT_ID_, CREATE_DEP_ID_, CREATE_BY_, CREATE_TIME_, UPDATE_BY_, UPDATE_TIME_)
        VALUES ('1234752717012910081', '1216010678984933378', '数据源管理', '{\"type\":\"brand_logo\",\"icon\":\"share-alt\"}', 'share-alt', '', '1274947857612177410', '0.1274947857612177410.1234752717012910081.', 3, 'URL', 'datasourceList', 'C', 'modules/form/core/FormDataSourceDefList', 'custom', NULL, NULL, NULL, '', '0', '2', '1', '2020-03-03 00:00:00', '1', '2020-09-24 00:00:00');

INSERT INTO sys_menu(MENU_ID_, APP_ID_, NAME_, ICON_PC_, ICON_PIC_, ICON_APP_, PARENT_ID_, PATH_, SN_, SHOW_TYPE_, MENU_KEY_, MENU_TYPE_, COMPONENT_, SETTING_TYPE_, BO_LIST_KEY_, URL_, METHOD_, PARAMS_, TENANT_ID_, CREATE_DEP_ID_, CREATE_BY_, CREATE_TIME_, UPDATE_BY_, UPDATE_TIME_)
        VALUES ('1234753134522318850', '1216010678984933378', '对话框定义', '{\"type\":\"brand_logo\",\"icon\":\"credit-card\"}', 'credit-card', '', '1274947857612177410', '0.1274947857612177410.1234753134522318850.', 5, 'URL', 'formBoListDialog', 'C', 'modules/form/core/FormBoListDialogs', 'custom', NULL, NULL, NULL, '', '0', '2', '1', '2020-03-03 00:00:00', '1', '2020-09-24 00:00:00');

INSERT INTO sys_menu(MENU_ID_, APP_ID_, NAME_, ICON_PC_, ICON_PIC_, ICON_APP_, PARENT_ID_, PATH_, SN_, SHOW_TYPE_, MENU_KEY_, MENU_TYPE_, COMPONENT_, SETTING_TYPE_, BO_LIST_KEY_, URL_, METHOD_, PARAMS_, TENANT_ID_, CREATE_DEP_ID_, CREATE_BY_, CREATE_TIME_, UPDATE_BY_, UPDATE_TIME_)
        VALUES ('1235736062029025281', '1216010678984933378', '表单方案', '{\"type\":\"brand_logo\",\"icon\":\"reconciliation\"}', 'reconciliation', '', '0', '0.1235736062029025281.', 5, 'URL', 'formSolution', 'C', 'modules/form/core/FormSolutionList.vue', 'custom', NULL, NULL, NULL, '', '0', '2', '1', '2020-03-06 00:00:00', '1', '2020-09-24 00:00:00');

INSERT INTO sys_menu(MENU_ID_, APP_ID_, NAME_, ICON_PC_, ICON_PIC_, ICON_APP_, PARENT_ID_, PATH_, SN_, SHOW_TYPE_, MENU_KEY_, MENU_TYPE_, COMPONENT_, SETTING_TYPE_, BO_LIST_KEY_, URL_, METHOD_, PARAMS_, TENANT_ID_, CREATE_DEP_ID_, CREATE_BY_, CREATE_TIME_, UPDATE_BY_, UPDATE_TIME_)
        VALUES ('1235770029288288257', '1211584063094243329', '新闻公告', '{\"type\":\"brand_logo\",\"icon\":\"profile\"}', 'profile', '', '0', '0.1235770029288288257.', 3, 'URL', 'insNews', 'C', 'modules/portal/core/InsNewsList', 'custom', NULL, NULL, NULL, '', '0', '2', '1', '2020-03-06 00:00:00', '1', '2020-09-24 00:00:00');

INSERT INTO sys_menu(MENU_ID_, APP_ID_, NAME_, ICON_PC_, ICON_PIC_, ICON_APP_, PARENT_ID_, PATH_, SN_, SHOW_TYPE_, MENU_KEY_, MENU_TYPE_, COMPONENT_, SETTING_TYPE_, BO_LIST_KEY_, URL_, METHOD_, PARAMS_, TENANT_ID_, CREATE_DEP_ID_, CREATE_BY_, CREATE_TIME_, UPDATE_BY_, UPDATE_TIME_)
        VALUES ('1237568297940049922', '1216010678984933378', '数据列表', '{\"type\":\"customIcon\",\"icon\":\"iconcreatetask\"}', 'iconcreatetask', '', '0', '0.1237568297940049922.', 6, 'URL', 'formBoListList', 'C', 'modules/form/core/FormBoListList', 'custom', NULL, NULL, NULL, '', '1', '2', '1', '2020-03-11 00:00:00', '1', '2020-09-24 00:00:00');

INSERT INTO sys_menu(MENU_ID_, APP_ID_, NAME_, ICON_PC_, ICON_PIC_, ICON_APP_, PARENT_ID_, PATH_, SN_, SHOW_TYPE_, MENU_KEY_, MENU_TYPE_, COMPONENT_, SETTING_TYPE_, BO_LIST_KEY_, URL_, METHOD_, PARAMS_, TENANT_ID_, CREATE_DEP_ID_, CREATE_BY_, CREATE_TIME_, UPDATE_BY_, UPDATE_TIME_)
        VALUES ('1243419186959482881', '1208980374695948289', '系统参数', '{\"type\":\"brand_logo\",\"icon\":\"project\"}', 'project', '', '0', '0.1243419186959482881.', 6, 'URL', 'sysProperties', 'C', 'modules/system/core/SysPropertiesConfig', 'custom', NULL, NULL, NULL, '', '0', '1', '1', '2020-03-27 00:00:00', '1', '2020-09-24 00:00:00');

INSERT INTO sys_menu(MENU_ID_, APP_ID_, NAME_, ICON_PC_, ICON_PIC_, ICON_APP_, PARENT_ID_, PATH_, SN_, SHOW_TYPE_, MENU_KEY_, MENU_TYPE_, COMPONENT_, SETTING_TYPE_, BO_LIST_KEY_, URL_, METHOD_, PARAMS_, TENANT_ID_, CREATE_DEP_ID_, CREATE_BY_, CREATE_TIME_, UPDATE_BY_, UPDATE_TIME_)
        VALUES ('1244447241742184449', '1216010678984933378', '业务模型管理', '{\"type\":\"data\",\"icon\":\"line-chart\"}', 'line-chart', '', '1260755253341421570', '0.1260755253341421570.1244447241742184449.', 1, 'URL', 'formBoDef', 'C', 'modules/form/bo/FormBoDefList', 'custom', NULL, NULL, NULL, '', '0', '1', '1', '2020-03-30 00:00:00', '1', '2020-09-16 00:00:00');

INSERT INTO sys_menu(MENU_ID_, APP_ID_, NAME_, ICON_PC_, ICON_PIC_, ICON_APP_, PARENT_ID_, PATH_, SN_, SHOW_TYPE_, MENU_KEY_, MENU_TYPE_, COMPONENT_, SETTING_TYPE_, BO_LIST_KEY_, URL_, METHOD_, PARAMS_, TENANT_ID_, CREATE_DEP_ID_, CREATE_BY_, CREATE_TIME_, UPDATE_BY_, UPDATE_TIME_)
        VALUES ('1244447341415624705', '1216010678984933378', '业务实体管理', '{\"type\":\"data\",\"icon\":\"dot-chart\"}', 'dot-chart', '', '1260755253341421570', '0.1260755253341421570.1244447341415624705.', 2, 'URL', 'formBoEntity', 'C', 'modules/form/bo/FormBoEntityList', 'custom', NULL, NULL, NULL, '', '0', '1', '1', '2020-03-30 00:00:00', '1', '2020-09-24 00:00:00');

INSERT INTO sys_menu(MENU_ID_, APP_ID_, NAME_, ICON_PC_, ICON_PIC_, ICON_APP_, PARENT_ID_, PATH_, SN_, SHOW_TYPE_, MENU_KEY_, MENU_TYPE_, COMPONENT_, SETTING_TYPE_, BO_LIST_KEY_, URL_, METHOD_, PARAMS_, TENANT_ID_, CREATE_DEP_ID_, CREATE_BY_, CREATE_TIME_, UPDATE_BY_, UPDATE_TIME_)
        VALUES ('1248505134808322050', '1216010678984933378', '新增', '', NULL, '', '1237568297940049922', '', 1, '', 'list_Add', 'F', '', '', NULL, NULL, NULL, '', '0', '1', '1', '2020-04-10 00:00:00', '1', '2020-09-24 00:00:00');

INSERT INTO sys_menu(MENU_ID_, APP_ID_, NAME_, ICON_PC_, ICON_PIC_, ICON_APP_, PARENT_ID_, PATH_, SN_, SHOW_TYPE_, MENU_KEY_, MENU_TYPE_, COMPONENT_, SETTING_TYPE_, BO_LIST_KEY_, URL_, METHOD_, PARAMS_, TENANT_ID_, CREATE_DEP_ID_, CREATE_BY_, CREATE_TIME_, UPDATE_BY_, UPDATE_TIME_)
        VALUES ('1248505135328415745', '1216010678984933378', '编辑', '', NULL, '', '1237568297940049922', '', 2, '', 'list_Edit', 'F', '', '', NULL, NULL, NULL, '', '0', '1', '1', '2020-04-10 00:00:00', '1', '2020-09-24 00:00:00');

INSERT INTO sys_menu(MENU_ID_, APP_ID_, NAME_, ICON_PC_, ICON_PIC_, ICON_APP_, PARENT_ID_, PATH_, SN_, SHOW_TYPE_, MENU_KEY_, MENU_TYPE_, COMPONENT_, SETTING_TYPE_, BO_LIST_KEY_, URL_, METHOD_, PARAMS_, TENANT_ID_, CREATE_DEP_ID_, CREATE_BY_, CREATE_TIME_, UPDATE_BY_, UPDATE_TIME_)
        VALUES ('1248505135357775873', '1216010678984933378', '明细', '', NULL, '', '1237568297940049922', '', 3, '', 'list_Detail', 'F', '', '', NULL, NULL, NULL, '', '0', '1', '1', '2020-04-10 00:00:00', '1', '2020-09-24 00:00:00');

INSERT INTO sys_menu(MENU_ID_, APP_ID_, NAME_, ICON_PC_, ICON_PIC_, ICON_APP_, PARENT_ID_, PATH_, SN_, SHOW_TYPE_, MENU_KEY_, MENU_TYPE_, COMPONENT_, SETTING_TYPE_, BO_LIST_KEY_, URL_, METHOD_, PARAMS_, TENANT_ID_, CREATE_DEP_ID_, CREATE_BY_, CREATE_TIME_, UPDATE_BY_, UPDATE_TIME_)
        VALUES ('1248505135387136002', '1216010678984933378', '自定义', '', NULL, '', '1237568297940049922', '', 4, '', 'dd', 'F', '', '', NULL, NULL, NULL, '', '0', '1', '1', '2020-04-10 00:00:00', '1', '2020-09-24 00:00:00');

INSERT INTO sys_menu(MENU_ID_, APP_ID_, NAME_, ICON_PC_, ICON_PIC_, ICON_APP_, PARENT_ID_, PATH_, SN_, SHOW_TYPE_, MENU_KEY_, MENU_TYPE_, COMPONENT_, SETTING_TYPE_, BO_LIST_KEY_, URL_, METHOD_, PARAMS_, TENANT_ID_, CREATE_DEP_ID_, CREATE_BY_, CREATE_TIME_, UPDATE_BY_, UPDATE_TIME_)
        VALUES ('1249889565586513922', '1216010678984933378', '表间公式', '{\"type\":\"brand_logo\",\"icon\":\"hdd\"}', 'hdd', '', '1274947857612177410', '0.1274947857612177410.1249889565586513922.', 1, 'URL', 'formTableFormula', 'C', 'modules/form/core/FormTableFormulaList', 'custom', NULL, NULL, NULL, '', '1', '1', '1', '2020-04-14 00:00:00', '1', '2020-09-24 00:00:00');

INSERT INTO sys_menu(MENU_ID_, APP_ID_, NAME_, ICON_PC_, ICON_PIC_, ICON_APP_, PARENT_ID_, PATH_, SN_, SHOW_TYPE_, MENU_KEY_, MENU_TYPE_, COMPONENT_, SETTING_TYPE_, BO_LIST_KEY_, URL_, METHOD_, PARAMS_, TENANT_ID_, CREATE_DEP_ID_, CREATE_BY_, CREATE_TIME_, UPDATE_BY_, UPDATE_TIME_)
        VALUES ('1252486733648441345', '1208980374695948289', '权限转移设计', '{\"type\":\"brand_logo\",\"icon\":\"file\"}', 'file', '', '1260751330262089729', '0.1260751330262089729.1252486733648441345.', 1, 'URL', 'sysTransferSetting', 'C', 'modules/system/core/SysTransferSettingList', 'custom', NULL, NULL, NULL, '', '0', '1', '1', '2020-04-21 00:00:00', '1', '2020-09-24 00:00:00');

INSERT INTO sys_menu(MENU_ID_, APP_ID_, NAME_, ICON_PC_, ICON_PIC_, ICON_APP_, PARENT_ID_, PATH_, SN_, SHOW_TYPE_, MENU_KEY_, MENU_TYPE_, COMPONENT_, SETTING_TYPE_, BO_LIST_KEY_, URL_, METHOD_, PARAMS_, TENANT_ID_, CREATE_DEP_ID_, CREATE_BY_, CREATE_TIME_, UPDATE_BY_, UPDATE_TIME_)
        VALUES ('1252486873310375938', '1208980374695948289', '权限转移日志', '{\"type\":\"brand_logo\",\"icon\":\"copy\"}', 'copy', '', '1260751330262089729', '0.1260751330262089729.1252486873310375938.', 2, 'URL', 'sysTransferLog', 'C', 'modules/system/core/SysTransferLogList', 'custom', NULL, NULL, NULL, '', '0', '1', '1', '2020-04-21 00:00:00', '1', '2020-09-24 00:00:00');

INSERT INTO sys_menu(MENU_ID_, APP_ID_, NAME_, ICON_PC_, ICON_PIC_, ICON_APP_, PARENT_ID_, PATH_, SN_, SHOW_TYPE_, MENU_KEY_, MENU_TYPE_, COMPONENT_, SETTING_TYPE_, BO_LIST_KEY_, URL_, METHOD_, PARAMS_, TENANT_ID_, CREATE_DEP_ID_, CREATE_BY_, CREATE_TIME_, UPDATE_BY_, UPDATE_TIME_)
        VALUES ('1252503826125074433', '1257928508099674114', '工作交接', '{\"type\":\"directional\",\"icon\":\"swap\"}', 'swap', '', '0', '0.1252503826125074433.', 10, 'URL', 'sysTransferSettingMgr', 'C', 'modules/system/core/SysTransferSettingMgr', 'custom', NULL, NULL, NULL, '', '0', '1', '1', '2020-04-21 00:00:00', '1', '2020-09-24 00:00:00');

INSERT INTO sys_menu(MENU_ID_, APP_ID_, NAME_, ICON_PC_, ICON_PIC_, ICON_APP_, PARENT_ID_, PATH_, SN_, SHOW_TYPE_, MENU_KEY_, MENU_TYPE_, COMPONENT_, SETTING_TYPE_, BO_LIST_KEY_, URL_, METHOD_, PARAMS_, TENANT_ID_, CREATE_DEP_ID_, CREATE_BY_, CREATE_TIME_, UPDATE_BY_, UPDATE_TIME_)
        VALUES ('1253141628290355202', '1208980374695948289', 'WEB请求定义', '{\"type\":\"data\",\"icon\":\"box-plot\"}', 'box-plot', '', '1260748542887034882', '0.1260748542887034882.1253141628290355202.', 6, 'URL', 'sysWebReqDef', 'C', 'modules/system/core/SysWebReqDefList', 'custom', NULL, NULL, NULL, '', '0', '1', '1', '2020-04-23 00:00:00', '1', '2020-09-24 00:00:00');

INSERT INTO sys_menu(MENU_ID_, APP_ID_, NAME_, ICON_PC_, ICON_PIC_, ICON_APP_, PARENT_ID_, PATH_, SN_, SHOW_TYPE_, MENU_KEY_, MENU_TYPE_, COMPONENT_, SETTING_TYPE_, BO_LIST_KEY_, URL_, METHOD_, PARAMS_, TENANT_ID_, CREATE_DEP_ID_, CREATE_BY_, CREATE_TIME_, UPDATE_BY_, UPDATE_TIME_)
        VALUES ('1254597233039491073', '1208980374695948289', '任务调度', '{\"type\":\"brand_logo\",\"icon\":\"copy\"}', 'copy', '', '0', '0.1254597233039491073.', 2, 'URL', 'jobManger', 'C', 'BlankLayout', 'custom', NULL, NULL, NULL, '', '0', '1', '1', '2020-04-27 00:00:00', '1', '2020-09-24 00:00:00');

INSERT INTO sys_menu(MENU_ID_, APP_ID_, NAME_, ICON_PC_, ICON_PIC_, ICON_APP_, PARENT_ID_, PATH_, SN_, SHOW_TYPE_, MENU_KEY_, MENU_TYPE_, COMPONENT_, SETTING_TYPE_, BO_LIST_KEY_, URL_, METHOD_, PARAMS_, TENANT_ID_, CREATE_DEP_ID_, CREATE_BY_, CREATE_TIME_, UPDATE_BY_, UPDATE_TIME_)
        VALUES ('1254981434737713153', '1208980374695948289', '定时器报表', '{\"type\":\"data\",\"icon\":\"bar-chart\"}', 'bar-chart', '', '1254597233039491073', '0.1254597233039491073.1254981434737713153.', 1, 'URL', 'jobIndex', 'C', 'UrlView', 'iframe', NULL, NULL, NULL, '/job/', '0', '1', '1', '2020-04-28 00:00:00', '1', '2020-09-24 00:00:00');

INSERT INTO sys_menu(MENU_ID_, APP_ID_, NAME_, ICON_PC_, ICON_PIC_, ICON_APP_, PARENT_ID_, PATH_, SN_, SHOW_TYPE_, MENU_KEY_, MENU_TYPE_, COMPONENT_, SETTING_TYPE_, BO_LIST_KEY_, URL_, METHOD_, PARAMS_, TENANT_ID_, CREATE_DEP_ID_, CREATE_BY_, CREATE_TIME_, UPDATE_BY_, UPDATE_TIME_)
        VALUES ('1255012367289311233', '1208980374695948289', '任务管理', '{\"type\":\"data\",\"icon\":\"dot-chart\"}', 'dot-chart', '', '1254597233039491073', '0.1254597233039491073.1255012367289311233.', 2, 'URL', 'jobInfo', 'C', 'UrlView', 'iframe', NULL, NULL, NULL, '/job/jobinfo', '0', '1', '1', '2020-04-28 00:00:00', '1', '2020-09-24 00:00:00');

INSERT INTO sys_menu(MENU_ID_, APP_ID_, NAME_, ICON_PC_, ICON_PIC_, ICON_APP_, PARENT_ID_, PATH_, SN_, SHOW_TYPE_, MENU_KEY_, MENU_TYPE_, COMPONENT_, SETTING_TYPE_, BO_LIST_KEY_, URL_, METHOD_, PARAMS_, TENANT_ID_, CREATE_DEP_ID_, CREATE_BY_, CREATE_TIME_, UPDATE_BY_, UPDATE_TIME_)
        VALUES ('1255012498449391618', '1208980374695948289', '调度日志', '{\"type\":\"data\",\"icon\":\"line-chart\"}', 'line-chart', '', '1254597233039491073', '0.1254597233039491073.1255012498449391618.', 3, 'URL', 'joblog', 'C', 'UrlView', 'iframe', NULL, NULL, NULL, '/job/joblog', '0', '1', '1', '2020-04-28 00:00:00', '1', '2020-09-24 00:00:00');

INSERT INTO sys_menu(MENU_ID_, APP_ID_, NAME_, ICON_PC_, ICON_PIC_, ICON_APP_, PARENT_ID_, PATH_, SN_, SHOW_TYPE_, MENU_KEY_, MENU_TYPE_, COMPONENT_, SETTING_TYPE_, BO_LIST_KEY_, URL_, METHOD_, PARAMS_, TENANT_ID_, CREATE_DEP_ID_, CREATE_BY_, CREATE_TIME_, UPDATE_BY_, UPDATE_TIME_)
        VALUES ('1255012627294216194', '1208980374695948289', '执行器管理', '{\"type\":\"data\",\"icon\":\"stock\"}', 'stock', '', '1254597233039491073', '0.1254597233039491073.1255012627294216194.', 4, 'URL', 'jobgroup', 'C', 'UrlView', 'iframe', NULL, NULL, NULL, '/job/jobgroup', '0', '1', '1', '2020-04-28 00:00:00', '1', '2020-09-24 00:00:00');

INSERT INTO sys_menu(MENU_ID_, APP_ID_, NAME_, ICON_PC_, ICON_PIC_, ICON_APP_, PARENT_ID_, PATH_, SN_, SHOW_TYPE_, MENU_KEY_, MENU_TYPE_, COMPONENT_, SETTING_TYPE_, BO_LIST_KEY_, URL_, METHOD_, PARAMS_, TENANT_ID_, CREATE_DEP_ID_, CREATE_BY_, CREATE_TIME_, UPDATE_BY_, UPDATE_TIME_)
        VALUES ('1257962418689892353', '1208980476072275970', '工作日历', '{\"type\":\"brand_logo\",\"icon\":\"table\"}', 'table', '', '0', '0.1257962418689892353.', 6, 'URL', 'BpmCalSetting', 'C', 'modules/bpm/core/BpmCalSettingList', 'custom', NULL, NULL, NULL, 'BpmCalSetting', '0', '1', '1', '2020-05-06 00:00:00', '1', '2020-09-24 00:00:00');

INSERT INTO sys_menu(MENU_ID_, APP_ID_, NAME_, ICON_PC_, ICON_PIC_, ICON_APP_, PARENT_ID_, PATH_, SN_, SHOW_TYPE_, MENU_KEY_, MENU_TYPE_, COMPONENT_, SETTING_TYPE_, BO_LIST_KEY_, URL_, METHOD_, PARAMS_, TENANT_ID_, CREATE_DEP_ID_, CREATE_BY_, CREATE_TIME_, UPDATE_BY_, UPDATE_TIME_)
        VALUES ('1258235847351537665', '1208980476072275970', '班次设置', '{\"type\":\"brand_logo\",\"icon\":\"block\"}', 'block', '', '0', '0.1258235847351537665.', 7, 'URL', 'BpmCalTimeBlock', 'C', 'modules/bpm/core/BpmCalTimeBlockList', 'custom', NULL, NULL, NULL, 'BpmCalTimeBlock', '0', '1', '1', '2020-05-07 00:00:00', '1', '2020-09-24 00:00:00');

INSERT INTO sys_menu(MENU_ID_, APP_ID_, NAME_, ICON_PC_, ICON_PIC_, ICON_APP_, PARENT_ID_, PATH_, SN_, SHOW_TYPE_, MENU_KEY_, MENU_TYPE_, COMPONENT_, SETTING_TYPE_, BO_LIST_KEY_, URL_, METHOD_, PARAMS_, TENANT_ID_, CREATE_DEP_ID_, CREATE_BY_, CREATE_TIME_, UPDATE_BY_, UPDATE_TIME_)
        VALUES ('1258697656622858242', '1257928508099674114', '新建流程', '{\"type\":\"brand_logo\",\"icon\":\"file-add\"}', 'file-add', '', '0', '0.1258697656622858242.', 1, 'URL', 'BpmDefForStart', 'C', 'modules/bpm/ws/BpmDefForStart', 'custom', NULL, NULL, NULL, '', '0', '1', '1', '2020-05-08 00:00:00', '1', '2020-09-24 00:00:00');

INSERT INTO sys_menu(MENU_ID_, APP_ID_, NAME_, ICON_PC_, ICON_PIC_, ICON_APP_, PARENT_ID_, PATH_, SN_, SHOW_TYPE_, MENU_KEY_, MENU_TYPE_, COMPONENT_, SETTING_TYPE_, BO_LIST_KEY_, URL_, METHOD_, PARAMS_, TENANT_ID_, CREATE_DEP_ID_, CREATE_BY_, CREATE_TIME_, UPDATE_BY_, UPDATE_TIME_)
        VALUES ('1258697973154398209', '1257928508099674114', '发起的流程', '{\"type\":\"brand_logo\",\"icon\":\"solution\"}', 'solution', '', '0', '0.1258697973154398209.', 5, 'URL', 'MyBpmInstList', 'C', 'modules/bpm/ws/MyBpmInstList', 'custom', NULL, NULL, NULL, '', '0', '1', '1', '2020-05-08 00:00:00', '1', '2020-09-24 00:00:00');

INSERT INTO sys_menu(MENU_ID_, APP_ID_, NAME_, ICON_PC_, ICON_PIC_, ICON_APP_, PARENT_ID_, PATH_, SN_, SHOW_TYPE_, MENU_KEY_, MENU_TYPE_, COMPONENT_, SETTING_TYPE_, BO_LIST_KEY_, URL_, METHOD_, PARAMS_, TENANT_ID_, CREATE_DEP_ID_, CREATE_BY_, CREATE_TIME_, UPDATE_BY_, UPDATE_TIME_)
        VALUES ('1258698215539032066', '1257928508099674114', '待办事项', '{\"type\":\"brand_logo\",\"icon\":\"exception\"}', 'exception', '', '0', '0.1258698215539032066.', 6, 'URL', 'MyBpmTaskList', 'C', 'modules/bpm/ws/MyBpmTaskList', 'custom', NULL, NULL, NULL, '', '0', '1', '1', '2020-05-08 00:00:00', '1', '2020-09-24 00:00:00');

INSERT INTO sys_menu(MENU_ID_, APP_ID_, NAME_, ICON_PC_, ICON_PIC_, ICON_APP_, PARENT_ID_, PATH_, SN_, SHOW_TYPE_, MENU_KEY_, MENU_TYPE_, COMPONENT_, SETTING_TYPE_, BO_LIST_KEY_, URL_, METHOD_, PARAMS_, TENANT_ID_, CREATE_DEP_ID_, CREATE_BY_, CREATE_TIME_, UPDATE_BY_, UPDATE_TIME_)
        VALUES ('1260748542887034882', '1208980374695948289', '系统工具', '{\"type\":\"brand_logo\",\"icon\":\"tool\"}', 'tool', '', '0', '0.1260748542887034882.', 3, 'URL', 'SystemTools', 'C', 'BlankLayout', 'custom', NULL, NULL, NULL, '', '0', '1', '1', '2020-05-14 00:00:00', '1', '2020-09-24 00:00:00');

INSERT INTO sys_menu(MENU_ID_, APP_ID_, NAME_, ICON_PC_, ICON_PIC_, ICON_APP_, PARENT_ID_, PATH_, SN_, SHOW_TYPE_, MENU_KEY_, MENU_TYPE_, COMPONENT_, SETTING_TYPE_, BO_LIST_KEY_, URL_, METHOD_, PARAMS_, TENANT_ID_, CREATE_DEP_ID_, CREATE_BY_, CREATE_TIME_, UPDATE_BY_, UPDATE_TIME_)
        VALUES ('1260751330262089729', '1208980374695948289', '工作交接', '{\"type\":\"brand_logo\",\"icon\":\"export\"}', 'export', '', '0', '0.1260751330262089729.', 7, 'URL', 'workTransfer', 'C', 'BlankLayout', 'custom', NULL, NULL, NULL, '', '0', '1', '1', '2020-05-14 00:00:00', '1', '2020-09-24 00:00:00');

INSERT INTO sys_menu(MENU_ID_, APP_ID_, NAME_, ICON_PC_, ICON_PIC_, ICON_APP_, PARENT_ID_, PATH_, SN_, SHOW_TYPE_, MENU_KEY_, MENU_TYPE_, COMPONENT_, SETTING_TYPE_, BO_LIST_KEY_, URL_, METHOD_, PARAMS_, TENANT_ID_, CREATE_DEP_ID_, CREATE_BY_, CREATE_TIME_, UPDATE_BY_, UPDATE_TIME_)
        VALUES ('1260755253341421570', '1216010678984933378', '单据建模', '{\"type\":\"directional\",\"icon\":\"arrow-right\"}', 'arrow-right', '', '0', '0.1260755253341421570.', 2, 'URL', 'formBuilder', 'C', '', 'custom', NULL, NULL, NULL, '', '0', '1', '1', '2020-05-14 00:00:00', '1', '2020-09-23 00:00:00');

INSERT INTO sys_menu(MENU_ID_, APP_ID_, NAME_, ICON_PC_, ICON_PIC_, ICON_APP_, PARENT_ID_, PATH_, SN_, SHOW_TYPE_, MENU_KEY_, MENU_TYPE_, COMPONENT_, SETTING_TYPE_, BO_LIST_KEY_, URL_, METHOD_, PARAMS_, TENANT_ID_, CREATE_DEP_ID_, CREATE_BY_, CREATE_TIME_, UPDATE_BY_, UPDATE_TIME_)
        VALUES ('1260784115450310658', '1257928508099674114', '已办事项', '{\"type\":\"brand_logo\",\"icon\":\"file-done\"}', 'file-done', '', '0', '0.1260784115450310658.', 7, 'URL', 'MyApprovedTasks', 'C', 'modules/bpm/ws/MyApprovedTasks.vue', 'custom', NULL, NULL, NULL, '', '0', '1', '1', '2020-05-14 00:00:00', '1', '2020-09-24 00:00:00');

INSERT INTO sys_menu(MENU_ID_, APP_ID_, NAME_, ICON_PC_, ICON_PIC_, ICON_APP_, PARENT_ID_, PATH_, SN_, SHOW_TYPE_, MENU_KEY_, MENU_TYPE_, COMPONENT_, SETTING_TYPE_, BO_LIST_KEY_, URL_, METHOD_, PARAMS_, TENANT_ID_, CREATE_DEP_ID_, CREATE_BY_, CREATE_TIME_, UPDATE_BY_, UPDATE_TIME_)
        VALUES ('1260854501005103105', '1257928508099674114', '代理配置', 'team', NULL, '', '0', '0.1260854501005103105.', 9, 'URL', 'BpmAgentList', 'C', 'modules/bpm/ws/BpmAgentList', 'custom', NULL, NULL, NULL, '', '0', '1', '1', '2020-05-14 00:00:00', '1', '2020-06-28 00:00:00');

INSERT INTO sys_menu(MENU_ID_, APP_ID_, NAME_, ICON_PC_, ICON_PIC_, ICON_APP_, PARENT_ID_, PATH_, SN_, SHOW_TYPE_, MENU_KEY_, MENU_TYPE_, COMPONENT_, SETTING_TYPE_, BO_LIST_KEY_, URL_, METHOD_, PARAMS_, TENANT_ID_, CREATE_DEP_ID_, CREATE_BY_, CREATE_TIME_, UPDATE_BY_, UPDATE_TIME_)
        VALUES ('1261134794188664833', '1208980374695948289', '分类授权', '{\"type\":\"data\",\"icon\":\"area-chart\"}', 'area-chart', '', '1260748542887034882', '0.1260748542887034882.1261134794188664833.', 7, 'URL', 'sysAuthSettingList', 'C', 'modules/system/core/SysAuthSettingList', 'custom', NULL, NULL, NULL, '', '0', '1', '1', '2020-05-15 00:00:00', '1', '2020-09-24 00:00:00');

INSERT INTO sys_menu(MENU_ID_, APP_ID_, NAME_, ICON_PC_, ICON_PIC_, ICON_APP_, PARENT_ID_, PATH_, SN_, SHOW_TYPE_, MENU_KEY_, MENU_TYPE_, COMPONENT_, SETTING_TYPE_, BO_LIST_KEY_, URL_, METHOD_, PARAMS_, TENANT_ID_, CREATE_DEP_ID_, CREATE_BY_, CREATE_TIME_, UPDATE_BY_, UPDATE_TIME_)
        VALUES ('1261209112794701826', '1257928508099674114', '列表', 'right-square', NULL, '', '1261203187530801154', '0.1261203187530801154.1261209112794701826.', 1, 'URL', 'liebiao', 'C', 'modules/form/core/FormBoListPreview', 'custom', NULL, NULL, NULL, '', '0', '1', '1', '2020-05-15 00:00:00', '', '2020-05-15 00:00:00');

INSERT INTO sys_menu(MENU_ID_, APP_ID_, NAME_, ICON_PC_, ICON_PIC_, ICON_APP_, PARENT_ID_, PATH_, SN_, SHOW_TYPE_, MENU_KEY_, MENU_TYPE_, COMPONENT_, SETTING_TYPE_, BO_LIST_KEY_, URL_, METHOD_, PARAMS_, TENANT_ID_, CREATE_DEP_ID_, CREATE_BY_, CREATE_TIME_, UPDATE_BY_, UPDATE_TIME_)
        VALUES ('1261227387018747905', '1216010678984933378', 'APP表单', '{\"type\":\"brand_logo\",\"icon\":\"file\"}', 'file', '', '0', '0.1261227387018747905.', 7, 'URL', 'FormMobileList', 'C', 'modules/form/core/FormMobileList', 'custom', NULL, NULL, NULL, '', '0', '1', '1', '2020-05-15 00:00:00', '1', '2020-09-24 00:00:00');

INSERT INTO sys_menu(MENU_ID_, APP_ID_, NAME_, ICON_PC_, ICON_PIC_, ICON_APP_, PARENT_ID_, PATH_, SN_, SHOW_TYPE_, MENU_KEY_, MENU_TYPE_, COMPONENT_, SETTING_TYPE_, BO_LIST_KEY_, URL_, METHOD_, PARAMS_, TENANT_ID_, CREATE_DEP_ID_, CREATE_BY_, CREATE_TIME_, UPDATE_BY_, UPDATE_TIME_)
        VALUES ('1262953796867796993', '1208980374695948289', 'API网关', '{\"type\":\"brand_logo\",\"icon\":\"lock\"}', 'lock', '', '0', '0.1262953796867796993.', 5, 'URL', 'ApiGateway', 'C', '', 'custom', NULL, NULL, NULL, '', '0', '1', '1', '2020-05-20 00:00:00', '1', '2020-09-24 00:00:00');

INSERT INTO sys_menu(MENU_ID_, APP_ID_, NAME_, ICON_PC_, ICON_PIC_, ICON_APP_, PARENT_ID_, PATH_, SN_, SHOW_TYPE_, MENU_KEY_, MENU_TYPE_, COMPONENT_, SETTING_TYPE_, BO_LIST_KEY_, URL_, METHOD_, PARAMS_, TENANT_ID_, CREATE_DEP_ID_, CREATE_BY_, CREATE_TIME_, UPDATE_BY_, UPDATE_TIME_)
        VALUES ('1263004299056492546', '1211584063094243329', '编辑', '', NULL, '', '1211585626864992257', '0.1211585626864992257.1263004299056492546.', 1, '', 'portalEdit', 'F', '', '', NULL, NULL, NULL, '', '0', '1', '1', '2020-05-20 00:00:00', '1', '2020-05-21 00:00:00');

INSERT INTO sys_menu(MENU_ID_, APP_ID_, NAME_, ICON_PC_, ICON_PIC_, ICON_APP_, PARENT_ID_, PATH_, SN_, SHOW_TYPE_, MENU_KEY_, MENU_TYPE_, COMPONENT_, SETTING_TYPE_, BO_LIST_KEY_, URL_, METHOD_, PARAMS_, TENANT_ID_, CREATE_DEP_ID_, CREATE_BY_, CREATE_TIME_, UPDATE_BY_, UPDATE_TIME_)
        VALUES ('1263400405615255553', '1208980374695948289', '路由管理', '{\"type\":\"brand_logo\",\"icon\":\"file-pdf\"}', 'file-pdf', '', '1262953796867796993', '0.1262953796867796993.1263400405615255553.', 1, 'URL', 'SysRoutingList.vue', 'C', 'modules/system/core/SysRoutingList.vue', 'custom', NULL, NULL, NULL, '', '0', '1', '1', '2020-05-21 00:00:00', '1', '2020-09-24 00:00:00');

INSERT INTO sys_menu(MENU_ID_, APP_ID_, NAME_, ICON_PC_, ICON_PIC_, ICON_APP_, PARENT_ID_, PATH_, SN_, SHOW_TYPE_, MENU_KEY_, MENU_TYPE_, COMPONENT_, SETTING_TYPE_, BO_LIST_KEY_, URL_, METHOD_, PARAMS_, TENANT_ID_, CREATE_DEP_ID_, CREATE_BY_, CREATE_TIME_, UPDATE_BY_, UPDATE_TIME_)
        VALUES ('1264834225111949313', '1211584063094243329', '消息提醒', '{\"type\":\"brand_logo\",\"icon\":\"message\"}', 'message', '', '0', '0.1264834225111949313.', 5, 'URL', 'insRemindDef', 'C', 'modules/portal/core/InsRemindDefList', 'custom', NULL, NULL, NULL, '', '0', '1', '1', '2020-05-25 00:00:00', '1', '2020-09-24 00:00:00');

INSERT INTO sys_menu(MENU_ID_, APP_ID_, NAME_, ICON_PC_, ICON_PIC_, ICON_APP_, PARENT_ID_, PATH_, SN_, SHOW_TYPE_, MENU_KEY_, MENU_TYPE_, COMPONENT_, SETTING_TYPE_, BO_LIST_KEY_, URL_, METHOD_, PARAMS_, TENANT_ID_, CREATE_DEP_ID_, CREATE_BY_, CREATE_TIME_, UPDATE_BY_, UPDATE_TIME_)
        VALUES ('1264835010617008129', '1211584063094243329', '新增', '', NULL, '', '1264834225111949313', '0.1264834225111949313.1264835010617008129.', 1, '', 'insRemindDefAdd', 'F', '', '', NULL, NULL, NULL, '', '0', '1', '1', '2020-05-25 00:00:00', '', '2020-05-25 00:00:00');

INSERT INTO sys_menu(MENU_ID_, APP_ID_, NAME_, ICON_PC_, ICON_PIC_, ICON_APP_, PARENT_ID_, PATH_, SN_, SHOW_TYPE_, MENU_KEY_, MENU_TYPE_, COMPONENT_, SETTING_TYPE_, BO_LIST_KEY_, URL_, METHOD_, PARAMS_, TENANT_ID_, CREATE_DEP_ID_, CREATE_BY_, CREATE_TIME_, UPDATE_BY_, UPDATE_TIME_)
        VALUES ('1264835093727141890', '1211584063094243329', '编辑', '', NULL, '', '1264834225111949313', '0.1264834225111949313.1264835093727141890.', 2, '', 'insRemindDefEdit', 'F', '', '', NULL, NULL, NULL, '', '0', '1', '1', '2020-05-25 00:00:00', '', '2020-05-25 00:00:00');

INSERT INTO sys_menu(MENU_ID_, APP_ID_, NAME_, ICON_PC_, ICON_PIC_, ICON_APP_, PARENT_ID_, PATH_, SN_, SHOW_TYPE_, MENU_KEY_, MENU_TYPE_, COMPONENT_, SETTING_TYPE_, BO_LIST_KEY_, URL_, METHOD_, PARAMS_, TENANT_ID_, CREATE_DEP_ID_, CREATE_BY_, CREATE_TIME_, UPDATE_BY_, UPDATE_TIME_)
        VALUES ('1264835219484958721', '1211584063094243329', '删除', '', NULL, '', '1264834225111949313', '0.1264834225111949313.1264835219484958721.', 3, '', 'insRemindDefDelete', 'F', '', '', NULL, NULL, NULL, '', '0', '1', '1', '2020-05-25 00:00:00', '', '2020-05-25 00:00:00');

INSERT INTO sys_menu(MENU_ID_, APP_ID_, NAME_, ICON_PC_, ICON_PIC_, ICON_APP_, PARENT_ID_, PATH_, SN_, SHOW_TYPE_, MENU_KEY_, MENU_TYPE_, COMPONENT_, SETTING_TYPE_, BO_LIST_KEY_, URL_, METHOD_, PARAMS_, TENANT_ID_, CREATE_DEP_ID_, CREATE_BY_, CREATE_TIME_, UPDATE_BY_, UPDATE_TIME_)
        VALUES ('1265136481083518978', '1208980374695948289', 'API接口文档', '{\"type\":\"brand_logo\",\"icon\":\"copy\"}', 'copy', '', '1262953796867796993', '0.1262953796867796993.1265136481083518978.', 2, 'URL', 'apiDoc', 'C', '', 'iframe', NULL, NULL, NULL, '/api/doc.html', '0', '1', '1', '2020-05-26 00:00:00', '1', '2020-09-24 00:00:00');

INSERT INTO sys_menu(MENU_ID_, APP_ID_, NAME_, ICON_PC_, ICON_PIC_, ICON_APP_, PARENT_ID_, PATH_, SN_, SHOW_TYPE_, MENU_KEY_, MENU_TYPE_, COMPONENT_, SETTING_TYPE_, BO_LIST_KEY_, URL_, METHOD_, PARAMS_, TENANT_ID_, CREATE_DEP_ID_, CREATE_BY_, CREATE_TIME_, UPDATE_BY_, UPDATE_TIME_)
        VALUES ('1266210212634546178', '1211584063094243329', '权限编辑', 'arrow-right', NULL, '', '1264834225111949313', '0.1264834225111949313.1266210212634546178.', 4, '', 'insRemindDefPermission', 'F', '', '', NULL, NULL, NULL, '', '0', '1', '1', '2020-05-29 00:00:00', '1', '2020-05-29 00:00:00');

INSERT INTO sys_menu(MENU_ID_, APP_ID_, NAME_, ICON_PC_, ICON_PIC_, ICON_APP_, PARENT_ID_, PATH_, SN_, SHOW_TYPE_, MENU_KEY_, MENU_TYPE_, COMPONENT_, SETTING_TYPE_, BO_LIST_KEY_, URL_, METHOD_, PARAMS_, TENANT_ID_, CREATE_DEP_ID_, CREATE_BY_, CREATE_TIME_, UPDATE_BY_, UPDATE_TIME_)
        VALUES ('1266291700776312833', '1211584063094243329', '常用应用', '{\"type\":\"brand_logo\",\"icon\":\"appstore\"}', 'appstore', '', '0', '0.1266291700776312833.', 7, 'URL', 'insAppCollect', 'C', 'modules/portal/core/InsAppCollectList', 'custom', NULL, NULL, NULL, 'InsAppCollect', '0', '1', '1', '2020-05-29 00:00:00', '1', '2020-09-24 00:00:00');

INSERT INTO sys_menu(MENU_ID_, APP_ID_, NAME_, ICON_PC_, ICON_PIC_, ICON_APP_, PARENT_ID_, PATH_, SN_, SHOW_TYPE_, MENU_KEY_, MENU_TYPE_, COMPONENT_, SETTING_TYPE_, BO_LIST_KEY_, URL_, METHOD_, PARAMS_, TENANT_ID_, CREATE_DEP_ID_, CREATE_BY_, CREATE_TIME_, UPDATE_BY_, UPDATE_TIME_)
        VALUES ('1266292053827657729', '1211584063094243329', '新增', '', NULL, '', '1266291700776312833', '0.1266291700776312833.1266292053827657729.', 1, '', 'insAppCollectAdd', 'F', '', '', NULL, NULL, NULL, '', '0', '1', '1', '2020-05-29 00:00:00', '', '2020-05-29 00:00:00');

INSERT INTO sys_menu(MENU_ID_, APP_ID_, NAME_, ICON_PC_, ICON_PIC_, ICON_APP_, PARENT_ID_, PATH_, SN_, SHOW_TYPE_, MENU_KEY_, MENU_TYPE_, COMPONENT_, SETTING_TYPE_, BO_LIST_KEY_, URL_, METHOD_, PARAMS_, TENANT_ID_, CREATE_DEP_ID_, CREATE_BY_, CREATE_TIME_, UPDATE_BY_, UPDATE_TIME_)
        VALUES ('1266292134257631233', '1211584063094243329', '编辑', '', NULL, '', '1266291700776312833', '0.1266291700776312833.1266292134257631233.', 2, '', 'insAppCollectEdit', 'F', '', '', NULL, NULL, NULL, '', '0', '1', '1', '2020-05-29 00:00:00', '', '2020-05-29 00:00:00');

INSERT INTO sys_menu(MENU_ID_, APP_ID_, NAME_, ICON_PC_, ICON_PIC_, ICON_APP_, PARENT_ID_, PATH_, SN_, SHOW_TYPE_, MENU_KEY_, MENU_TYPE_, COMPONENT_, SETTING_TYPE_, BO_LIST_KEY_, URL_, METHOD_, PARAMS_, TENANT_ID_, CREATE_DEP_ID_, CREATE_BY_, CREATE_TIME_, UPDATE_BY_, UPDATE_TIME_)
        VALUES ('1266292200984813570', '1211584063094243329', '删除', '', NULL, '', '1266291700776312833', '0.1266291700776312833.1266292200984813570.', 3, '', 'insAppCollectDelete', 'F', '', '', NULL, NULL, NULL, '', '0', '1', '1', '2020-05-29 00:00:00', '', '2020-05-29 00:00:00');

INSERT INTO sys_menu(MENU_ID_, APP_ID_, NAME_, ICON_PC_, ICON_PIC_, ICON_APP_, PARENT_ID_, PATH_, SN_, SHOW_TYPE_, MENU_KEY_, MENU_TYPE_, COMPONENT_, SETTING_TYPE_, BO_LIST_KEY_, URL_, METHOD_, PARAMS_, TENANT_ID_, CREATE_DEP_ID_, CREATE_BY_, CREATE_TIME_, UPDATE_BY_, UPDATE_TIME_)
        VALUES ('1266316421131673601', '1211584063094243329', '新增', '', NULL, '', '1232217594178830338', '0.1232217594178830338.1266316421131673601.', 1, '', 'insMsgDefAdd', 'F', '', '', NULL, NULL, NULL, '', '0', '1', '1', '2020-05-29 00:00:00', '', '2020-05-29 00:00:00');

INSERT INTO sys_menu(MENU_ID_, APP_ID_, NAME_, ICON_PC_, ICON_PIC_, ICON_APP_, PARENT_ID_, PATH_, SN_, SHOW_TYPE_, MENU_KEY_, MENU_TYPE_, COMPONENT_, SETTING_TYPE_, BO_LIST_KEY_, URL_, METHOD_, PARAMS_, TENANT_ID_, CREATE_DEP_ID_, CREATE_BY_, CREATE_TIME_, UPDATE_BY_, UPDATE_TIME_)
        VALUES ('1266316494125146113', '1211584063094243329', '编辑', '', NULL, '', '1232217594178830338', '0.1232217594178830338.1266316494125146113.', 2, '', 'insMsgDefEdit', 'F', '', '', NULL, NULL, NULL, '', '0', '1', '1', '2020-05-29 00:00:00', '', '2020-05-29 00:00:00');

INSERT INTO sys_menu(MENU_ID_, APP_ID_, NAME_, ICON_PC_, ICON_PIC_, ICON_APP_, PARENT_ID_, PATH_, SN_, SHOW_TYPE_, MENU_KEY_, MENU_TYPE_, COMPONENT_, SETTING_TYPE_, BO_LIST_KEY_, URL_, METHOD_, PARAMS_, TENANT_ID_, CREATE_DEP_ID_, CREATE_BY_, CREATE_TIME_, UPDATE_BY_, UPDATE_TIME_)
        VALUES ('1266316568800534529', '1211584063094243329', '删除', '', NULL, '', '1232217594178830338', '0.1232217594178830338.1266316568800534529.', 3, '', 'insMsgDefDelete', 'F', '', '', NULL, NULL, NULL, '', '0', '1', '1', '2020-05-29 00:00:00', '', '2020-05-29 00:00:00');

INSERT INTO sys_menu(MENU_ID_, APP_ID_, NAME_, ICON_PC_, ICON_PIC_, ICON_APP_, PARENT_ID_, PATH_, SN_, SHOW_TYPE_, MENU_KEY_, MENU_TYPE_, COMPONENT_, SETTING_TYPE_, BO_LIST_KEY_, URL_, METHOD_, PARAMS_, TENANT_ID_, CREATE_DEP_ID_, CREATE_BY_, CREATE_TIME_, UPDATE_BY_, UPDATE_TIME_)
        VALUES ('1266316643584974850', '1211584063094243329', '新增', '', NULL, '', '1232223000892538881', '0.1232223000892538881.1266316643584974850.', 1, '', 'insMsgboxDefAdd', 'F', '', '', NULL, NULL, NULL, '', '0', '1', '1', '2020-05-29 00:00:00', '1', '2020-05-29 00:00:00');

INSERT INTO sys_menu(MENU_ID_, APP_ID_, NAME_, ICON_PC_, ICON_PIC_, ICON_APP_, PARENT_ID_, PATH_, SN_, SHOW_TYPE_, MENU_KEY_, MENU_TYPE_, COMPONENT_, SETTING_TYPE_, BO_LIST_KEY_, URL_, METHOD_, PARAMS_, TENANT_ID_, CREATE_DEP_ID_, CREATE_BY_, CREATE_TIME_, UPDATE_BY_, UPDATE_TIME_)
        VALUES ('1266316741412921346', '1211584063094243329', '编辑', '', NULL, '', '1232223000892538881', '0.1232223000892538881.1266316741412921346.', 2, '', 'insMsgboxDefEdit', 'F', '', '', NULL, NULL, NULL, '', '0', '1', '1', '2020-05-29 00:00:00', '1', '2020-05-29 00:00:00');

INSERT INTO sys_menu(MENU_ID_, APP_ID_, NAME_, ICON_PC_, ICON_PIC_, ICON_APP_, PARENT_ID_, PATH_, SN_, SHOW_TYPE_, MENU_KEY_, MENU_TYPE_, COMPONENT_, SETTING_TYPE_, BO_LIST_KEY_, URL_, METHOD_, PARAMS_, TENANT_ID_, CREATE_DEP_ID_, CREATE_BY_, CREATE_TIME_, UPDATE_BY_, UPDATE_TIME_)
        VALUES ('1266317190513827842', '1211584063094243329', '删除', '', NULL, '', '1232223000892538881', '0.1232223000892538881.1266317190513827842.', 3, '', 'insMsgboxDefDelete', 'F', '', '', NULL, NULL, NULL, '', '0', '1', '1', '2020-05-29 00:00:00', '', '2020-05-29 00:00:00');

INSERT INTO sys_menu(MENU_ID_, APP_ID_, NAME_, ICON_PC_, ICON_PIC_, ICON_APP_, PARENT_ID_, PATH_, SN_, SHOW_TYPE_, MENU_KEY_, MENU_TYPE_, COMPONENT_, SETTING_TYPE_, BO_LIST_KEY_, URL_, METHOD_, PARAMS_, TENANT_ID_, CREATE_DEP_ID_, CREATE_BY_, CREATE_TIME_, UPDATE_BY_, UPDATE_TIME_)
        VALUES ('1270960174458208258', '1208980374695948289', '大屏管理', '{\"type\":\"data\",\"icon\":\"fund\"}', 'fund', '', '0', '0.1270960174458208258.', 8, 'URL', 'davinciList', 'C', '', 'iframe', NULL, NULL, NULL, '/davinci', '0', '1', '1', '2020-06-11 00:00:00', '1', '2020-09-24 00:00:00');

INSERT INTO sys_menu(MENU_ID_, APP_ID_, NAME_, ICON_PC_, ICON_PIC_, ICON_APP_, PARENT_ID_, PATH_, SN_, SHOW_TYPE_, MENU_KEY_, MENU_TYPE_, COMPONENT_, SETTING_TYPE_, BO_LIST_KEY_, URL_, METHOD_, PARAMS_, TENANT_ID_, CREATE_DEP_ID_, CREATE_BY_, CREATE_TIME_, UPDATE_BY_, UPDATE_TIME_)
        VALUES ('1271372098643738626', '1257928508099674114', '收到的转办', '{\"type\":\"brand_logo\",\"icon\":\"file-search\"}', 'file-search', '', '0', '0.1271372098643738626.', 8, 'URL', 'MyReceiveTask', 'C', 'modules/bpm/ws/MyReceiveTask.vue', 'custom', NULL, NULL, NULL, '', '0', '1', '1', '2020-06-12 00:00:00', '1', '2020-09-24 00:00:00');

INSERT INTO sys_menu(MENU_ID_, APP_ID_, NAME_, ICON_PC_, ICON_PIC_, ICON_APP_, PARENT_ID_, PATH_, SN_, SHOW_TYPE_, MENU_KEY_, MENU_TYPE_, COMPONENT_, SETTING_TYPE_, BO_LIST_KEY_, URL_, METHOD_, PARAMS_, TENANT_ID_, CREATE_DEP_ID_, CREATE_BY_, CREATE_TIME_, UPDATE_BY_, UPDATE_TIME_)
        VALUES ('1271372406870556673', '1257928508099674114', '转出的代办', '{\"type\":\"brand_logo\",\"icon\":\"code\"}', 'code', '', '0', '0.1271372406870556673.', 11, 'URL', 'MyTransOutTask', 'C', 'modules/bpm/ws/MyTransOutTask.vue', 'custom', NULL, NULL, NULL, '', '0', '1', '1', '2020-06-12 00:00:00', '1', '2020-09-24 00:00:00');

INSERT INTO sys_menu(MENU_ID_, APP_ID_, NAME_, ICON_PC_, ICON_PIC_, ICON_APP_, PARENT_ID_, PATH_, SN_, SHOW_TYPE_, MENU_KEY_, MENU_TYPE_, COMPONENT_, SETTING_TYPE_, BO_LIST_KEY_, URL_, METHOD_, PARAMS_, TENANT_ID_, CREATE_DEP_ID_, CREATE_BY_, CREATE_TIME_, UPDATE_BY_, UPDATE_TIME_)
        VALUES ('1274947857612177410', '1216010678984933378', '辅助工具', '{\"type\":\"brand_logo\",\"icon\":\"tool\"}', 'tool', '', '0', '0.1274947857612177410.', 8, 'URL', 'AssistTools', 'C', '', 'custom', NULL, NULL, NULL, '', '0', '', '1', '2020-06-22 00:00:00', '1', '2020-09-24 00:00:00');

INSERT INTO sys_menu(MENU_ID_, APP_ID_, NAME_, ICON_PC_, ICON_PIC_, ICON_APP_, PARENT_ID_, PATH_, SN_, SHOW_TYPE_, MENU_KEY_, MENU_TYPE_, COMPONENT_, SETTING_TYPE_, BO_LIST_KEY_, URL_, METHOD_, PARAMS_, TENANT_ID_, CREATE_DEP_ID_, CREATE_BY_, CREATE_TIME_, UPDATE_BY_, UPDATE_TIME_)
        VALUES ('1277421271715303426', '1208980374695948289', '文档配置', '{\"type\":\"brand_logo\",\"icon\":\"read\"}', 'read', '', '0', '0.1277421271715303426.', 11, 'URL', 'docConfig', 'C', '', 'custom', NULL, NULL, NULL, '', '0', '1', '1', '2020-06-29 00:00:00', '1', '2020-09-24 00:00:00');

INSERT INTO sys_menu(MENU_ID_, APP_ID_, NAME_, ICON_PC_, ICON_PIC_, ICON_APP_, PARENT_ID_, PATH_, SN_, SHOW_TYPE_, MENU_KEY_, MENU_TYPE_, COMPONENT_, SETTING_TYPE_, BO_LIST_KEY_, URL_, METHOD_, PARAMS_, TENANT_ID_, CREATE_DEP_ID_, CREATE_BY_, CREATE_TIME_, UPDATE_BY_, UPDATE_TIME_)
        VALUES ('1277422036429197313', '1208980374695948289', 'OpenOffice配置', '{\"type\":\"brand_logo\",\"icon\":\"project\"}', 'project', '', '1277421271715303426', '0.1277421271715303426.1277422036429197313.', 1, 'URL', 'openOfficeConfig', 'C', 'modules/system/core/OpenOfficeConfig', 'custom', NULL, NULL, NULL, '', '0', '1', '1', '2020-06-29 00:00:00', '1', '2020-09-24 00:00:00');

INSERT INTO sys_menu(MENU_ID_, APP_ID_, NAME_, ICON_PC_, ICON_PIC_, ICON_APP_, PARENT_ID_, PATH_, SN_, SHOW_TYPE_, MENU_KEY_, MENU_TYPE_, COMPONENT_, SETTING_TYPE_, BO_LIST_KEY_, URL_, METHOD_, PARAMS_, TENANT_ID_, CREATE_DEP_ID_, CREATE_BY_, CREATE_TIME_, UPDATE_BY_, UPDATE_TIME_)
        VALUES ('1278593759014985729', '1216010678984933378', '单据模板', '{\"type\":\"customIcon\",\"icon\":\"iconfile-markdown\"}', 'iconfile-markdown', '', '1274947857612177410', '0.1274947857612177410.1278593759014985729.', 4, 'URL', 'formTemplate', 'C', 'modules/form/core/FormTemplateList', 'custom', NULL, NULL, NULL, '', '0', '1', '1', '2020-07-02 00:00:00', '1', '2020-09-24 00:00:00');

INSERT INTO sys_menu(MENU_ID_, APP_ID_, NAME_, ICON_PC_, ICON_PIC_, ICON_APP_, PARENT_ID_, PATH_, SN_, SHOW_TYPE_, MENU_KEY_, MENU_TYPE_, COMPONENT_, SETTING_TYPE_, BO_LIST_KEY_, URL_, METHOD_, PARAMS_, TENANT_ID_, CREATE_DEP_ID_, CREATE_BY_, CREATE_TIME_, UPDATE_BY_, UPDATE_TIME_)
        VALUES ('1278596165849227265', '1216010678984933378', '添加', '', NULL, '', '1278593759014985729', '0.1274947857612177410.1278593759014985729.1278596165849227265.', 1, '', 'formTemplateAdd', 'F', '', '', NULL, NULL, NULL, '', '0', '1', '1', '2020-07-02 00:00:00', '', '2020-07-02 00:00:00');

INSERT INTO sys_menu(MENU_ID_, APP_ID_, NAME_, ICON_PC_, ICON_PIC_, ICON_APP_, PARENT_ID_, PATH_, SN_, SHOW_TYPE_, MENU_KEY_, MENU_TYPE_, COMPONENT_, SETTING_TYPE_, BO_LIST_KEY_, URL_, METHOD_, PARAMS_, TENANT_ID_, CREATE_DEP_ID_, CREATE_BY_, CREATE_TIME_, UPDATE_BY_, UPDATE_TIME_)
        VALUES ('1278596600936964097', '1216010678984933378', '编辑', '', NULL, '', '1278593759014985729', '0.1274947857612177410.1278593759014985729.1278596600936964097.', 2, '', 'formTemplateEdit', 'F', '', '', NULL, NULL, NULL, '', '0', '1', '1', '2020-07-02 00:00:00', '1', '2020-09-24 00:00:00');

INSERT INTO sys_menu(MENU_ID_, APP_ID_, NAME_, ICON_PC_, ICON_PIC_, ICON_APP_, PARENT_ID_, PATH_, SN_, SHOW_TYPE_, MENU_KEY_, MENU_TYPE_, COMPONENT_, SETTING_TYPE_, BO_LIST_KEY_, URL_, METHOD_, PARAMS_, TENANT_ID_, CREATE_DEP_ID_, CREATE_BY_, CREATE_TIME_, UPDATE_BY_, UPDATE_TIME_)
        VALUES ('1278596791257702402', '1216010678984933378', '删除', '', NULL, '', '1278593759014985729', '0.1274947857612177410.1278593759014985729.1278596791257702402.', 3, '', 'formTemplateDelete', 'F', '', '', NULL, NULL, NULL, '', '0', '1', '1', '2020-07-02 00:00:00', '', '2020-07-02 00:00:00');

INSERT INTO sys_menu(MENU_ID_, APP_ID_, NAME_, ICON_PC_, ICON_PIC_, ICON_APP_, PARENT_ID_, PATH_, SN_, SHOW_TYPE_, MENU_KEY_, MENU_TYPE_, COMPONENT_, SETTING_TYPE_, BO_LIST_KEY_, URL_, METHOD_, PARAMS_, TENANT_ID_, CREATE_DEP_ID_, CREATE_BY_, CREATE_TIME_, UPDATE_BY_, UPDATE_TIME_)
        VALUES ('1281055642299138050', '1208980200670081026', '分级组织管理', '{\"type\":\"brand_logo\",\"icon\":\"cluster\"}', 'cluster', '', '12', '1281055642299138050.', 4, 'URL', 'osGroupGradeList', 'C', 'modules/user/org/OsGroupGradeList.vue', 'custom', NULL, NULL, NULL, '', '0', '1273533493185814530', '1', '2020-07-09 00:00:00', '1', '2020-09-24 00:00:00');

INSERT INTO sys_menu(MENU_ID_, APP_ID_, NAME_, ICON_PC_, ICON_PIC_, ICON_APP_, PARENT_ID_, PATH_, SN_, SHOW_TYPE_, MENU_KEY_, MENU_TYPE_, COMPONENT_, SETTING_TYPE_, BO_LIST_KEY_, URL_, METHOD_, PARAMS_, TENANT_ID_, CREATE_DEP_ID_, CREATE_BY_, CREATE_TIME_, UPDATE_BY_, UPDATE_TIME_)
        VALUES ('1281238408903122945', '1216010678984933378', '系统调用脚本', '{\"type\":\"editor\",\"icon\":\"form\"}', 'form', '', '1274947857612177410', '0.1274947857612177410.1281238408903122945.', 2, 'URL', 'SysInvokeScriptList', 'C', 'modules/system/core/SysInvokeScriptList.vue', 'custom', NULL, NULL, NULL, '', '0', '', '1', '2020-07-09 00:00:00', '1', '2020-09-24 00:00:00');

INSERT INTO sys_menu(MENU_ID_, APP_ID_, NAME_, ICON_PC_, ICON_PIC_, ICON_APP_, PARENT_ID_, PATH_, SN_, SHOW_TYPE_, MENU_KEY_, MENU_TYPE_, COMPONENT_, SETTING_TYPE_, BO_LIST_KEY_, URL_, METHOD_, PARAMS_, TENANT_ID_, CREATE_DEP_ID_, CREATE_BY_, CREATE_TIME_, UPDATE_BY_, UPDATE_TIME_)
        VALUES ('1283422020083683329', '1257928508099674114', '我的转发', '{\"type\":\"customIcon\",\"icon\":\"iconfabu\"}', 'iconfabu', '', '0', '0.1283422020083683329.', 2, 'URL', 'myTurnTo', 'C', 'modules/bpm/ws/MyTurnTo.vue', 'custom', NULL, NULL, NULL, '', '0', '', '1', '2020-07-15 00:00:00', '1', '2020-09-24 00:00:00');

INSERT INTO sys_menu(MENU_ID_, APP_ID_, NAME_, ICON_PC_, ICON_PIC_, ICON_APP_, PARENT_ID_, PATH_, SN_, SHOW_TYPE_, MENU_KEY_, MENU_TYPE_, COMPONENT_, SETTING_TYPE_, BO_LIST_KEY_, URL_, METHOD_, PARAMS_, TENANT_ID_, CREATE_DEP_ID_, CREATE_BY_, CREATE_TIME_, UPDATE_BY_, UPDATE_TIME_)
        VALUES ('1283427147565797377', '1257928508099674114', '收到的转发', '{\"type\":\"customIcon\",\"icon\":\"iconsmallscreen\"}', 'iconsmallscreen', '', '0', '0.1283427147565797377.', 3, 'URL', 'myReceiveCopy', 'C', 'modules/bpm/ws/MyReceiveTurn.vue', 'custom', NULL, NULL, NULL, '', '0', '', '1', '2020-07-15 00:00:00', '1', '2020-09-24 00:00:00');

INSERT INTO sys_menu(MENU_ID_, APP_ID_, NAME_, ICON_PC_, ICON_PIC_, ICON_APP_, PARENT_ID_, PATH_, SN_, SHOW_TYPE_, MENU_KEY_, MENU_TYPE_, COMPONENT_, SETTING_TYPE_, BO_LIST_KEY_, URL_, METHOD_, PARAMS_, TENANT_ID_, CREATE_DEP_ID_, CREATE_BY_, CREATE_TIME_, UPDATE_BY_, UPDATE_TIME_)
        VALUES ('1283642493907161100', '1208980374695948289', '文档模板', 'copy', NULL, NULL, '1277421271715303426', '0.1277421271715303426.1283642493907161100.', 2, 'URL', 'SysWordTemplateList', 'C', 'modules/system/core/SysWordTemplateList', 'custom', NULL, NULL, NULL, NULL, NULL, NULL, '1', '2020-07-16 00:00:00', '1', '2020-07-16 00:00:00');

INSERT INTO sys_menu(MENU_ID_, APP_ID_, NAME_, ICON_PC_, ICON_PIC_, ICON_APP_, PARENT_ID_, PATH_, SN_, SHOW_TYPE_, MENU_KEY_, MENU_TYPE_, COMPONENT_, SETTING_TYPE_, BO_LIST_KEY_, URL_, METHOD_, PARAMS_, TENANT_ID_, CREATE_DEP_ID_, CREATE_BY_, CREATE_TIME_, UPDATE_BY_, UPDATE_TIME_)
        VALUES ('1283642493907161101', '1208980374695948289', '新建', NULL, NULL, NULL, '1283642493907161100', '0.1277421271715303426.1283642493907161100.1283642493907161101.', 1, NULL, 'sysWordTemplateAdd', 'F', NULL, 'custom', NULL, NULL, NULL, NULL, NULL, NULL, '1', '2020-07-16 00:00:00', NULL, '2020-07-16 00:00:00');

INSERT INTO sys_menu(MENU_ID_, APP_ID_, NAME_, ICON_PC_, ICON_PIC_, ICON_APP_, PARENT_ID_, PATH_, SN_, SHOW_TYPE_, MENU_KEY_, MENU_TYPE_, COMPONENT_, SETTING_TYPE_, BO_LIST_KEY_, URL_, METHOD_, PARAMS_, TENANT_ID_, CREATE_DEP_ID_, CREATE_BY_, CREATE_TIME_, UPDATE_BY_, UPDATE_TIME_)
        VALUES ('1283642493907161102', '1208980374695948289', '编辑', NULL, NULL, NULL, '1283642493907161100', '0.1277421271715303426.1283642493907161100.1283642493907161102.', 2, NULL, 'sysWordTemplateEdit', 'F', NULL, 'custom', NULL, NULL, NULL, NULL, NULL, NULL, '1', '2020-07-16 00:00:00', NULL, '2020-07-16 00:00:00');

INSERT INTO sys_menu(MENU_ID_, APP_ID_, NAME_, ICON_PC_, ICON_PIC_, ICON_APP_, PARENT_ID_, PATH_, SN_, SHOW_TYPE_, MENU_KEY_, MENU_TYPE_, COMPONENT_, SETTING_TYPE_, BO_LIST_KEY_, URL_, METHOD_, PARAMS_, TENANT_ID_, CREATE_DEP_ID_, CREATE_BY_, CREATE_TIME_, UPDATE_BY_, UPDATE_TIME_)
        VALUES ('1283642493907161103', '1208980374695948289', '删除', NULL, NULL, NULL, '1283642493907161100', '0.1277421271715303426.1283642493907161100.1283642493907161103.', 3, NULL, 'sysWordTemplateDelete', 'F', NULL, 'custom', NULL, NULL, NULL, NULL, NULL, NULL, '1', '2020-07-16 00:00:00', NULL, '2020-07-16 00:00:00');

INSERT INTO sys_menu(MENU_ID_, APP_ID_, NAME_, ICON_PC_, ICON_PIC_, ICON_APP_, PARENT_ID_, PATH_, SN_, SHOW_TYPE_, MENU_KEY_, MENU_TYPE_, COMPONENT_, SETTING_TYPE_, BO_LIST_KEY_, URL_, METHOD_, PARAMS_, TENANT_ID_, CREATE_DEP_ID_, CREATE_BY_, CREATE_TIME_, UPDATE_BY_, UPDATE_TIME_)
        VALUES ('1285383690846740482', '1208980476072275970', '通知模板', '{\"type\":\"brand_logo\",\"icon\":\"code\"}', 'code', '', '0', '0.1285383690846740482.', 4, 'URL', 'SysInformList', 'C', 'modules/system/core/SysInformList.vue', 'custom', NULL, NULL, NULL, '', '0', '1273526098128740353', '1', '2020-07-21 00:00:00', '1', '2020-09-24 00:00:00');

INSERT INTO sys_menu(MENU_ID_, APP_ID_, NAME_, ICON_PC_, ICON_PIC_, ICON_APP_, PARENT_ID_, PATH_, SN_, SHOW_TYPE_, MENU_KEY_, MENU_TYPE_, COMPONENT_, SETTING_TYPE_, BO_LIST_KEY_, URL_, METHOD_, PARAMS_, TENANT_ID_, CREATE_DEP_ID_, CREATE_BY_, CREATE_TIME_, UPDATE_BY_, UPDATE_TIME_)
        VALUES ('1286853619731222529', '1216010678984933378', '表单验证规则', '{\"type\":\"brand_logo\",\"icon\":\"file-search\"}', 'file-search', '', '0', '0.1286853619731222529.', 3, 'URL', 'FormRuleList', 'C', 'modules/form/core/FormRuleList.vue', 'custom', NULL, NULL, NULL, '', '0', '', '1', '2020-07-25 00:00:00', '1', '2020-09-24 00:00:00');

INSERT INTO sys_menu(MENU_ID_, APP_ID_, NAME_, ICON_PC_, ICON_PIC_, ICON_APP_, PARENT_ID_, PATH_, SN_, SHOW_TYPE_, MENU_KEY_, MENU_TYPE_, COMPONENT_, SETTING_TYPE_, BO_LIST_KEY_, URL_, METHOD_, PARAMS_, TENANT_ID_, CREATE_DEP_ID_, CREATE_BY_, CREATE_TIME_, UPDATE_BY_, UPDATE_TIME_)
        VALUES ('1286854170938265601', '1208980374695948289', 'Office文档模板', '{\"type\":\"brand_logo\",\"icon\":\"file-word\"}', 'file-word', '', '1277421271715303426', '0.1277421271715303426.1286854170938265601.', 4, 'URL', 'SysOfficeTemplateList', 'C', 'modules/system/core/SysOfficeTemplateList.vue', 'custom', NULL, NULL, NULL, '', '0', '', '1', '2020-07-25 00:00:00', '1', '2020-09-24 00:00:00');

INSERT INTO sys_menu(MENU_ID_, APP_ID_, NAME_, ICON_PC_, ICON_PIC_, ICON_APP_, PARENT_ID_, PATH_, SN_, SHOW_TYPE_, MENU_KEY_, MENU_TYPE_, COMPONENT_, SETTING_TYPE_, BO_LIST_KEY_, URL_, METHOD_, PARAMS_, TENANT_ID_, CREATE_DEP_ID_, CREATE_BY_, CREATE_TIME_, UPDATE_BY_, UPDATE_TIME_)
        VALUES ('1286856600102981634', '1208980374695948289', '新增', '', NULL, '', '1286854170938265601', '0.1277421271715303426.1286854170938265601.1286856600102981634.', 1, '', 'sysOfficeTemplateAdd', 'F', '', 'custom', NULL, NULL, NULL, '', '0', '', '1', '2020-07-25 00:00:00', '', '2020-09-24 00:00:00');

INSERT INTO sys_menu(MENU_ID_, APP_ID_, NAME_, ICON_PC_, ICON_PIC_, ICON_APP_, PARENT_ID_, PATH_, SN_, SHOW_TYPE_, MENU_KEY_, MENU_TYPE_, COMPONENT_, SETTING_TYPE_, BO_LIST_KEY_, URL_, METHOD_, PARAMS_, TENANT_ID_, CREATE_DEP_ID_, CREATE_BY_, CREATE_TIME_, UPDATE_BY_, UPDATE_TIME_)
        VALUES ('1286856698836897794', '1208980374695948289', '删除', '', NULL, '', '1286854170938265601', '0.1277421271715303426.1286854170938265601.1286856698836897794.', 1, '', 'sysOfficeTemplateDelete', 'F', '', 'custom', NULL, NULL, NULL, '', '0', '', '1', '2020-07-25 00:00:00', '', '2020-09-24 00:00:00');

INSERT INTO sys_menu(MENU_ID_, APP_ID_, NAME_, ICON_PC_, ICON_PIC_, ICON_APP_, PARENT_ID_, PATH_, SN_, SHOW_TYPE_, MENU_KEY_, MENU_TYPE_, COMPONENT_, SETTING_TYPE_, BO_LIST_KEY_, URL_, METHOD_, PARAMS_, TENANT_ID_, CREATE_DEP_ID_, CREATE_BY_, CREATE_TIME_, UPDATE_BY_, UPDATE_TIME_)
        VALUES ('1286856776683180033', '1208980374695948289', '编辑', '', NULL, '', '1286854170938265601', '0.1277421271715303426.1286854170938265601.1286856776683180033.', 1, '', 'sysOfficeTemplateEdit', 'F', '', 'custom', NULL, NULL, NULL, '', '0', '', '1', '2020-07-25 00:00:00', '', '2020-09-24 00:00:00');

INSERT INTO sys_menu(MENU_ID_, APP_ID_, NAME_, ICON_PC_, ICON_PIC_, ICON_APP_, PARENT_ID_, PATH_, SN_, SHOW_TYPE_, MENU_KEY_, MENU_TYPE_, COMPONENT_, SETTING_TYPE_, BO_LIST_KEY_, URL_, METHOD_, PARAMS_, TENANT_ID_, CREATE_DEP_ID_, CREATE_BY_, CREATE_TIME_, UPDATE_BY_, UPDATE_TIME_)
        VALUES ('1288416919781060609', '1208980374695948289', '接口授权日志', '{\"type\":\"data\",\"icon\":\"area-chart\"}', 'area-chart', '', '1262953796867796993', '0.1262953796867796993.1288416919781060609.', 3, 'URL', 'apiAuthLogList', 'C', 'modules/system/core/SysAppLogList', 'custom', NULL, NULL, NULL, '', '0', '2', '1', '2020-07-29 00:00:00', '1', '2020-09-24 00:00:00');

INSERT INTO sys_menu(MENU_ID_, APP_ID_, NAME_, ICON_PC_, ICON_PIC_, ICON_APP_, PARENT_ID_, PATH_, SN_, SHOW_TYPE_, MENU_KEY_, MENU_TYPE_, COMPONENT_, SETTING_TYPE_, BO_LIST_KEY_, URL_, METHOD_, PARAMS_, TENANT_ID_, CREATE_DEP_ID_, CREATE_BY_, CREATE_TIME_, UPDATE_BY_, UPDATE_TIME_)
        VALUES ('1288417074123059201', '1208980374695948289', '接口授权管理', '{\"type\":\"editor\",\"icon\":\"align-center\"}', 'align-center', '', '1262953796867796993', '0.1262953796867796993.1288417074123059201.', 4, 'URL', 'sysAuthManagerList', 'C', 'modules/system/core/SysAuthManagerList', 'custom', NULL, NULL, NULL, '', '0', '2', '1', '2020-07-29 00:00:00', '1', '2020-09-24 00:00:00');

INSERT INTO sys_menu(MENU_ID_, APP_ID_, NAME_, ICON_PC_, ICON_PIC_, ICON_APP_, PARENT_ID_, PATH_, SN_, SHOW_TYPE_, MENU_KEY_, MENU_TYPE_, COMPONENT_, SETTING_TYPE_, BO_LIST_KEY_, URL_, METHOD_, PARAMS_, TENANT_ID_, CREATE_DEP_ID_, CREATE_BY_, CREATE_TIME_, UPDATE_BY_, UPDATE_TIME_)
        VALUES ('1290200178347335682', '1257928508099674114', '消息通知', '{\"type\":\"customIcon\",\"icon\":\"iconclock\"}', 'iconclock', '', '0', '0.1290200178347335682.', 4, 'URL', 'innerMsgs', 'C', '', 'custom', NULL, NULL, NULL, '', '0', '1273526098128740353', '1', '2020-08-03 00:00:00', '1', '2020-09-24 00:00:00');

INSERT INTO sys_menu(MENU_ID_, APP_ID_, NAME_, ICON_PC_, ICON_PIC_, ICON_APP_, PARENT_ID_, PATH_, SN_, SHOW_TYPE_, MENU_KEY_, MENU_TYPE_, COMPONENT_, SETTING_TYPE_, BO_LIST_KEY_, URL_, METHOD_, PARAMS_, TENANT_ID_, CREATE_DEP_ID_, CREATE_BY_, CREATE_TIME_, UPDATE_BY_, UPDATE_TIME_)
        VALUES ('1290200432228556802', '1257928508099674114', '已收消息', '{\"type\":\"brand_logo\",\"icon\":\"shake\"}', 'shake', '', '1290200178347335682', '0.1290200178347335682.1290200432228556802.', 2, 'URL', 'InfInnerMsgList', 'C', 'modules/portal/core/InfInnerMsgList', 'custom', NULL, NULL, NULL, '', '0', '1273526098128740353', '1', '2020-08-03 00:00:00', '1', '2020-09-17 00:00:00');

INSERT INTO sys_menu(MENU_ID_, APP_ID_, NAME_, ICON_PC_, ICON_PIC_, ICON_APP_, PARENT_ID_, PATH_, SN_, SHOW_TYPE_, MENU_KEY_, MENU_TYPE_, COMPONENT_, SETTING_TYPE_, BO_LIST_KEY_, URL_, METHOD_, PARAMS_, TENANT_ID_, CREATE_DEP_ID_, CREATE_BY_, CREATE_TIME_, UPDATE_BY_, UPDATE_TIME_)
        VALUES ('1290200582640492545', '1257928508099674114', '新建消息', '', NULL, '', '1290200432228556802', '0.1290200178347335682.1290200432228556802.1290200582640492545.', 1, '', 'infInnerMsgAdd', 'F', '', 'custom', NULL, NULL, NULL, '', '0', '1273526098128740353', '1', '2020-08-03 00:00:00', '', '2020-08-03 00:00:00');

INSERT INTO sys_menu(MENU_ID_, APP_ID_, NAME_, ICON_PC_, ICON_PIC_, ICON_APP_, PARENT_ID_, PATH_, SN_, SHOW_TYPE_, MENU_KEY_, MENU_TYPE_, COMPONENT_, SETTING_TYPE_, BO_LIST_KEY_, URL_, METHOD_, PARAMS_, TENANT_ID_, CREATE_DEP_ID_, CREATE_BY_, CREATE_TIME_, UPDATE_BY_, UPDATE_TIME_)
        VALUES ('1290200644439367682', '1257928508099674114', '删除', '', NULL, '', '1290200432228556802', '0.1290200178347335682.1290200432228556802.1290200644439367682.', 1, '', 'infInnerMsgDelete', 'F', '', 'custom', NULL, NULL, NULL, '', '0', '1273526098128740353', '1', '2020-08-03 00:00:00', '', '2020-08-03 00:00:00');

INSERT INTO sys_menu(MENU_ID_, APP_ID_, NAME_, ICON_PC_, ICON_PIC_, ICON_APP_, PARENT_ID_, PATH_, SN_, SHOW_TYPE_, MENU_KEY_, MENU_TYPE_, COMPONENT_, SETTING_TYPE_, BO_LIST_KEY_, URL_, METHOD_, PARAMS_, TENANT_ID_, CREATE_DEP_ID_, CREATE_BY_, CREATE_TIME_, UPDATE_BY_, UPDATE_TIME_)
        VALUES ('1290200764849446914', '1257928508099674114', '已发消息', '{\"type\":\"brand_logo\",\"icon\":\"select\"}', 'select', '', '1290200178347335682', '0.1290200178347335682.1290200764849446914.', 1, 'URL', 'InfInboxList', 'C', 'modules/portal/core/InfInboxList', 'custom', NULL, NULL, NULL, '', '0', '1273526098128740353', '1', '2020-08-03 00:00:00', '1', '2020-09-17 00:00:00');

INSERT INTO sys_menu(MENU_ID_, APP_ID_, NAME_, ICON_PC_, ICON_PIC_, ICON_APP_, PARENT_ID_, PATH_, SN_, SHOW_TYPE_, MENU_KEY_, MENU_TYPE_, COMPONENT_, SETTING_TYPE_, BO_LIST_KEY_, URL_, METHOD_, PARAMS_, TENANT_ID_, CREATE_DEP_ID_, CREATE_BY_, CREATE_TIME_, UPDATE_BY_, UPDATE_TIME_)
        VALUES ('1290200826270834690', '1257928508099674114', '删除', '', NULL, '', '1290200764849446914', '0.1290200178347335682.1290200764849446914.1290200826270834690.', 1, '', 'infInboxDelete', 'F', '', 'custom', NULL, NULL, NULL, '', '0', '1273526098128740353', '1', '2020-08-03 00:00:00', '', '2020-08-03 00:00:00');

INSERT INTO sys_menu(MENU_ID_, APP_ID_, NAME_, ICON_PC_, ICON_PIC_, ICON_APP_, PARENT_ID_, PATH_, SN_, SHOW_TYPE_, MENU_KEY_, MENU_TYPE_, COMPONENT_, SETTING_TYPE_, BO_LIST_KEY_, URL_, METHOD_, PARAMS_, TENANT_ID_, CREATE_DEP_ID_, CREATE_BY_, CREATE_TIME_, UPDATE_BY_, UPDATE_TIME_)
        VALUES ('1290201031812702209', '1257928508099674114', '组消息', '{\"type\":\"brand_logo\",\"icon\":\"bell\"}', 'bell', '', '1290200178347335682', '0.1290200178347335682.1290201031812702209.', 3, 'URL', 'GroupMsgList', 'C', 'modules/portal/core/GroupMsgList', 'custom', NULL, NULL, NULL, '', '0', '1273526098128740353', '1', '2020-08-03 00:00:00', '1', '2020-09-17 00:00:00');

INSERT INTO sys_menu(MENU_ID_, APP_ID_, NAME_, ICON_PC_, ICON_PIC_, ICON_APP_, PARENT_ID_, PATH_, SN_, SHOW_TYPE_, MENU_KEY_, MENU_TYPE_, COMPONENT_, SETTING_TYPE_, BO_LIST_KEY_, URL_, METHOD_, PARAMS_, TENANT_ID_, CREATE_DEP_ID_, CREATE_BY_, CREATE_TIME_, UPDATE_BY_, UPDATE_TIME_)
        VALUES ('1290201109801590785', '1257928508099674114', '删除', '', NULL, '', '1290201031812702209', '0.1290200178347335682.1290201031812702209.1290201109801590785.', 1, '', 'groupMsgDelete', 'F', '', 'custom', NULL, NULL, NULL, '', '0', '1273526098128740353', '1', '2020-08-03 00:00:00', '', '2020-08-03 00:00:00');

INSERT INTO sys_menu(MENU_ID_, APP_ID_, NAME_, ICON_PC_, ICON_PIC_, ICON_APP_, PARENT_ID_, PATH_, SN_, SHOW_TYPE_, MENU_KEY_, MENU_TYPE_, COMPONENT_, SETTING_TYPE_, BO_LIST_KEY_, URL_, METHOD_, PARAMS_, TENANT_ID_, CREATE_DEP_ID_, CREATE_BY_, CREATE_TIME_, UPDATE_BY_, UPDATE_TIME_)
        VALUES ('1291643382329257985', '1208980374695948289', '第三方接口管理', '{\"type\":\"editor\",\"icon\":\"snippets\"}', 'snippets', '', '1262953796867796993', '0.1262953796867796993.1291643382329257985.', 5, 'URL', 'apiAdminister', 'C', 'modules/system/core/SysInterfaceProjectList.vue', 'custom', NULL, NULL, NULL, '', '', '', '1', '2020-08-07 15:52:35', '1', '2020-09-24 12:01:43');

INSERT INTO sys_menu(MENU_ID_, APP_ID_, NAME_, ICON_PC_, ICON_PIC_, ICON_APP_, PARENT_ID_, PATH_, SN_, SHOW_TYPE_, MENU_KEY_, MENU_TYPE_, COMPONENT_, SETTING_TYPE_, BO_LIST_KEY_, URL_, METHOD_, PARAMS_, TENANT_ID_, CREATE_DEP_ID_, CREATE_BY_, CREATE_TIME_, UPDATE_BY_, UPDATE_TIME_)
        VALUES ('1293362266983284737', '1216010678984933378', '报表', '{\"type\":\"data\",\"icon\":\"bar-chart\"}', 'bar-chart', '', '0', '0.1293362266983284737.', 9, 'URL', 'ureport2', 'C', '', 'custom', NULL, NULL, NULL, '', '0', '', '1', '2020-08-12 00:00:00', '1', '2020-09-24 00:00:00');

INSERT INTO sys_menu(MENU_ID_, APP_ID_, NAME_, ICON_PC_, ICON_PIC_, ICON_APP_, PARENT_ID_, PATH_, SN_, SHOW_TYPE_, MENU_KEY_, MENU_TYPE_, COMPONENT_, SETTING_TYPE_, BO_LIST_KEY_, URL_, METHOD_, PARAMS_, TENANT_ID_, CREATE_DEP_ID_, CREATE_BY_, CREATE_TIME_, UPDATE_BY_, UPDATE_TIME_)
        VALUES ('1293362622282776577', '1216010678984933378', 'ureport报表', '{\"type\":\"directional\",\"icon\":\"pic-center\"}', 'pic-center', '', '1293362266983284737', '0.1293362266983284737.1293362622282776577.', 1, 'URL', 'UreportFileList', 'C', 'modules/form/core/UreportFileList', 'custom', NULL, NULL, NULL, '', '0', '', '1', '2020-08-12 00:00:00', '1', '2020-09-24 00:00:00');

INSERT INTO sys_menu(MENU_ID_, APP_ID_, NAME_, ICON_PC_, ICON_PIC_, ICON_APP_, PARENT_ID_, PATH_, SN_, SHOW_TYPE_, MENU_KEY_, MENU_TYPE_, COMPONENT_, SETTING_TYPE_, BO_LIST_KEY_, URL_, METHOD_, PARAMS_, TENANT_ID_, CREATE_DEP_ID_, CREATE_BY_, CREATE_TIME_, UPDATE_BY_, UPDATE_TIME_)
        VALUES ('1293363696435642369', '1216010678984933378', '新建', '', NULL, '', '1293362622282776577', '0.1293362266983284737.1293362622282776577.1293363696435642369.', 1, '', 'ureportFileAdd', 'F', '', 'custom', NULL, NULL, NULL, '', '0', '', '1', '2020-08-12 00:00:00', '', '2020-08-12 00:00:00');

INSERT INTO sys_menu(MENU_ID_, APP_ID_, NAME_, ICON_PC_, ICON_PIC_, ICON_APP_, PARENT_ID_, PATH_, SN_, SHOW_TYPE_, MENU_KEY_, MENU_TYPE_, COMPONENT_, SETTING_TYPE_, BO_LIST_KEY_, URL_, METHOD_, PARAMS_, TENANT_ID_, CREATE_DEP_ID_, CREATE_BY_, CREATE_TIME_, UPDATE_BY_, UPDATE_TIME_)
        VALUES ('1293363797350596609', '1216010678984933378', '编辑', '', NULL, '', '1293362622282776577', '0.1293362266983284737.1293362622282776577.1293363797350596609.', 2, '', 'ureportFileEdit', 'F', '', 'custom', NULL, NULL, NULL, '', '0', '', '1', '2020-08-12 00:00:00', '', '2020-08-12 00:00:00');

INSERT INTO sys_menu(MENU_ID_, APP_ID_, NAME_, ICON_PC_, ICON_PIC_, ICON_APP_, PARENT_ID_, PATH_, SN_, SHOW_TYPE_, MENU_KEY_, MENU_TYPE_, COMPONENT_, SETTING_TYPE_, BO_LIST_KEY_, URL_, METHOD_, PARAMS_, TENANT_ID_, CREATE_DEP_ID_, CREATE_BY_, CREATE_TIME_, UPDATE_BY_, UPDATE_TIME_)
        VALUES ('1293363842540027906', '1216010678984933378', '删除', '', NULL, '', '1293362622282776577', '0.1293362266983284737.1293362622282776577.1293363842540027906.', 3, '', 'ureportFileDelete', 'F', '', 'custom', NULL, NULL, NULL, '', '0', '', '1', '2020-08-12 00:00:00', '', '2020-08-12 00:00:00');

INSERT INTO sys_menu(MENU_ID_, APP_ID_, NAME_, ICON_PC_, ICON_PIC_, ICON_APP_, PARENT_ID_, PATH_, SN_, SHOW_TYPE_, MENU_KEY_, MENU_TYPE_, COMPONENT_, SETTING_TYPE_, BO_LIST_KEY_, URL_, METHOD_, PARAMS_, TENANT_ID_, CREATE_DEP_ID_, CREATE_BY_, CREATE_TIME_, UPDATE_BY_, UPDATE_TIME_)
        VALUES ('1293844457764896769', '1216010678984933378', '预览打印', '', NULL, '', '1293362622282776577', '0.1293362266983284737.1293362622282776577.1293844457764896769.', 4, '', 'ureportFilePreview', 'F', '', 'custom', NULL, NULL, NULL, '', '0', '', '1', '2020-08-13 00:00:00', '', '2020-08-13 00:00:00');

INSERT INTO sys_menu(MENU_ID_, APP_ID_, NAME_, ICON_PC_, ICON_PIC_, ICON_APP_, PARENT_ID_, PATH_, SN_, SHOW_TYPE_, MENU_KEY_, MENU_TYPE_, COMPONENT_, SETTING_TYPE_, BO_LIST_KEY_, URL_, METHOD_, PARAMS_, TENANT_ID_, CREATE_DEP_ID_, CREATE_BY_, CREATE_TIME_, UPDATE_BY_, UPDATE_TIME_)
        VALUES ('1296014599562817538', '1208980374695948289', '第三方接口日志', '{\"type\":\"brand_logo\",\"icon\":\"file-search\"}', 'file-search', '', '1262953796867796993', '0.1262953796867796993.1296014599562817538.', 6, 'URL', 'sysInterfaceCallLogs', 'C', 'modules/system/core/SysInterfaceCallLogsList.vue', 'custom', NULL, NULL, NULL, '', '', '', '1', '2020-08-19 17:22:14', '1', '2020-09-24 12:02:05');

INSERT INTO sys_menu(MENU_ID_, APP_ID_, NAME_, ICON_PC_, ICON_PIC_, ICON_APP_, PARENT_ID_, PATH_, SN_, SHOW_TYPE_, MENU_KEY_, MENU_TYPE_, COMPONENT_, SETTING_TYPE_, BO_LIST_KEY_, URL_, METHOD_, PARAMS_, TENANT_ID_, CREATE_DEP_ID_, CREATE_BY_, CREATE_TIME_, UPDATE_BY_, UPDATE_TIME_)
        VALUES ('1299181110890094594', '1208980200670081026', '资源授权', '{\"type\":\"brand_logo\",\"icon\":\"file-protect\"}', 'file-protect', '', '12', '0.12.1299181110890094594.', 3, 'URL', 'groupGrantList', 'C', 'modules/user/org/OsGroupGrant', 'custom', NULL, NULL, NULL, '', '0', '', '1', '2020-08-19 00:00:00', '1', '2020-09-24 00:00:00');

INSERT INTO sys_menu(MENU_ID_, APP_ID_, NAME_, ICON_PC_, ICON_PIC_, ICON_APP_, PARENT_ID_, PATH_, SN_, SHOW_TYPE_, MENU_KEY_, MENU_TYPE_, COMPONENT_, SETTING_TYPE_, BO_LIST_KEY_, URL_, METHOD_, PARAMS_, TENANT_ID_, CREATE_DEP_ID_, CREATE_BY_, CREATE_TIME_, UPDATE_BY_, UPDATE_TIME_)
        VALUES ('13', '1208980200670081026', '组织维度', '{\"type\":\"brand_logo\",\"icon\":\"cluster\"}', 'cluster', '', '12', '0.12.13.', 1, 'URL', 'dimensionList', 'C', 'modules/user/org/OsDimensionList', 'custom', NULL, NULL, NULL, '', '0', '', '', '2019-11-08 00:00:00', '1', '2020-09-24 00:00:00');

INSERT INTO sys_menu(MENU_ID_, APP_ID_, NAME_, ICON_PC_, ICON_PIC_, ICON_APP_, PARENT_ID_, PATH_, SN_, SHOW_TYPE_, MENU_KEY_, MENU_TYPE_, COMPONENT_, SETTING_TYPE_, BO_LIST_KEY_, URL_, METHOD_, PARAMS_, TENANT_ID_, CREATE_DEP_ID_, CREATE_BY_, CREATE_TIME_, UPDATE_BY_, UPDATE_TIME_)
        VALUES ('1305323518837739522', '1208980200670081026', '扩展属性管理', '{\"type\":\"brand_logo\",\"icon\":\"copyright\"}', 'copyright', '', '1192840639556567041', '1305323518837739522.', 2, 'URL', 'OsPropertiesDefList', 'C', 'modules/user/org/OsPropertiesDefList.vue', 'custom', NULL, NULL, NULL, '', '0', '2', '1', '2020-09-14 00:00:00', '1', '2020-09-24 00:00:00');

INSERT INTO sys_menu(MENU_ID_, APP_ID_, NAME_, ICON_PC_, ICON_PIC_, ICON_APP_, PARENT_ID_, PATH_, SN_, SHOW_TYPE_, MENU_KEY_, MENU_TYPE_, COMPONENT_, SETTING_TYPE_, BO_LIST_KEY_, URL_, METHOD_, PARAMS_, TENANT_ID_, CREATE_DEP_ID_, CREATE_BY_, CREATE_TIME_, UPDATE_BY_, UPDATE_TIME_)
        VALUES ('1305323673653694465', '1208980200670081026', '编辑', '', NULL, '', '1305323518837739522', '1305323518837739522.1305323673653694465.', 1, '', 'osPropertiesDefEdit', 'F', '', 'custom', NULL, NULL, NULL, '', '0', '2', '1', '2020-09-14 00:00:00', '1', '2020-09-14 00:00:00');

INSERT INTO sys_menu(MENU_ID_, APP_ID_, NAME_, ICON_PC_, ICON_PIC_, ICON_APP_, PARENT_ID_, PATH_, SN_, SHOW_TYPE_, MENU_KEY_, MENU_TYPE_, COMPONENT_, SETTING_TYPE_, BO_LIST_KEY_, URL_, METHOD_, PARAMS_, TENANT_ID_, CREATE_DEP_ID_, CREATE_BY_, CREATE_TIME_, UPDATE_BY_, UPDATE_TIME_)
        VALUES ('1305323962142117890', '1208980200670081026', '新增', '', NULL, '', '1305323518837739522', '1305323518837739522.1305323962142117890.', 1, '', 'osPropertiesDefAdd', 'F', '', 'custom', NULL, NULL, NULL, '', '0', '2', '1', '2020-09-14 00:00:00', '', '2020-09-14 00:00:00');

INSERT INTO sys_menu(MENU_ID_, APP_ID_, NAME_, ICON_PC_, ICON_PIC_, ICON_APP_, PARENT_ID_, PATH_, SN_, SHOW_TYPE_, MENU_KEY_, MENU_TYPE_, COMPONENT_, SETTING_TYPE_, BO_LIST_KEY_, URL_, METHOD_, PARAMS_, TENANT_ID_, CREATE_DEP_ID_, CREATE_BY_, CREATE_TIME_, UPDATE_BY_, UPDATE_TIME_)
        VALUES ('1305324650528067585', '1208980200670081026', '删除', '', NULL, '', '1305323518837739522', '1305323518837739522.1305324650528067585.', 1, '', 'osPropertiesDefDelete', 'F', '', 'custom', NULL, NULL, NULL, '', '0', '2', '1', '2020-09-14 00:00:00', '', '2020-09-14 00:00:00');

INSERT INTO sys_menu(MENU_ID_, APP_ID_, NAME_, ICON_PC_, ICON_PIC_, ICON_APP_, PARENT_ID_, PATH_, SN_, SHOW_TYPE_, MENU_KEY_, MENU_TYPE_, COMPONENT_, SETTING_TYPE_, BO_LIST_KEY_, URL_, METHOD_, PARAMS_, TENANT_ID_, CREATE_DEP_ID_, CREATE_BY_, CREATE_TIME_, UPDATE_BY_, UPDATE_TIME_)
        VALUES ('1305324971073556482', '1208980200670081026', '属性分组管理', '{\"type\":\"brand_logo\",\"icon\":\"idcard\"}', 'idcard', '', '1192840639556567041', '1305324971073556482.', 3, 'URL', 'OsPropertiesGroupList', 'C', 'modules/user/org/OsPropertiesGroupList.vue', 'custom', NULL, NULL, NULL, '', '0', '2', '1', '2020-09-14 00:00:00', '1', '2020-09-24 00:00:00');

INSERT INTO sys_menu(MENU_ID_, APP_ID_, NAME_, ICON_PC_, ICON_PIC_, ICON_APP_, PARENT_ID_, PATH_, SN_, SHOW_TYPE_, MENU_KEY_, MENU_TYPE_, COMPONENT_, SETTING_TYPE_, BO_LIST_KEY_, URL_, METHOD_, PARAMS_, TENANT_ID_, CREATE_DEP_ID_, CREATE_BY_, CREATE_TIME_, UPDATE_BY_, UPDATE_TIME_)
        VALUES ('1305325070310789122', '1208980200670081026', '新增', '', NULL, '', '1305324971073556482', '1305324971073556482.1305325070310789122.', 1, '', 'osPropertiesGroupAdd', 'F', '', 'custom', NULL, NULL, NULL, '', '0', '2', '1', '2020-09-14 00:00:00', '', '2020-09-14 00:00:00');

INSERT INTO sys_menu(MENU_ID_, APP_ID_, NAME_, ICON_PC_, ICON_PIC_, ICON_APP_, PARENT_ID_, PATH_, SN_, SHOW_TYPE_, MENU_KEY_, MENU_TYPE_, COMPONENT_, SETTING_TYPE_, BO_LIST_KEY_, URL_, METHOD_, PARAMS_, TENANT_ID_, CREATE_DEP_ID_, CREATE_BY_, CREATE_TIME_, UPDATE_BY_, UPDATE_TIME_)
        VALUES ('1305325136597569538', '1208980200670081026', '编辑', '', NULL, '', '1305324971073556482', '1305324971073556482.1305325136597569538.', 1, '', 'osPropertiesGroupEdit', 'F', '', 'custom', NULL, NULL, NULL, '', '0', '2', '1', '2020-09-14 00:00:00', '', '2020-09-14 00:00:00');

INSERT INTO sys_menu(MENU_ID_, APP_ID_, NAME_, ICON_PC_, ICON_PIC_, ICON_APP_, PARENT_ID_, PATH_, SN_, SHOW_TYPE_, MENU_KEY_, MENU_TYPE_, COMPONENT_, SETTING_TYPE_, BO_LIST_KEY_, URL_, METHOD_, PARAMS_, TENANT_ID_, CREATE_DEP_ID_, CREATE_BY_, CREATE_TIME_, UPDATE_BY_, UPDATE_TIME_)
        VALUES ('1305325192159514626', '1208980200670081026', '删除', '', NULL, '', '1305324971073556482', '1305324971073556482.1305325192159514626.', 1, '', 'osPropertiesGroupDelete', 'F', '', 'custom', NULL, NULL, NULL, '', '0', '2', '1', '2020-09-14 00:00:00', '', '2020-09-14 00:00:00');

INSERT INTO sys_menu(MENU_ID_, APP_ID_, NAME_, ICON_PC_, ICON_PIC_, ICON_APP_, PARENT_ID_, PATH_, SN_, SHOW_TYPE_, MENU_KEY_, MENU_TYPE_, COMPONENT_, SETTING_TYPE_, BO_LIST_KEY_, URL_, METHOD_, PARAMS_, TENANT_ID_, CREATE_DEP_ID_, CREATE_BY_, CREATE_TIME_, UPDATE_BY_, UPDATE_TIME_)
        VALUES ('1305330425287757826', '1208980476072275970', '流程归档', '{\"type\":\"brand_logo\",\"icon\":\"book\"}', 'book', '', '0', '0.1305330425287757826.', 3, 'URL', 'BpmArchiveLogList', 'C', 'modules/bpm/core/BpmArchiveLogList', 'custom', NULL, NULL, NULL, '', '0', '2', '1', '2020-09-14 00:00:00', '1', '2020-09-24 00:00:00');

INSERT INTO sys_menu(MENU_ID_, APP_ID_, NAME_, ICON_PC_, ICON_PIC_, ICON_APP_, PARENT_ID_, PATH_, SN_, SHOW_TYPE_, MENU_KEY_, MENU_TYPE_, COMPONENT_, SETTING_TYPE_, BO_LIST_KEY_, URL_, METHOD_, PARAMS_, TENANT_ID_, CREATE_DEP_ID_, CREATE_BY_, CREATE_TIME_, UPDATE_BY_, UPDATE_TIME_)
        VALUES ('1305330478559612929', '1208980476072275970', '新增', '', NULL, '', '1305330425287757826', '0.1305330425287757826.1305330478559612929.', 1, '', 'bpmArchiveLogAdd', 'F', '', 'custom', NULL, NULL, NULL, '', '0', '2', '1', '2020-09-14 00:00:00', '', '2020-09-14 00:00:00');

INSERT INTO sys_menu(MENU_ID_, APP_ID_, NAME_, ICON_PC_, ICON_PIC_, ICON_APP_, PARENT_ID_, PATH_, SN_, SHOW_TYPE_, MENU_KEY_, MENU_TYPE_, COMPONENT_, SETTING_TYPE_, BO_LIST_KEY_, URL_, METHOD_, PARAMS_, TENANT_ID_, CREATE_DEP_ID_, CREATE_BY_, CREATE_TIME_, UPDATE_BY_, UPDATE_TIME_)
        VALUES ('1305330535048499202', '1208980476072275970', '删除', '', NULL, '', '1305330425287757826', '0.1305330425287757826.1305330535048499202.', 1, '', 'bpmArchiveLogDelete', 'F', '', 'custom', NULL, NULL, NULL, '', '0', '2', '1', '2020-09-14 00:00:00', '', '2020-09-14 00:00:00');

INSERT INTO sys_menu(MENU_ID_, APP_ID_, NAME_, ICON_PC_, ICON_PIC_, ICON_APP_, PARENT_ID_, PATH_, SN_, SHOW_TYPE_, MENU_KEY_, MENU_TYPE_, COMPONENT_, SETTING_TYPE_, BO_LIST_KEY_, URL_, METHOD_, PARAMS_, TENANT_ID_, CREATE_DEP_ID_, CREATE_BY_, CREATE_TIME_, UPDATE_BY_, UPDATE_TIME_)
        VALUES ('1306045780712865793', '1216010678984933378', '编辑', NULL, NULL, NULL, '1286853619731222529', '0.1286853619731222529.1306045780712865793.', 1, NULL, 'formRuleEdit', 'F', NULL, 'custom', NULL, NULL, NULL, NULL, '0', '2', '1', '2020-09-16 00:00:00', NULL, '2020-09-16 00:00:00');

INSERT INTO sys_menu(MENU_ID_, APP_ID_, NAME_, ICON_PC_, ICON_PIC_, ICON_APP_, PARENT_ID_, PATH_, SN_, SHOW_TYPE_, MENU_KEY_, MENU_TYPE_, COMPONENT_, SETTING_TYPE_, BO_LIST_KEY_, URL_, METHOD_, PARAMS_, TENANT_ID_, CREATE_DEP_ID_, CREATE_BY_, CREATE_TIME_, UPDATE_BY_, UPDATE_TIME_)
        VALUES ('1306045843447070721', '1216010678984933378', '新增', NULL, NULL, NULL, '1286853619731222529', '0.1286853619731222529.1306045843447070721.', 1, NULL, 'formRuleAdd', 'F', NULL, 'custom', NULL, NULL, NULL, NULL, '0', '2', '1', '2020-09-16 00:00:00', NULL, '2020-09-16 00:00:00');

INSERT INTO sys_menu(MENU_ID_, APP_ID_, NAME_, ICON_PC_, ICON_PIC_, ICON_APP_, PARENT_ID_, PATH_, SN_, SHOW_TYPE_, MENU_KEY_, MENU_TYPE_, COMPONENT_, SETTING_TYPE_, BO_LIST_KEY_, URL_, METHOD_, PARAMS_, TENANT_ID_, CREATE_DEP_ID_, CREATE_BY_, CREATE_TIME_, UPDATE_BY_, UPDATE_TIME_)
        VALUES ('1306045964670844930', '1216010678984933378', '删除', NULL, NULL, NULL, '1286853619731222529', '0.1286853619731222529.1306045964670844930.', 1, NULL, 'formRuleDelete', 'F', NULL, 'custom', NULL, NULL, NULL, NULL, '0', '2', '1', '2020-09-16 00:00:00', NULL, '2020-09-16 00:00:00');

INSERT INTO sys_menu(MENU_ID_, APP_ID_, NAME_, ICON_PC_, ICON_PIC_, ICON_APP_, PARENT_ID_, PATH_, SN_, SHOW_TYPE_, MENU_KEY_, MENU_TYPE_, COMPONENT_, SETTING_TYPE_, BO_LIST_KEY_, URL_, METHOD_, PARAMS_, TENANT_ID_, CREATE_DEP_ID_, CREATE_BY_, CREATE_TIME_, UPDATE_BY_, UPDATE_TIME_)
        VALUES ('1308231134028992513', '1216010678984933378', '页面定制', '{\"type\":\"editor\",\"icon\":\"highlight\"}', 'highlight', NULL, '1274947857612177410', '0.1274947857612177410.1308231134028992513.', 6, 'URL', 'formCustomList', 'C', 'modules/form/core/FormCustomList.vue', 'custom', NULL, NULL, NULL, NULL, '0', '2', '1', '2020-09-24 11:32:42', NULL, '2020-09-24 11:32:42');

INSERT INTO sys_menu(MENU_ID_, APP_ID_, NAME_, ICON_PC_, ICON_PIC_, ICON_APP_, PARENT_ID_, PATH_, SN_, SHOW_TYPE_, MENU_KEY_, MENU_TYPE_, COMPONENT_, SETTING_TYPE_, BO_LIST_KEY_, URL_, METHOD_, PARAMS_, TENANT_ID_, CREATE_DEP_ID_, CREATE_BY_, CREATE_TIME_, UPDATE_BY_, UPDATE_TIME_)
        VALUES ('1308654677577383938', '1216010678984933378', '数据脱敏', '{\"type\":\"directional\",\"icon\":\"pic-right\"}', 'pic-right', NULL, '0', '0.1308654677577383938.', 10, 'URL', 'formRegLibList', 'C', 'modules/form/core/FormRegLibList', 'custom', NULL, NULL, NULL, NULL, '0', '2', '1', '2020-09-24 00:00:00', NULL, '2020-09-24 00:00:00');

INSERT INTO sys_menu(MENU_ID_, APP_ID_, NAME_, ICON_PC_, ICON_PIC_, ICON_APP_, PARENT_ID_, PATH_, SN_, SHOW_TYPE_, MENU_KEY_, MENU_TYPE_, COMPONENT_, SETTING_TYPE_, BO_LIST_KEY_, URL_, METHOD_, PARAMS_, TENANT_ID_, CREATE_DEP_ID_, CREATE_BY_, CREATE_TIME_, UPDATE_BY_, UPDATE_TIME_)
        VALUES ('1308967447961300994', '1257961844557897730', '参考页', '{\"type\":\"directional\",\"icon\":\"right-circle\"}', 'right-circle', NULL, '0', '0.1308967447961300994.', 1, 'URL', 'RouteView', 'C', NULL, 'custom', NULL, NULL, NULL, NULL, '0', '2', '1', '2020-09-24 00:00:00', '1', '2020-09-24 00:00:00');

INSERT INTO sys_menu(MENU_ID_, APP_ID_, NAME_, ICON_PC_, ICON_PIC_, ICON_APP_, PARENT_ID_, PATH_, SN_, SHOW_TYPE_, MENU_KEY_, MENU_TYPE_, COMPONENT_, SETTING_TYPE_, BO_LIST_KEY_, URL_, METHOD_, PARAMS_, TENANT_ID_, CREATE_DEP_ID_, CREATE_BY_, CREATE_TIME_, UPDATE_BY_, UPDATE_TIME_)
        VALUES ('1308967867312009217', '1257961844557897730', '布局控件', '{\"type\":\"directional\",\"icon\":\"pic-left\"}', 'pic-left', NULL, '1308967447961300994', '0.1308967447961300994.1308967867312009217.', 1, 'URL', 'rxlayoutlist', 'C', 'assembly/rxlayout', 'custom', NULL, NULL, NULL, NULL, '0', '2', '1', '2020-09-24 00:00:00', NULL, '2020-09-24 00:00:00');

INSERT INTO sys_menu(MENU_ID_, APP_ID_, NAME_, ICON_PC_, ICON_PIC_, ICON_APP_, PARENT_ID_, PATH_, SN_, SHOW_TYPE_, MENU_KEY_, MENU_TYPE_, COMPONENT_, SETTING_TYPE_, BO_LIST_KEY_, URL_, METHOD_, PARAMS_, TENANT_ID_, CREATE_DEP_ID_, CREATE_BY_, CREATE_TIME_, UPDATE_BY_, UPDATE_TIME_)
        VALUES ('1308968012229406722', '1257961844557897730', '弹窗按钮布局', '{\"type\":\"directional\",\"icon\":\"fullscreen\"}', 'fullscreen', NULL, '1308967447961300994', '0.1308967447961300994.1308968012229406722.', 2, 'URL', 'rxdialoglist', 'C', 'assembly/rxdialog', 'custom', NULL, NULL, NULL, NULL, '0', '2', '1', '2020-09-24 00:00:00', NULL, '2020-09-24 00:00:00');

INSERT INTO sys_menu(MENU_ID_, APP_ID_, NAME_, ICON_PC_, ICON_PIC_, ICON_APP_, PARENT_ID_, PATH_, SN_, SHOW_TYPE_, MENU_KEY_, MENU_TYPE_, COMPONENT_, SETTING_TYPE_, BO_LIST_KEY_, URL_, METHOD_, PARAMS_, TENANT_ID_, CREATE_DEP_ID_, CREATE_BY_, CREATE_TIME_, UPDATE_BY_, UPDATE_TIME_)
        VALUES ('1308968164868517889', '1257961844557897730', '表格控件', '{\"type\":\"brand_logo\",\"icon\":\"calendar\"}', 'calendar', NULL, '1308967447961300994', '0.1308967447961300994.1308968164868517889.', 3, 'URL', 'rxgridlist', 'C', 'assembly/rxgrid', 'custom', NULL, NULL, NULL, NULL, '0', '2', '1', '2020-09-24 00:00:00', NULL, '2020-09-24 00:00:00');

INSERT INTO sys_menu(MENU_ID_, APP_ID_, NAME_, ICON_PC_, ICON_PIC_, ICON_APP_, PARENT_ID_, PATH_, SN_, SHOW_TYPE_, MENU_KEY_, MENU_TYPE_, COMPONENT_, SETTING_TYPE_, BO_LIST_KEY_, URL_, METHOD_, PARAMS_, TENANT_ID_, CREATE_DEP_ID_, CREATE_BY_, CREATE_TIME_, UPDATE_BY_, UPDATE_TIME_)
        VALUES ('1308968278555127810', '1257961844557897730', '文本与树控', '{\"type\":\"brand_logo\",\"icon\":\"code\"}', 'code', NULL, '1308967447961300994', '0.1308967447961300994.1308968278555127810.', 4, 'URL', 'rxtextboxlist', 'C', 'assembly/rxtextboxlist', 'custom', NULL, NULL, NULL, NULL, '0', '2', '1', '2020-09-24 00:00:00', NULL, '2020-09-24 00:00:00');

INSERT INTO sys_menu(MENU_ID_, APP_ID_, NAME_, ICON_PC_, ICON_PIC_, ICON_APP_, PARENT_ID_, PATH_, SN_, SHOW_TYPE_, MENU_KEY_, MENU_TYPE_, COMPONENT_, SETTING_TYPE_, BO_LIST_KEY_, URL_, METHOD_, PARAMS_, TENANT_ID_, CREATE_DEP_ID_, CREATE_BY_, CREATE_TIME_, UPDATE_BY_, UPDATE_TIME_)
        VALUES ('1308968502723899394', '1257961844557897730', '图表示例', '{\"type\":\"brand_logo\",\"icon\":\"rocket\"}', 'rocket', NULL, '0', '0.1308968502723899394.', 2, 'URL', 'EchartDemo', 'C', NULL, 'custom', NULL, NULL, NULL, NULL, '0', '2', '1', '2020-09-24 00:00:00', '1', '2020-09-24 00:00:00');

INSERT INTO sys_menu(MENU_ID_, APP_ID_, NAME_, ICON_PC_, ICON_PIC_, ICON_APP_, PARENT_ID_, PATH_, SN_, SHOW_TYPE_, MENU_KEY_, MENU_TYPE_, COMPONENT_, SETTING_TYPE_, BO_LIST_KEY_, URL_, METHOD_, PARAMS_, TENANT_ID_, CREATE_DEP_ID_, CREATE_BY_, CREATE_TIME_, UPDATE_BY_, UPDATE_TIME_)
        VALUES ('1308968817112150018', '1257961844557897730', '地图图表', '{\"type\":\"directional\",\"icon\":\"retweet\"}', 'retweet', NULL, '1308968502723899394', '0.1308968502723899394.1308968817112150018.', 1, 'URL', 'mapChart', 'C', 'modules/charts/ChartMap.vue', 'custom', NULL, NULL, NULL, NULL, '0', '2', '1', '2020-09-24 00:00:00', NULL, '2020-09-24 00:00:00');

INSERT INTO sys_menu(MENU_ID_, APP_ID_, NAME_, ICON_PC_, ICON_PIC_, ICON_APP_, PARENT_ID_, PATH_, SN_, SHOW_TYPE_, MENU_KEY_, MENU_TYPE_, COMPONENT_, SETTING_TYPE_, BO_LIST_KEY_, URL_, METHOD_, PARAMS_, TENANT_ID_, CREATE_DEP_ID_, CREATE_BY_, CREATE_TIME_, UPDATE_BY_, UPDATE_TIME_)
        VALUES ('1308968968958537729', '1257961844557897730', '各类图表', '{\"type\":\"editor\",\"icon\":\"align-center\"}', 'align-center', NULL, '1308968502723899394', '0.1308968502723899394.1308968968958537729.', 2, 'URL', 'PieExample', 'C', 'modules/charts/ChartMain.vue', 'custom', NULL, NULL, NULL, NULL, '0', '2', '1', '2020-09-24 00:00:00', NULL, '2020-09-24 00:00:00');

INSERT INTO sys_menu(MENU_ID_, APP_ID_, NAME_, ICON_PC_, ICON_PIC_, ICON_APP_, PARENT_ID_, PATH_, SN_, SHOW_TYPE_, MENU_KEY_, MENU_TYPE_, COMPONENT_, SETTING_TYPE_, BO_LIST_KEY_, URL_, METHOD_, PARAMS_, TENANT_ID_, CREATE_DEP_ID_, CREATE_BY_, CREATE_TIME_, UPDATE_BY_, UPDATE_TIME_)
        VALUES ('1336224385327091714', '1208980374695948289', '文件存储', '{\"type\":\"editor\",\"icon\":\"copy\"}', 'copy', NULL, '0', '0.1336224385327091714.', 9, 'URL', 'SysFileStore', 'C', 'modules/system/core/file/SysFileStoreEdit.vue', 'custom', NULL, NULL, NULL, NULL, NULL, NULL, '1', '2020-12-08 00:00:00', '1', '2020-12-09 00:00:00');

INSERT INTO sys_menu(MENU_ID_, APP_ID_, NAME_, ICON_PC_, ICON_PIC_, ICON_APP_, PARENT_ID_, PATH_, SN_, SHOW_TYPE_, MENU_KEY_, MENU_TYPE_, COMPONENT_, SETTING_TYPE_, BO_LIST_KEY_, URL_, METHOD_, PARAMS_, TENANT_ID_, CREATE_DEP_ID_, CREATE_BY_, CREATE_TIME_, UPDATE_BY_, UPDATE_TIME_)
        VALUES ('1353613805231726593', '1208980374695948289', 'Excel导入', '{\"type\":\"customIcon\",\"icon\":\"iconcaidan-shi\"}', 'iconcaidan-shi', NULL, '1260748542887034882', '0.1260748542887034882.1353613805231726593.', 1, 'URL', 'ImportExcel', 'C', 'modules/system/core/ImportExcelList', 'custom', NULL, NULL, NULL, NULL, NULL, '1', '1', '2021-01-25 16:00:55', '1', '2021-01-25 16:01:29');

INSERT INTO sys_menu(MENU_ID_, APP_ID_, NAME_, ICON_PC_, ICON_PIC_, ICON_APP_, PARENT_ID_, PATH_, SN_, SHOW_TYPE_, MENU_KEY_, MENU_TYPE_, COMPONENT_, SETTING_TYPE_, BO_LIST_KEY_, URL_, METHOD_, PARAMS_, TENANT_ID_, CREATE_DEP_ID_, CREATE_BY_, CREATE_TIME_, UPDATE_BY_, UPDATE_TIME_)
        VALUES ('1364462564484026369', '1257928508099674114', '申请加入机构', '{\"type\":\"editor\",\"icon\":\"form\"}', 'form', NULL, '0', '0.1364462564484026369.', 1, 'URL', 'OsInstShowCanApplyList', 'C', 'modules/user/org/OsInstShowCanApplyList.vue', 'custom', NULL, NULL, NULL, NULL, '1', NULL, '1', '2021-02-24 00:00:00', NULL, '2021-02-24 00:00:00');

INSERT INTO sys_menu(MENU_ID_, APP_ID_, NAME_, ICON_PC_, ICON_PIC_, ICON_APP_, PARENT_ID_, PATH_, SN_, SHOW_TYPE_, MENU_KEY_, MENU_TYPE_, COMPONENT_, SETTING_TYPE_, BO_LIST_KEY_, URL_, METHOD_, PARAMS_, TENANT_ID_, CREATE_DEP_ID_, CREATE_BY_, CREATE_TIME_, UPDATE_BY_, UPDATE_TIME_)
        VALUES ('1364462772253069314', '1208980200670081026', '机构审批申请', '{\"type\":\"editor\",\"icon\":\"form\"}', 'form', NULL, '9', '1364462772253069314.', 1, 'URL', 'OsInstShowApplyInstList', 'C', 'modules/user/org/OsInstShowApplyInstList.vue', 'custom', NULL, NULL, NULL, NULL, '1', NULL, '1', '2021-02-24 00:00:00', NULL, '2021-02-24 00:00:00');

INSERT INTO sys_menu(MENU_ID_, APP_ID_, NAME_, ICON_PC_, ICON_PIC_, ICON_APP_, PARENT_ID_, PATH_, SN_, SHOW_TYPE_, MENU_KEY_, MENU_TYPE_, COMPONENT_, SETTING_TYPE_, BO_LIST_KEY_, URL_, METHOD_, PARAMS_, TENANT_ID_, CREATE_DEP_ID_, CREATE_BY_, CREATE_TIME_, UPDATE_BY_, UPDATE_TIME_)
        VALUES ('1371080697661370369', '1216010678984933378', '表单公式日志', '{\"type\":\"customIcon\",\"icon\":\"iconcaidan-shi\"}', 'iconcaidan-shi', NULL, '1274947857612177410', '0.1274947857612177410.1371080697661370369.', 1, 'URL', 'FormSqlLogList', 'C', 'modules/form/core/FormSqlLogList.vue', 'custom', NULL, NULL, NULL, NULL, '1', NULL, '1', '2021-03-14 00:00:00', NULL, '2021-03-14 00:00:00');

INSERT INTO sys_menu(MENU_ID_, APP_ID_, NAME_, ICON_PC_, ICON_PIC_, ICON_APP_, PARENT_ID_, PATH_, SN_, SHOW_TYPE_, MENU_KEY_, MENU_TYPE_, COMPONENT_, SETTING_TYPE_, BO_LIST_KEY_, URL_, METHOD_, PARAMS_, TENANT_ID_, CREATE_DEP_ID_, CREATE_BY_, CREATE_TIME_, UPDATE_BY_, UPDATE_TIME_)
        VALUES ('1371092826967781378', '1208980200670081026', '钉钉微信集成', '{\"type\":\"customIcon\",\"icon\":\"iconjiagouliucheng\"}', 'iconjiagouliucheng', NULL, '0', '0.1371092826967781378.', 1, 'URL', 'ddWxIntegration', 'C', NULL, 'custom', NULL, NULL, NULL, NULL, '1', NULL, '1', '2021-03-14 00:00:00', NULL, '2021-03-14 00:00:00');

INSERT INTO sys_menu(MENU_ID_, APP_ID_, NAME_, ICON_PC_, ICON_PIC_, ICON_APP_, PARENT_ID_, PATH_, SN_, SHOW_TYPE_, MENU_KEY_, MENU_TYPE_, COMPONENT_, SETTING_TYPE_, BO_LIST_KEY_, URL_, METHOD_, PARAMS_, TENANT_ID_, CREATE_DEP_ID_, CREATE_BY_, CREATE_TIME_, UPDATE_BY_, UPDATE_TIME_)
        VALUES ('1371093843239251969', '1208980200670081026', '企业微信应用', '{\"type\":\"customIcon\",\"icon\":\"iconweixin\"}', 'iconweixin', NULL, '1371092826967781378', '0.1371092826967781378.1371093843239251969.', 1, 'URL', 'OsWxEntAgentList', 'C', 'modules/user/org/wechat/OsWxEntAgentList.vue', 'custom', NULL, NULL, NULL, NULL, '1', NULL, '1', '2021-03-14 00:00:00', NULL, '2021-03-14 00:00:00');

INSERT INTO sys_menu(MENU_ID_, APP_ID_, NAME_, ICON_PC_, ICON_PIC_, ICON_APP_, PARENT_ID_, PATH_, SN_, SHOW_TYPE_, MENU_KEY_, MENU_TYPE_, COMPONENT_, SETTING_TYPE_, BO_LIST_KEY_, URL_, METHOD_, PARAMS_, TENANT_ID_, CREATE_DEP_ID_, CREATE_BY_, CREATE_TIME_, UPDATE_BY_, UPDATE_TIME_)
        VALUES ('1371094328977403905', '1208980200670081026', '钉钉应用管理', '{\"type\":\"customIcon\",\"icon\":\"iconhexiao\"}', 'iconhexiao', NULL, '1371092826967781378', '0.1371092826967781378.1371094328977403905.', 1, 'URL', 'OsDdAgentList', 'C', 'modules/user/org/OsDdAgentList.vue', 'custom', NULL, NULL, NULL, NULL, '1', NULL, '1', '2021-03-14 00:00:00', NULL, '2021-03-14 00:00:00');

INSERT INTO sys_menu(MENU_ID_, APP_ID_, NAME_, ICON_PC_, ICON_PIC_, ICON_APP_, PARENT_ID_, PATH_, SN_, SHOW_TYPE_, MENU_KEY_, MENU_TYPE_, COMPONENT_, SETTING_TYPE_, BO_LIST_KEY_, URL_, METHOD_, PARAMS_, TENANT_ID_, CREATE_DEP_ID_, CREATE_BY_, CREATE_TIME_, UPDATE_BY_, UPDATE_TIME_)
        VALUES ('1371097248343011329', '1208980374695948289', '日志管理', '{\"type\":\"customIcon\",\"icon\":\"iconchakandaping\"}', 'iconchakandaping', NULL, '1260748542887034882', '0.1260748542887034882.1371097248343011329.', 1, 'URL', 'SysLogList', 'C', 'modules/system/core/SysLogList.vue', 'custom', NULL, NULL, NULL, NULL, '1', NULL, '1', '2021-03-14 00:00:00', NULL, '2021-03-14 00:00:00');

INSERT INTO sys_menu(MENU_ID_, APP_ID_, NAME_, ICON_PC_, ICON_PIC_, ICON_APP_, PARENT_ID_, PATH_, SN_, SHOW_TYPE_, MENU_KEY_, MENU_TYPE_, COMPONENT_, SETTING_TYPE_, BO_LIST_KEY_, URL_, METHOD_, PARAMS_, TENANT_ID_, CREATE_DEP_ID_, CREATE_BY_, CREATE_TIME_, UPDATE_BY_, UPDATE_TIME_)
        VALUES ('1372067911683969025', '1216010678984933378', '数据权限类型管理', '{\"type\":\"editor\",\"icon\":\"copy\"}', 'copy', NULL, '1274947857612177410', '0.1274947857612177410.1372067911683969025.', 1, 'URL', 'formEntityDataTypeList', 'C', 'modules/form/core/FormEntityDataTypeList', 'custom', NULL, NULL, NULL, NULL, '1', '1', '1', '2021-03-17 00:00:00', NULL, '2021-03-17 00:00:00');

INSERT INTO sys_menu(MENU_ID_, APP_ID_, NAME_, ICON_PC_, ICON_PIC_, ICON_APP_, PARENT_ID_, PATH_, SN_, SHOW_TYPE_, MENU_KEY_, MENU_TYPE_, COMPONENT_, SETTING_TYPE_, BO_LIST_KEY_, URL_, METHOD_, PARAMS_, TENANT_ID_, CREATE_DEP_ID_, CREATE_BY_, CREATE_TIME_, UPDATE_BY_, UPDATE_TIME_)
        VALUES ('1372068139174629378', '1216010678984933378', '数据权限角色管理', '{\"type\":\"editor\",\"icon\":\"copy\"}', 'copy', NULL, '1274947857612177410', '0.1274947857612177410.1372068139174629378.', 1, 'URL', 'formEntityDataSettingList', 'C', 'modules/form/core/FormEntityDataSettingList', 'custom', NULL, NULL, NULL, NULL, '1', '1', '1', '2021-03-17 00:00:00', NULL, '2021-03-17 00:00:00');

INSERT INTO sys_menu(MENU_ID_, APP_ID_, NAME_, ICON_PC_, ICON_PIC_, ICON_APP_, PARENT_ID_, PATH_, SN_, SHOW_TYPE_, MENU_KEY_, MENU_TYPE_, COMPONENT_, SETTING_TYPE_, BO_LIST_KEY_, URL_, METHOD_, PARAMS_, TENANT_ID_, CREATE_DEP_ID_, CREATE_BY_, CREATE_TIME_, UPDATE_BY_, UPDATE_TIME_)
        VALUES ('1386621109043757058', '1216010678984933378', '图表数据模型', '{\"type\":\"customIcon\",\"icon\":\"iconqrcode_fill\"}', 'iconqrcode_fill', NULL, '1274947857612177410', '0.1274947857612177410.1386621109043757058.', 1, 'URL', 'ChartDataModel', 'C', 'modules/form/core/ChartDataModelList.vue', 'custom', NULL, NULL, NULL, NULL, '1', '1', '1', '2021-04-26 00:00:00', '1', '2021-06-01 00:00:00');

INSERT INTO sys_menu(MENU_ID_, APP_ID_, NAME_, ICON_PC_, ICON_PIC_, ICON_APP_, PARENT_ID_, PATH_, SN_, SHOW_TYPE_, MENU_KEY_, MENU_TYPE_, COMPONENT_, SETTING_TYPE_, BO_LIST_KEY_, URL_, METHOD_, PARAMS_, TENANT_ID_, CREATE_DEP_ID_, CREATE_BY_, CREATE_TIME_, UPDATE_BY_, UPDATE_TIME_)
        VALUES ('1394197475231150081', '1211584063094243329', '栏目模板', '{\"type\":\"customIcon\",\"icon\":\"iconzhibo\"}', 'iconzhibo', NULL, '0', '0.1394197475231150081.', 1, 'URL', 'InsColumnTempList', 'C', 'modules/portal/core/InsColumnTempList', 'custom', NULL, NULL, NULL, NULL, '1', NULL, '1', '2021-05-17 00:00:00', NULL, '2021-05-17 00:00:00');

INSERT INTO sys_menu(MENU_ID_, APP_ID_, NAME_, ICON_PC_, ICON_PIC_, ICON_APP_, PARENT_ID_, PATH_, SN_, SHOW_TYPE_, MENU_KEY_, MENU_TYPE_, COMPONENT_, SETTING_TYPE_, BO_LIST_KEY_, URL_, METHOD_, PARAMS_, TENANT_ID_, CREATE_DEP_ID_, CREATE_BY_, CREATE_TIME_, UPDATE_BY_, UPDATE_TIME_)
        VALUES ('14', '1208980200670081026', '组织管理', '{\"type\":\"brand_logo\",\"icon\":\"team\"}', 'team', '', '12', '0.12.13.', 2, 'URL', 'groupList', 'C', 'modules/user/org/OsGroupList', 'custom', NULL, NULL, NULL, '', '0', '', '', '2019-11-08 00:00:00', '1', '2020-09-24 00:00:00');

INSERT INTO sys_menu(MENU_ID_, APP_ID_, NAME_, ICON_PC_, ICON_PIC_, ICON_APP_, PARENT_ID_, PATH_, SN_, SHOW_TYPE_, MENU_KEY_, MENU_TYPE_, COMPONENT_, SETTING_TYPE_, BO_LIST_KEY_, URL_, METHOD_, PARAMS_, TENANT_ID_, CREATE_DEP_ID_, CREATE_BY_, CREATE_TIME_, UPDATE_BY_, UPDATE_TIME_)
        VALUES ('1418090742926475265', '1208980374695948289', '错误日志', '{\"type\":\"customIcon\",\"icon\":\"iconcaidan\"}', 'iconcaidan', NULL, '1260748542887034882', '0.1260748542887034882.1418090742926475265.', 1, 'URL', 'ErrorLog', 'C', 'modules/system/core/SysErrorLogList.vue', 'custom', NULL, NULL, NULL, '', '1', NULL, '1', '2021-07-22 14:09:15', '1', '2021-07-22 14:52:16');

INSERT INTO sys_menu(MENU_ID_, APP_ID_, NAME_, ICON_PC_, ICON_PIC_, ICON_APP_, PARENT_ID_, PATH_, SN_, SHOW_TYPE_, MENU_KEY_, MENU_TYPE_, COMPONENT_, SETTING_TYPE_, BO_LIST_KEY_, URL_, METHOD_, PARAMS_, TENANT_ID_, CREATE_DEP_ID_, CREATE_BY_, CREATE_TIME_, UPDATE_BY_, UPDATE_TIME_)
        VALUES ('1423573455319605249', '1208980374695948289', '全局变量', '{\"type\":\"customIcon\",\"icon\":\"iconweixin\"}', 'iconweixin', NULL, '1428261214437294082', '0.1428261214437294082.1423573455319605249.', 1, 'URL', 'GlobalVarConfig', 'C', 'modules/form/core/GlobalVarConfig.vue', 'custom', NULL, NULL, NULL, NULL, '1', '1', '1', '2021-08-06 17:15:35', '1', '2021-08-19 15:44:56');

INSERT INTO sys_menu(MENU_ID_, APP_ID_, NAME_, ICON_PC_, ICON_PIC_, ICON_APP_, PARENT_ID_, PATH_, SN_, SHOW_TYPE_, MENU_KEY_, MENU_TYPE_, COMPONENT_, SETTING_TYPE_, BO_LIST_KEY_, URL_, METHOD_, PARAMS_, TENANT_ID_, CREATE_DEP_ID_, CREATE_BY_, CREATE_TIME_, UPDATE_BY_, UPDATE_TIME_)
        VALUES ('1424565450276134913', '1208980374695948289', '代码生成模板管理', '{\"type\":\"customIcon\",\"icon\":\"iconweixin\"}', 'iconweixin', NULL, '1428261214437294082', '0.1428261214437294082.1424565450276134913.', 1, 'URL', 'CodeGenTemplateList', 'C', 'modules/form/core/CodeGenTemplateList.vue', 'custom', NULL, NULL, NULL, NULL, '1', '1', '1', '2021-08-09 10:57:25', '1', '2021-08-19 15:44:42');

INSERT INTO sys_menu(MENU_ID_, APP_ID_, NAME_, ICON_PC_, ICON_PIC_, ICON_APP_, PARENT_ID_, PATH_, SN_, SHOW_TYPE_, MENU_KEY_, MENU_TYPE_, COMPONENT_, SETTING_TYPE_, BO_LIST_KEY_, URL_, METHOD_, PARAMS_, TENANT_ID_, CREATE_DEP_ID_, CREATE_BY_, CREATE_TIME_, UPDATE_BY_, UPDATE_TIME_)
        VALUES ('1428261214437294082', '1208980374695948289', '代码生成配置', '{\"type\":\"customIcon\",\"icon\":\"iconjiagouliucheng\"}', 'iconjiagouliucheng', NULL, '0', '0.1428261214437294082.', 1, 'URL', 'CODEGENCONFIG', 'C', NULL, 'custom', NULL, NULL, NULL, NULL, '1', '1', '1', '2021-08-19 15:43:04', NULL, '2021-08-19 15:43:04');

INSERT INTO sys_menu(MENU_ID_, APP_ID_, NAME_, ICON_PC_, ICON_PIC_, ICON_APP_, PARENT_ID_, PATH_, SN_, SHOW_TYPE_, MENU_KEY_, MENU_TYPE_, COMPONENT_, SETTING_TYPE_, BO_LIST_KEY_, URL_, METHOD_, PARAMS_, TENANT_ID_, CREATE_DEP_ID_, CREATE_BY_, CREATE_TIME_, UPDATE_BY_, UPDATE_TIME_)
        VALUES ('1429745529077387266', '1208980374695948289', '资源库管理', '{\"type\":\"customIcon\",\"icon\":\"iconsever\"}', 'iconsever', NULL, '1431191712496943105', '0.1431191712496943105.1429745529077387266.', 1, 'URL', 'SysKettleDbdefList', 'C', 'modules/system/core/SysKettleDbdefList', 'custom', NULL, NULL, NULL, NULL, '1', '1', '1', '2021-08-23 18:01:12', '1', '2021-08-27 18:03:07');

INSERT INTO sys_menu(MENU_ID_, APP_ID_, NAME_, ICON_PC_, ICON_PIC_, ICON_APP_, PARENT_ID_, PATH_, SN_, SHOW_TYPE_, MENU_KEY_, MENU_TYPE_, COMPONENT_, SETTING_TYPE_, BO_LIST_KEY_, URL_, METHOD_, PARAMS_, TENANT_ID_, CREATE_DEP_ID_, CREATE_BY_, CREATE_TIME_, UPDATE_BY_, UPDATE_TIME_)
        VALUES ('1429745675387293698', '1208980374695948289', '作业转换管理', '{\"type\":\"customIcon\",\"icon\":\"iconxinwen\"}', 'iconxinwen', NULL, '1431191712496943105', '0.1431191712496943105.1429745675387293698.', 2, 'URL', 'SysKettleDefList', 'C', 'modules/system/core/SysKettleDefList', 'custom', NULL, NULL, NULL, NULL, '1', '1', '1', '2021-08-23 18:01:47', '1', '2021-08-27 18:03:10');

INSERT INTO sys_menu(MENU_ID_, APP_ID_, NAME_, ICON_PC_, ICON_PIC_, ICON_APP_, PARENT_ID_, PATH_, SN_, SHOW_TYPE_, MENU_KEY_, MENU_TYPE_, COMPONENT_, SETTING_TYPE_, BO_LIST_KEY_, URL_, METHOD_, PARAMS_, TENANT_ID_, CREATE_DEP_ID_, CREATE_BY_, CREATE_TIME_, UPDATE_BY_, UPDATE_TIME_)
        VALUES ('1431191712496943105', '1208980374695948289', 'KETTLE管理', '{\"type\":\"customIcon\",\"icon\":\"iconshujudaochu\"}', 'iconshujudaochu', NULL, '0', '0.1431191712496943105.', 12, 'URL', 'kettleManagement', 'C', NULL, 'custom', NULL, NULL, NULL, NULL, '1', '1', '1', '2021-08-27 17:47:49', '1', '2021-08-27 17:48:22');

INSERT INTO sys_menu(MENU_ID_, APP_ID_, NAME_, ICON_PC_, ICON_PIC_, ICON_APP_, PARENT_ID_, PATH_, SN_, SHOW_TYPE_, MENU_KEY_, MENU_TYPE_, COMPONENT_, SETTING_TYPE_, BO_LIST_KEY_, URL_, METHOD_, PARAMS_, TENANT_ID_, CREATE_DEP_ID_, CREATE_BY_, CREATE_TIME_, UPDATE_BY_, UPDATE_TIME_)
        VALUES ('1431195527581294594', '1208980374695948289', 'KETTLE任务调度', '{\"type\":\"customIcon\",\"icon\":\"iconintegral-fill\"}', 'iconintegral-fill', NULL, '1431191712496943105', '0.1431191712496943105.1431195527581294594.', 3, 'URL', 'SysKettleJobList', 'C', 'modules/system/core/SysKettleJobList.vue', 'custom', NULL, NULL, NULL, NULL, '1', '1', '1', '2021-08-27 18:02:59', NULL, '2021-08-27 18:02:59');

INSERT INTO sys_menu(MENU_ID_, APP_ID_, NAME_, ICON_PC_, ICON_PIC_, ICON_APP_, PARENT_ID_, PATH_, SN_, SHOW_TYPE_, MENU_KEY_, MENU_TYPE_, COMPONENT_, SETTING_TYPE_, BO_LIST_KEY_, URL_, METHOD_, PARAMS_, TENANT_ID_, CREATE_DEP_ID_, CREATE_BY_, CREATE_TIME_, UPDATE_BY_, UPDATE_TIME_)
        VALUES ('1432966054587236353', '1208980374695948289', 'Kettle日志记录', '{\"type\":\"customIcon\",\"icon\":\"iconxinwen\"}', 'iconxinwen', NULL, '1431191712496943105', '0.1431191712496943105.1432966054587236353.', 4, 'URL', 'SysKettleLogList', 'C', 'modules/system/core/SysKettleLogList.vue', 'custom', NULL, NULL, NULL, NULL, '1', '1', '1', '2021-09-01 15:18:25', NULL, '2021-09-01 15:18:25');

INSERT INTO sys_menu(MENU_ID_, APP_ID_, NAME_, ICON_PC_, ICON_PIC_, ICON_APP_, PARENT_ID_, PATH_, SN_, SHOW_TYPE_, MENU_KEY_, MENU_TYPE_, COMPONENT_, SETTING_TYPE_, BO_LIST_KEY_, URL_, METHOD_, PARAMS_, TENANT_ID_, CREATE_DEP_ID_, CREATE_BY_, CREATE_TIME_, UPDATE_BY_, UPDATE_TIME_)
        VALUES ('1433354781764894722', '1433346257156587521', '考勤计算', '{\"type\":\"customIcon\",\"icon\":\"iconjiaojiebanguanli\"}', 'iconjiaojiebanguanli', NULL, '1436232403222044673', '0.1436232403222044673.1433354781764894722.', 1, 'URL', 'AttenceCalculateList', 'C', 'modules/ats/AtsAttenceCalculateList', 'custom', NULL, NULL, NULL, NULL, '1', NULL, '1', '2021-09-02 17:03:05', '1', '2021-09-10 15:45:30');

INSERT INTO sys_menu(MENU_ID_, APP_ID_, NAME_, ICON_PC_, ICON_PIC_, ICON_APP_, PARENT_ID_, PATH_, SN_, SHOW_TYPE_, MENU_KEY_, MENU_TYPE_, COMPONENT_, SETTING_TYPE_, BO_LIST_KEY_, URL_, METHOD_, PARAMS_, TENANT_ID_, CREATE_DEP_ID_, CREATE_BY_, CREATE_TIME_, UPDATE_BY_, UPDATE_TIME_)
        VALUES ('1433363589526470657', '1433346257156587521', '假期制度', '{\"type\":\"customIcon\",\"icon\":\"icontoubiaogongzheng\"}', 'icontoubiaogongzheng', NULL, '1436226176190554113', '0.1436226176190554113.1433363589526470657.', 1, 'URL', 'AtsHolidayPolicyList', 'C', 'modules/ats/AtsHolidayPolicyList', 'custom', NULL, NULL, NULL, NULL, '1', NULL, '1', '2021-09-02 17:38:05', '1', '2021-09-10 15:40:22');

INSERT INTO sys_menu(MENU_ID_, APP_ID_, NAME_, ICON_PC_, ICON_PIC_, ICON_APP_, PARENT_ID_, PATH_, SN_, SHOW_TYPE_, MENU_KEY_, MENU_TYPE_, COMPONENT_, SETTING_TYPE_, BO_LIST_KEY_, URL_, METHOD_, PARAMS_, TENANT_ID_, CREATE_DEP_ID_, CREATE_BY_, CREATE_TIME_, UPDATE_BY_, UPDATE_TIME_)
        VALUES ('1433364055580753922', '1433346257156587521', '取卡规则', '{\"type\":\"customIcon\",\"icon\":\"icongongzhanggaizhang\"}', 'icongongzhanggaizhang', NULL, '1436231546682253314', '0.1436231546682253314.1433364055580753922.', 3, 'URL', 'AtsCardRuleList', 'C', 'modules/ats/AtsCardRuleList', 'custom', NULL, NULL, NULL, NULL, '1', NULL, '1', '2021-09-02 17:39:56', '1', '2021-09-10 15:43:50');

INSERT INTO sys_menu(MENU_ID_, APP_ID_, NAME_, ICON_PC_, ICON_PIC_, ICON_APP_, PARENT_ID_, PATH_, SN_, SHOW_TYPE_, MENU_KEY_, MENU_TYPE_, COMPONENT_, SETTING_TYPE_, BO_LIST_KEY_, URL_, METHOD_, PARAMS_, TENANT_ID_, CREATE_DEP_ID_, CREATE_BY_, CREATE_TIME_, UPDATE_BY_, UPDATE_TIME_)
        VALUES ('1433364325073174529', '1433346257156587521', '考勤制度', '{\"type\":\"customIcon\",\"icon\":\"iconshourushoukuan\"}', 'iconshourushoukuan', NULL, '1436231546682253314', '0.1436231546682253314.1433364325073174529.', 1, 'URL', 'AtsAttencePolicyList', 'C', 'modules/ats/AtsAttencePolicyList', 'custom', NULL, NULL, NULL, NULL, '1', NULL, '1', '2021-09-02 17:41:00', '1', '2021-09-10 15:40:59');

INSERT INTO sys_menu(MENU_ID_, APP_ID_, NAME_, ICON_PC_, ICON_PIC_, ICON_APP_, PARENT_ID_, PATH_, SN_, SHOW_TYPE_, MENU_KEY_, MENU_TYPE_, COMPONENT_, SETTING_TYPE_, BO_LIST_KEY_, URL_, METHOD_, PARAMS_, TENANT_ID_, CREATE_DEP_ID_, CREATE_BY_, CREATE_TIME_, UPDATE_BY_, UPDATE_TIME_)
        VALUES ('1433364576530087937', '1433346257156587521', '班次设置', '{\"type\":\"customIcon\",\"icon\":\"iconhexiao\"}', 'iconhexiao', NULL, '1436231546682253314', '0.1436231546682253314.1433364576530087937.', 2, 'URL', 'AtsShiftInfoList', 'C', 'modules/ats/AtsShiftInfoList', 'custom', NULL, NULL, NULL, NULL, '1', NULL, '1', '2021-09-02 17:42:00', '1', '2021-09-10 15:41:42');

INSERT INTO sys_menu(MENU_ID_, APP_ID_, NAME_, ICON_PC_, ICON_PIC_, ICON_APP_, PARENT_ID_, PATH_, SN_, SHOW_TYPE_, MENU_KEY_, MENU_TYPE_, COMPONENT_, SETTING_TYPE_, BO_LIST_KEY_, URL_, METHOD_, PARAMS_, TENANT_ID_, CREATE_DEP_ID_, CREATE_BY_, CREATE_TIME_, UPDATE_BY_, UPDATE_TIME_)
        VALUES ('1433364718733770754', '1433346257156587521', '轮班规则', '{\"type\":\"customIcon\",\"icon\":\"iconxinwen\"}', 'iconxinwen', NULL, '1436231546682253314', '0.1436231546682253314.1433364718733770754.', 7, 'URL', 'AtsShiftRuleList', 'C', 'modules/ats/AtsShiftRuleList', 'custom', NULL, NULL, NULL, NULL, '1', NULL, '1', '2021-09-02 17:42:34', '1', '2021-09-10 15:42:08');

INSERT INTO sys_menu(MENU_ID_, APP_ID_, NAME_, ICON_PC_, ICON_PIC_, ICON_APP_, PARENT_ID_, PATH_, SN_, SHOW_TYPE_, MENU_KEY_, MENU_TYPE_, COMPONENT_, SETTING_TYPE_, BO_LIST_KEY_, URL_, METHOD_, PARAMS_, TENANT_ID_, CREATE_DEP_ID_, CREATE_BY_, CREATE_TIME_, UPDATE_BY_, UPDATE_TIME_)
        VALUES ('1433364985600557058', '1433346257156587521', '考勤组', '{\"type\":\"customIcon\",\"icon\":\"iconfeijichucha\"}', 'iconfeijichucha', NULL, '1436231915898445825', '0.1436231915898445825.1433364985600557058.', 8, 'URL', 'AtsAttenceGroupList', 'C', 'modules/ats/AtsAttenceGroupList', 'custom', NULL, NULL, NULL, NULL, '1', NULL, '1', '2021-09-02 17:43:38', '1', '2021-09-10 15:44:24');

INSERT INTO sys_menu(MENU_ID_, APP_ID_, NAME_, ICON_PC_, ICON_PIC_, ICON_APP_, PARENT_ID_, PATH_, SN_, SHOW_TYPE_, MENU_KEY_, MENU_TYPE_, COMPONENT_, SETTING_TYPE_, BO_LIST_KEY_, URL_, METHOD_, PARAMS_, TENANT_ID_, CREATE_DEP_ID_, CREATE_BY_, CREATE_TIME_, UPDATE_BY_, UPDATE_TIME_)
        VALUES ('1433365170024103938', '1433346257156587521', '排班向导', '{\"type\":\"customIcon\",\"icon\":\"iconjiagouliucheng\"}', 'iconjiagouliucheng', NULL, '1436231915898445825', '0.1436231915898445825.1433365170024103938.', 9, 'URL', 'AtsTypesetWizardList', 'C', 'modules/ats/AtsTypesetWizardList', 'custom', NULL, NULL, NULL, NULL, '1', NULL, '1', '2021-09-02 17:44:22', '1', '2021-09-10 15:44:34');

INSERT INTO sys_menu(MENU_ID_, APP_ID_, NAME_, ICON_PC_, ICON_PIC_, ICON_APP_, PARENT_ID_, PATH_, SN_, SHOW_TYPE_, MENU_KEY_, MENU_TYPE_, COMPONENT_, SETTING_TYPE_, BO_LIST_KEY_, URL_, METHOD_, PARAMS_, TENANT_ID_, CREATE_DEP_ID_, CREATE_BY_, CREATE_TIME_, UPDATE_BY_, UPDATE_TIME_)
        VALUES ('1433365325704085505', '1433346257156587521', '排班列表', '{\"type\":\"customIcon\",\"icon\":\"iconjiaofu\"}', 'iconjiaofu', NULL, '1436231915898445825', '0.1436231915898445825.1433365325704085505.', 10, 'URL', 'AtsScheduleShiftList', 'C', 'modules/ats/AtsScheduleShiftList', 'custom', NULL, NULL, NULL, NULL, '1', NULL, '1', '2021-09-02 17:44:59', '1', '2021-09-10 15:44:44');

INSERT INTO sys_menu(MENU_ID_, APP_ID_, NAME_, ICON_PC_, ICON_PIC_, ICON_APP_, PARENT_ID_, PATH_, SN_, SHOW_TYPE_, MENU_KEY_, MENU_TYPE_, COMPONENT_, SETTING_TYPE_, BO_LIST_KEY_, URL_, METHOD_, PARAMS_, TENANT_ID_, CREATE_DEP_ID_, CREATE_BY_, CREATE_TIME_, UPDATE_BY_, UPDATE_TIME_)
        VALUES ('1433623294408671234', '1433346257156587521', '考勤档案', '{\"type\":\"customIcon\",\"icon\":\"iconjiagouliucheng\"}', 'iconjiagouliucheng', NULL, '1436232403222044673', '0.1436232403222044673.1433623294408671234.', 11, 'URL', 'AtsAttendanceFileList', 'C', 'modules/ats/AtsAttendanceFileList', 'custom', NULL, NULL, NULL, NULL, '1', NULL, '1', '2021-09-03 10:50:04', '1', '2021-09-10 17:15:22');

INSERT INTO sys_menu(MENU_ID_, APP_ID_, NAME_, ICON_PC_, ICON_PIC_, ICON_APP_, PARENT_ID_, PATH_, SN_, SHOW_TYPE_, MENU_KEY_, MENU_TYPE_, COMPONENT_, SETTING_TYPE_, BO_LIST_KEY_, URL_, METHOD_, PARAMS_, TENANT_ID_, CREATE_DEP_ID_, CREATE_BY_, CREATE_TIME_, UPDATE_BY_, UPDATE_TIME_)
        VALUES ('1433623411282952194', '1433346257156587521', '打卡记录', '{\"type\":\"customIcon\",\"icon\":\"iconjiaofu\"}', 'iconjiaofu', NULL, '1436232403222044673', '0.1436232403222044673.1433623411282952194.', 12, 'URL', 'AtsCardRecordList', 'C', 'modules/ats/AtsCardRecordList', 'custom', NULL, NULL, NULL, NULL, '1', NULL, '1', '2021-09-03 10:50:31', '1', '2021-09-10 15:45:55');

INSERT INTO sys_menu(MENU_ID_, APP_ID_, NAME_, ICON_PC_, ICON_PIC_, ICON_APP_, PARENT_ID_, PATH_, SN_, SHOW_TYPE_, MENU_KEY_, MENU_TYPE_, COMPONENT_, SETTING_TYPE_, BO_LIST_KEY_, URL_, METHOD_, PARAMS_, TENANT_ID_, CREATE_DEP_ID_, CREATE_BY_, CREATE_TIME_, UPDATE_BY_, UPDATE_TIME_)
        VALUES ('1433623544062033922', '1433346257156587521', '基础数据', '{\"type\":\"customIcon\",\"icon\":\"iconqiyegongsi\"}', 'iconqiyegongsi', NULL, '0', '0.1433623544062033922.', 1, 'URL', 'AtsBaseItemList', 'C', 'modules/ats/AtsBaseItemList', 'custom', NULL, NULL, NULL, NULL, '1', NULL, '1', '2021-09-03 10:51:03', '1', '2021-09-10 15:11:48');

INSERT INTO sys_menu(MENU_ID_, APP_ID_, NAME_, ICON_PC_, ICON_PIC_, ICON_APP_, PARENT_ID_, PATH_, SN_, SHOW_TYPE_, MENU_KEY_, MENU_TYPE_, COMPONENT_, SETTING_TYPE_, BO_LIST_KEY_, URL_, METHOD_, PARAMS_, TENANT_ID_, CREATE_DEP_ID_, CREATE_BY_, CREATE_TIME_, UPDATE_BY_, UPDATE_TIME_)
        VALUES ('1433623847138246658', '1433346257156587521', '考勤周期', '{\"type\":\"customIcon\",\"icon\":\"iconhetong\"}', 'iconhetong', NULL, '1436232403222044673', '0.1436232403222044673.1433623847138246658.', 14, 'URL', 'AtsAttenceCycleList', 'C', 'modules/ats/AtsAttenceCycleList', 'custom', NULL, NULL, NULL, NULL, '1', NULL, '1', '2021-09-03 10:52:15', '1', '2021-09-10 15:47:00');

INSERT INTO sys_menu(MENU_ID_, APP_ID_, NAME_, ICON_PC_, ICON_PIC_, ICON_APP_, PARENT_ID_, PATH_, SN_, SHOW_TYPE_, MENU_KEY_, MENU_TYPE_, COMPONENT_, SETTING_TYPE_, BO_LIST_KEY_, URL_, METHOD_, PARAMS_, TENANT_ID_, CREATE_DEP_ID_, CREATE_BY_, CREATE_TIME_, UPDATE_BY_, UPDATE_TIME_)
        VALUES ('1433623991644602370', '1433346257156587521', '法定节假日', '{\"type\":\"customIcon\",\"icon\":\"iconwenjianziliao\"}', 'iconwenjianziliao', NULL, '1436226176190554113', '0.1436226176190554113.1433623991644602370.', 15, 'URL', 'AtsLegalHolidayList', 'C', 'modules/ats/AtsLegalHolidayList', 'custom', NULL, NULL, NULL, NULL, '1', NULL, '1', '2021-09-03 10:52:50', '1', '2021-09-10 15:47:08');

INSERT INTO sys_menu(MENU_ID_, APP_ID_, NAME_, ICON_PC_, ICON_PIC_, ICON_APP_, PARENT_ID_, PATH_, SN_, SHOW_TYPE_, MENU_KEY_, MENU_TYPE_, COMPONENT_, SETTING_TYPE_, BO_LIST_KEY_, URL_, METHOD_, PARAMS_, TENANT_ID_, CREATE_DEP_ID_, CREATE_BY_, CREATE_TIME_, UPDATE_BY_, UPDATE_TIME_)
        VALUES ('1433624151766351873', '1433346257156587521', '日历模板', '{\"type\":\"customIcon\",\"icon\":\"iconribaobaogao\"}', 'iconribaobaogao', NULL, '1436226176190554113', '0.1436226176190554113.1433624151766351873.', 16, 'URL', 'AtsCalendarTemplList', 'C', 'modules/ats/AtsCalendarTemplList', 'custom', NULL, NULL, NULL, NULL, '1', NULL, '1', '2021-09-03 10:53:28', '1', '2021-09-10 15:47:18');

INSERT INTO sys_menu(MENU_ID_, APP_ID_, NAME_, ICON_PC_, ICON_PIC_, ICON_APP_, PARENT_ID_, PATH_, SN_, SHOW_TYPE_, MENU_KEY_, MENU_TYPE_, COMPONENT_, SETTING_TYPE_, BO_LIST_KEY_, URL_, METHOD_, PARAMS_, TENANT_ID_, CREATE_DEP_ID_, CREATE_BY_, CREATE_TIME_, UPDATE_BY_, UPDATE_TIME_)
        VALUES ('1433624277402533890', '1433346257156587521', '班次类型', '{\"type\":\"customIcon\",\"icon\":\"iconpingshenqueren\"}', 'iconpingshenqueren', NULL, '1436231546682253314', '0.1436231546682253314.1433624277402533890.', 17, 'URL', 'AtsShiftTypeList', 'C', 'modules/ats/AtsShiftTypeList', 'custom', NULL, NULL, NULL, NULL, '1', NULL, '1', '2021-09-03 10:53:58', '1', '2021-09-10 15:47:31');

INSERT INTO sys_menu(MENU_ID_, APP_ID_, NAME_, ICON_PC_, ICON_PIC_, ICON_APP_, PARENT_ID_, PATH_, SN_, SHOW_TYPE_, MENU_KEY_, MENU_TYPE_, COMPONENT_, SETTING_TYPE_, BO_LIST_KEY_, URL_, METHOD_, PARAMS_, TENANT_ID_, CREATE_DEP_ID_, CREATE_BY_, CREATE_TIME_, UPDATE_BY_, UPDATE_TIME_)
        VALUES ('1433624391466631170', '1433346257156587521', '假期类型', '{\"type\":\"customIcon\",\"icon\":\"iconzhengshuzizhi\"}', 'iconzhengshuzizhi', NULL, '1436226176190554113', '0.1436226176190554113.1433624391466631170.', 18, 'URL', 'AtsHolidayTypeList', 'C', 'modules/ats/AtsHolidayTypeList', 'custom', NULL, NULL, NULL, NULL, '1', NULL, '1', '2021-09-03 10:54:25', '1', '2021-09-10 15:47:40');

INSERT INTO sys_menu(MENU_ID_, APP_ID_, NAME_, ICON_PC_, ICON_PIC_, ICON_APP_, PARENT_ID_, PATH_, SN_, SHOW_TYPE_, MENU_KEY_, MENU_TYPE_, COMPONENT_, SETTING_TYPE_, BO_LIST_KEY_, URL_, METHOD_, PARAMS_, TENANT_ID_, CREATE_DEP_ID_, CREATE_BY_, CREATE_TIME_, UPDATE_BY_, UPDATE_TIME_)
        VALUES ('1433624550720159746', '1433346257156587521', '法定节假日明细', '{\"type\":\"customIcon\",\"icon\":\"icondaichuli\"}', 'icondaichuli', NULL, '1436226176190554113', '0.1436226176190554113.1433624550720159746.', 19, 'URL', 'AtsLegalHolidayDetailList', 'C', 'modules/ats/AtsLegalHolidayDetailList', 'custom', NULL, NULL, NULL, NULL, '1', NULL, '1', '2021-09-03 10:55:03', '1', '2021-09-10 15:47:49');

INSERT INTO sys_menu(MENU_ID_, APP_ID_, NAME_, ICON_PC_, ICON_PIC_, ICON_APP_, PARENT_ID_, PATH_, SN_, SHOW_TYPE_, MENU_KEY_, MENU_TYPE_, COMPONENT_, SETTING_TYPE_, BO_LIST_KEY_, URL_, METHOD_, PARAMS_, TENANT_ID_, CREATE_DEP_ID_, CREATE_BY_, CREATE_TIME_, UPDATE_BY_, UPDATE_TIME_)
        VALUES ('1436226176190554113', '1433346257156587521', '假期管理', '{\"type\":\"customIcon\",\"icon\":\"icontask1\"}', 'icontask1', NULL, '0', '0.1436226176190554113.', 2, 'URL', 'holiday-management', 'C', '', 'custom', NULL, NULL, NULL, NULL, '1', NULL, '1', '2021-09-10 15:12:59', '1', '2021-09-10 15:32:02');

INSERT INTO sys_menu(MENU_ID_, APP_ID_, NAME_, ICON_PC_, ICON_PIC_, ICON_APP_, PARENT_ID_, PATH_, SN_, SHOW_TYPE_, MENU_KEY_, MENU_TYPE_, COMPONENT_, SETTING_TYPE_, BO_LIST_KEY_, URL_, METHOD_, PARAMS_, TENANT_ID_, CREATE_DEP_ID_, CREATE_BY_, CREATE_TIME_, UPDATE_BY_, UPDATE_TIME_)
        VALUES ('1436231546682253314', '1433346257156587521', '考勤业务设置', '{\"type\":\"customIcon\",\"icon\":\"icon_canshu_xiugaicanshudingyi\"}', 'icon_canshu_xiugaicanshudingyi', NULL, '0', '0.1436231546682253314.', 3, 'URL', 'ats-business-set', 'C', NULL, 'custom', NULL, NULL, NULL, NULL, '1', NULL, '1', '2021-09-10 15:34:19', '1', '2021-09-10 15:34:40');

INSERT INTO sys_menu(MENU_ID_, APP_ID_, NAME_, ICON_PC_, ICON_PIC_, ICON_APP_, PARENT_ID_, PATH_, SN_, SHOW_TYPE_, MENU_KEY_, MENU_TYPE_, COMPONENT_, SETTING_TYPE_, BO_LIST_KEY_, URL_, METHOD_, PARAMS_, TENANT_ID_, CREATE_DEP_ID_, CREATE_BY_, CREATE_TIME_, UPDATE_BY_, UPDATE_TIME_)
        VALUES ('1436231915898445825', '1433346257156587521', '排班管理', '{\"type\":\"customIcon\",\"icon\":\"iconchakandaping\"}', 'iconchakandaping', NULL, '0', '0.1436231915898445825.', 4, 'URL', 'ats-shift-management', 'C', NULL, 'custom', NULL, NULL, NULL, NULL, '1', NULL, '1', '2021-09-10 15:35:47', NULL, '2021-09-10 15:35:47');

INSERT INTO sys_menu(MENU_ID_, APP_ID_, NAME_, ICON_PC_, ICON_PIC_, ICON_APP_, PARENT_ID_, PATH_, SN_, SHOW_TYPE_, MENU_KEY_, MENU_TYPE_, COMPONENT_, SETTING_TYPE_, BO_LIST_KEY_, URL_, METHOD_, PARAMS_, TENANT_ID_, CREATE_DEP_ID_, CREATE_BY_, CREATE_TIME_, UPDATE_BY_, UPDATE_TIME_)
        VALUES ('1436232403222044673', '1433346257156587521', '考勤计算', '{\"type\":\"customIcon\",\"icon\":\"iconrenwu\"}', 'iconrenwu', NULL, '0', '0.1436232403222044673.', 1, 'URL', 'ats-attence-calculateAts', 'C', NULL, 'custom', NULL, NULL, NULL, NULL, '1', NULL, '1', '2021-09-10 15:37:44', NULL, '2021-09-10 15:37:44');

INSERT INTO sys_menu(MENU_ID_, APP_ID_, NAME_, ICON_PC_, ICON_PIC_, ICON_APP_, PARENT_ID_, PATH_, SN_, SHOW_TYPE_, MENU_KEY_, MENU_TYPE_, COMPONENT_, SETTING_TYPE_, BO_LIST_KEY_, URL_, METHOD_, PARAMS_, TENANT_ID_, CREATE_DEP_ID_, CREATE_BY_, CREATE_TIME_, UPDATE_BY_, UPDATE_TIME_)
        VALUES ('2112', '1208980200670081026', '组查询', '', NULL, '', '14', '', 1, '', '', 'F', '', '', NULL, NULL, NULL, '', '0', '', '', NULL, '', NULL);

INSERT INTO sys_menu(MENU_ID_, APP_ID_, NAME_, ICON_PC_, ICON_PIC_, ICON_APP_, PARENT_ID_, PATH_, SN_, SHOW_TYPE_, MENU_KEY_, MENU_TYPE_, COMPONENT_, SETTING_TYPE_, BO_LIST_KEY_, URL_, METHOD_, PARAMS_, TENANT_ID_, CREATE_DEP_ID_, CREATE_BY_, CREATE_TIME_, UPDATE_BY_, UPDATE_TIME_)
        VALUES ('2113', '1208980200670081026', '组新增', '', NULL, '', '14', '', 2, '', '', 'F', '', '', NULL, NULL, NULL, '', '0', '', '', NULL, '', NULL);

INSERT INTO sys_menu(MENU_ID_, APP_ID_, NAME_, ICON_PC_, ICON_PIC_, ICON_APP_, PARENT_ID_, PATH_, SN_, SHOW_TYPE_, MENU_KEY_, MENU_TYPE_, COMPONENT_, SETTING_TYPE_, BO_LIST_KEY_, URL_, METHOD_, PARAMS_, TENANT_ID_, CREATE_DEP_ID_, CREATE_BY_, CREATE_TIME_, UPDATE_BY_, UPDATE_TIME_)
        VALUES ('2114', '1208980200670081026', '组修改', '', NULL, '', '14', '', 3, '', '', 'F', '', '', NULL, NULL, NULL, '', '0', '', '', NULL, '', NULL);

INSERT INTO sys_menu(MENU_ID_, APP_ID_, NAME_, ICON_PC_, ICON_PIC_, ICON_APP_, PARENT_ID_, PATH_, SN_, SHOW_TYPE_, MENU_KEY_, MENU_TYPE_, COMPONENT_, SETTING_TYPE_, BO_LIST_KEY_, URL_, METHOD_, PARAMS_, TENANT_ID_, CREATE_DEP_ID_, CREATE_BY_, CREATE_TIME_, UPDATE_BY_, UPDATE_TIME_)
        VALUES ('2115', '1208980200670081026', '组删除', '', NULL, '', '14', '', 4, '', '', 'F', '', '', NULL, NULL, NULL, '', '0', '', '', NULL, '', NULL);

INSERT INTO sys_menu(MENU_ID_, APP_ID_, NAME_, ICON_PC_, ICON_PIC_, ICON_APP_, PARENT_ID_, PATH_, SN_, SHOW_TYPE_, MENU_KEY_, MENU_TYPE_, COMPONENT_, SETTING_TYPE_, BO_LIST_KEY_, URL_, METHOD_, PARAMS_, TENANT_ID_, CREATE_DEP_ID_, CREATE_BY_, CREATE_TIME_, UPDATE_BY_, UPDATE_TIME_)
        VALUES ('3', '1', '菜单管理', 'xxx', NULL, '', '0', '74797465345794054.76092818892349442.76092818892349443.', 2, 'URL', 'permissionList', 'C', 'system/PermissionList', 'custom', NULL, NULL, NULL, '', '0', '', '', NULL, '', NULL);

INSERT INTO sys_menu(MENU_ID_, APP_ID_, NAME_, ICON_PC_, ICON_PIC_, ICON_APP_, PARENT_ID_, PATH_, SN_, SHOW_TYPE_, MENU_KEY_, MENU_TYPE_, COMPONENT_, SETTING_TYPE_, BO_LIST_KEY_, URL_, METHOD_, PARAMS_, TENANT_ID_, CREATE_DEP_ID_, CREATE_BY_, CREATE_TIME_, UPDATE_BY_, UPDATE_TIME_)
        VALUES ('3112', '1', '代码生成查询', '', NULL, '', '5', '', 1, '', '', 'F', '', '', NULL, NULL, NULL, '', '0', '', '', NULL, '', NULL);

INSERT INTO sys_menu(MENU_ID_, APP_ID_, NAME_, ICON_PC_, ICON_PIC_, ICON_APP_, PARENT_ID_, PATH_, SN_, SHOW_TYPE_, MENU_KEY_, MENU_TYPE_, COMPONENT_, SETTING_TYPE_, BO_LIST_KEY_, URL_, METHOD_, PARAMS_, TENANT_ID_, CREATE_DEP_ID_, CREATE_BY_, CREATE_TIME_, UPDATE_BY_, UPDATE_TIME_)
        VALUES ('3113', '1', '代码生成新增', '', NULL, '', '5', '', 2, '', '', 'F', '', '', NULL, NULL, NULL, '', '0', '', '', NULL, '', NULL);

INSERT INTO sys_menu(MENU_ID_, APP_ID_, NAME_, ICON_PC_, ICON_PIC_, ICON_APP_, PARENT_ID_, PATH_, SN_, SHOW_TYPE_, MENU_KEY_, MENU_TYPE_, COMPONENT_, SETTING_TYPE_, BO_LIST_KEY_, URL_, METHOD_, PARAMS_, TENANT_ID_, CREATE_DEP_ID_, CREATE_BY_, CREATE_TIME_, UPDATE_BY_, UPDATE_TIME_)
        VALUES ('3114', '1', '代码生成修改', '', NULL, '', '5', '', 3, '', '', 'F', '', '', NULL, NULL, NULL, '', '0', '', '', NULL, '', NULL);

INSERT INTO sys_menu(MENU_ID_, APP_ID_, NAME_, ICON_PC_, ICON_PIC_, ICON_APP_, PARENT_ID_, PATH_, SN_, SHOW_TYPE_, MENU_KEY_, MENU_TYPE_, COMPONENT_, SETTING_TYPE_, BO_LIST_KEY_, URL_, METHOD_, PARAMS_, TENANT_ID_, CREATE_DEP_ID_, CREATE_BY_, CREATE_TIME_, UPDATE_BY_, UPDATE_TIME_)
        VALUES ('3115', '1', '代码生成删除', '', NULL, '', '5', '', 4, '', '', 'F', '', '', NULL, NULL, NULL, '', '0', '', '', NULL, '', NULL);

INSERT INTO sys_menu(MENU_ID_, APP_ID_, NAME_, ICON_PC_, ICON_PIC_, ICON_APP_, PARENT_ID_, PATH_, SN_, SHOW_TYPE_, MENU_KEY_, MENU_TYPE_, COMPONENT_, SETTING_TYPE_, BO_LIST_KEY_, URL_, METHOD_, PARAMS_, TENANT_ID_, CREATE_DEP_ID_, CREATE_BY_, CREATE_TIME_, UPDATE_BY_, UPDATE_TIME_)
        VALUES ('3116', '1', '代码生成', '', NULL, '', '5', '', 4, '', '', 'F', '', '', NULL, NULL, NULL, '', '0', '', '', NULL, '', NULL);

INSERT INTO sys_menu(MENU_ID_, APP_ID_, NAME_, ICON_PC_, ICON_PIC_, ICON_APP_, PARENT_ID_, PATH_, SN_, SHOW_TYPE_, MENU_KEY_, MENU_TYPE_, COMPONENT_, SETTING_TYPE_, BO_LIST_KEY_, URL_, METHOD_, PARAMS_, TENANT_ID_, CREATE_DEP_ID_, CREATE_BY_, CREATE_TIME_, UPDATE_BY_, UPDATE_TIME_)
        VALUES ('4112', '1208980200670081026', '组授权查询', '', NULL, '', '14', '', 1, '', '', 'F', '', '', NULL, NULL, NULL, '', '0', '', '', NULL, '', NULL);

INSERT INTO sys_menu(MENU_ID_, APP_ID_, NAME_, ICON_PC_, ICON_PIC_, ICON_APP_, PARENT_ID_, PATH_, SN_, SHOW_TYPE_, MENU_KEY_, MENU_TYPE_, COMPONENT_, SETTING_TYPE_, BO_LIST_KEY_, URL_, METHOD_, PARAMS_, TENANT_ID_, CREATE_DEP_ID_, CREATE_BY_, CREATE_TIME_, UPDATE_BY_, UPDATE_TIME_)
        VALUES ('4113', '1208980200670081026', '组授权新增', '', NULL, '', '14', '', 2, '', '', 'F', '', '', NULL, NULL, NULL, '', '0', '', '', NULL, '', NULL);

INSERT INTO sys_menu(MENU_ID_, APP_ID_, NAME_, ICON_PC_, ICON_PIC_, ICON_APP_, PARENT_ID_, PATH_, SN_, SHOW_TYPE_, MENU_KEY_, MENU_TYPE_, COMPONENT_, SETTING_TYPE_, BO_LIST_KEY_, URL_, METHOD_, PARAMS_, TENANT_ID_, CREATE_DEP_ID_, CREATE_BY_, CREATE_TIME_, UPDATE_BY_, UPDATE_TIME_)
        VALUES ('4114', '1208980200670081026', '组授权修改', '', NULL, '', '14', '', 3, '', '', 'F', '', '', NULL, NULL, NULL, '', '0', '', '', NULL, '', NULL);

INSERT INTO sys_menu(MENU_ID_, APP_ID_, NAME_, ICON_PC_, ICON_PIC_, ICON_APP_, PARENT_ID_, PATH_, SN_, SHOW_TYPE_, MENU_KEY_, MENU_TYPE_, COMPONENT_, SETTING_TYPE_, BO_LIST_KEY_, URL_, METHOD_, PARAMS_, TENANT_ID_, CREATE_DEP_ID_, CREATE_BY_, CREATE_TIME_, UPDATE_BY_, UPDATE_TIME_)
        VALUES ('4115', '1208980200670081026', '组授权删除', '', NULL, '', '14', '', 4, '', '', 'F', '', '', NULL, NULL, NULL, '', '0', '', '', NULL, '', NULL);

INSERT INTO sys_menu(MENU_ID_, APP_ID_, NAME_, ICON_PC_, ICON_PIC_, ICON_APP_, PARENT_ID_, PATH_, SN_, SHOW_TYPE_, MENU_KEY_, MENU_TYPE_, COMPONENT_, SETTING_TYPE_, BO_LIST_KEY_, URL_, METHOD_, PARAMS_, TENANT_ID_, CREATE_DEP_ID_, CREATE_BY_, CREATE_TIME_, UPDATE_BY_, UPDATE_TIME_)
        VALUES ('4212', '1208980200670081026', '组织维度查询', '', NULL, '', '13', '', 1, '', '', 'F', '', '', NULL, NULL, NULL, '', '0', '', '', NULL, '', NULL);

INSERT INTO sys_menu(MENU_ID_, APP_ID_, NAME_, ICON_PC_, ICON_PIC_, ICON_APP_, PARENT_ID_, PATH_, SN_, SHOW_TYPE_, MENU_KEY_, MENU_TYPE_, COMPONENT_, SETTING_TYPE_, BO_LIST_KEY_, URL_, METHOD_, PARAMS_, TENANT_ID_, CREATE_DEP_ID_, CREATE_BY_, CREATE_TIME_, UPDATE_BY_, UPDATE_TIME_)
        VALUES ('4213', '1208980200670081026', '组织维度新增', '', NULL, '', '13', '', 2, '', '', 'F', '', '', NULL, NULL, NULL, '', '0', '', '', NULL, '', NULL);

INSERT INTO sys_menu(MENU_ID_, APP_ID_, NAME_, ICON_PC_, ICON_PIC_, ICON_APP_, PARENT_ID_, PATH_, SN_, SHOW_TYPE_, MENU_KEY_, MENU_TYPE_, COMPONENT_, SETTING_TYPE_, BO_LIST_KEY_, URL_, METHOD_, PARAMS_, TENANT_ID_, CREATE_DEP_ID_, CREATE_BY_, CREATE_TIME_, UPDATE_BY_, UPDATE_TIME_)
        VALUES ('4214', '1208980200670081026', '组织维度修改', '', NULL, '', '13', '', 3, '', '', 'F', '', '', NULL, NULL, NULL, '', '0', '', '', NULL, '', NULL);

INSERT INTO sys_menu(MENU_ID_, APP_ID_, NAME_, ICON_PC_, ICON_PIC_, ICON_APP_, PARENT_ID_, PATH_, SN_, SHOW_TYPE_, MENU_KEY_, MENU_TYPE_, COMPONENT_, SETTING_TYPE_, BO_LIST_KEY_, URL_, METHOD_, PARAMS_, TENANT_ID_, CREATE_DEP_ID_, CREATE_BY_, CREATE_TIME_, UPDATE_BY_, UPDATE_TIME_)
        VALUES ('4215', '1208980200670081026', '组织维度删除', '', NULL, '', '13', '', 4, '', '', 'F', '', '', NULL, NULL, NULL, '', '0', '', '', NULL, '', NULL);

INSERT INTO sys_menu(MENU_ID_, APP_ID_, NAME_, ICON_PC_, ICON_PIC_, ICON_APP_, PARENT_ID_, PATH_, SN_, SHOW_TYPE_, MENU_KEY_, MENU_TYPE_, COMPONENT_, SETTING_TYPE_, BO_LIST_KEY_, URL_, METHOD_, PARAMS_, TENANT_ID_, CREATE_DEP_ID_, CREATE_BY_, CREATE_TIME_, UPDATE_BY_, UPDATE_TIME_)
        VALUES ('4312', '1', '机构类型查询', '', NULL, '', '10', '', 1, '', '', 'F', '', '', NULL, NULL, NULL, '', '0', '', '', NULL, '', NULL);

INSERT INTO sys_menu(MENU_ID_, APP_ID_, NAME_, ICON_PC_, ICON_PIC_, ICON_APP_, PARENT_ID_, PATH_, SN_, SHOW_TYPE_, MENU_KEY_, MENU_TYPE_, COMPONENT_, SETTING_TYPE_, BO_LIST_KEY_, URL_, METHOD_, PARAMS_, TENANT_ID_, CREATE_DEP_ID_, CREATE_BY_, CREATE_TIME_, UPDATE_BY_, UPDATE_TIME_)
        VALUES ('4313', '1', '机构类型新增', '', NULL, '', '10', '', 2, '', '', 'F', '', '', NULL, NULL, NULL, '', '0', '', '', NULL, '', NULL);

INSERT INTO sys_menu(MENU_ID_, APP_ID_, NAME_, ICON_PC_, ICON_PIC_, ICON_APP_, PARENT_ID_, PATH_, SN_, SHOW_TYPE_, MENU_KEY_, MENU_TYPE_, COMPONENT_, SETTING_TYPE_, BO_LIST_KEY_, URL_, METHOD_, PARAMS_, TENANT_ID_, CREATE_DEP_ID_, CREATE_BY_, CREATE_TIME_, UPDATE_BY_, UPDATE_TIME_)
        VALUES ('4314', '1', '机构类型修改', '', NULL, '', '10', '', 3, '', '', 'F', '', '', NULL, NULL, NULL, '', '0', '', '', NULL, '', NULL);

INSERT INTO sys_menu(MENU_ID_, APP_ID_, NAME_, ICON_PC_, ICON_PIC_, ICON_APP_, PARENT_ID_, PATH_, SN_, SHOW_TYPE_, MENU_KEY_, MENU_TYPE_, COMPONENT_, SETTING_TYPE_, BO_LIST_KEY_, URL_, METHOD_, PARAMS_, TENANT_ID_, CREATE_DEP_ID_, CREATE_BY_, CREATE_TIME_, UPDATE_BY_, UPDATE_TIME_)
        VALUES ('4315', '1', '机构类型删除', '', NULL, '', '10', '', 4, '', '', 'F', '', '', NULL, NULL, NULL, '', '0', '', '', NULL, '', NULL);

INSERT INTO sys_menu(MENU_ID_, APP_ID_, NAME_, ICON_PC_, ICON_PIC_, ICON_APP_, PARENT_ID_, PATH_, SN_, SHOW_TYPE_, MENU_KEY_, MENU_TYPE_, COMPONENT_, SETTING_TYPE_, BO_LIST_KEY_, URL_, METHOD_, PARAMS_, TENANT_ID_, CREATE_DEP_ID_, CREATE_BY_, CREATE_TIME_, UPDATE_BY_, UPDATE_TIME_)
        VALUES ('4412', '1', '机构列表查询', '', NULL, '', '11', '', 1, '', '', 'F', '', '', NULL, NULL, NULL, '', '0', '', '', NULL, '', NULL);

INSERT INTO sys_menu(MENU_ID_, APP_ID_, NAME_, ICON_PC_, ICON_PIC_, ICON_APP_, PARENT_ID_, PATH_, SN_, SHOW_TYPE_, MENU_KEY_, MENU_TYPE_, COMPONENT_, SETTING_TYPE_, BO_LIST_KEY_, URL_, METHOD_, PARAMS_, TENANT_ID_, CREATE_DEP_ID_, CREATE_BY_, CREATE_TIME_, UPDATE_BY_, UPDATE_TIME_)
        VALUES ('4413', '1', '机构列表新增', '', NULL, '', '11', '', 2, '', '', 'F', '', '', NULL, NULL, NULL, '', '0', '', '', NULL, '', NULL);

INSERT INTO sys_menu(MENU_ID_, APP_ID_, NAME_, ICON_PC_, ICON_PIC_, ICON_APP_, PARENT_ID_, PATH_, SN_, SHOW_TYPE_, MENU_KEY_, MENU_TYPE_, COMPONENT_, SETTING_TYPE_, BO_LIST_KEY_, URL_, METHOD_, PARAMS_, TENANT_ID_, CREATE_DEP_ID_, CREATE_BY_, CREATE_TIME_, UPDATE_BY_, UPDATE_TIME_)
        VALUES ('4414', '1', '机构列表修改', '', NULL, '', '11', '', 3, '', '', 'F', '', '', NULL, NULL, NULL, '', '0', '', '', NULL, '', NULL);

INSERT INTO sys_menu(MENU_ID_, APP_ID_, NAME_, ICON_PC_, ICON_PIC_, ICON_APP_, PARENT_ID_, PATH_, SN_, SHOW_TYPE_, MENU_KEY_, MENU_TYPE_, COMPONENT_, SETTING_TYPE_, BO_LIST_KEY_, URL_, METHOD_, PARAMS_, TENANT_ID_, CREATE_DEP_ID_, CREATE_BY_, CREATE_TIME_, UPDATE_BY_, UPDATE_TIME_)
        VALUES ('4415', '1', '机构列表删除', '', NULL, '', '11', '', 4, '', '', 'F', '', '', NULL, NULL, NULL, '', '0', '', '', NULL, '', NULL);

INSERT INTO sys_menu(MENU_ID_, APP_ID_, NAME_, ICON_PC_, ICON_PIC_, ICON_APP_, PARENT_ID_, PATH_, SN_, SHOW_TYPE_, MENU_KEY_, MENU_TYPE_, COMPONENT_, SETTING_TYPE_, BO_LIST_KEY_, URL_, METHOD_, PARAMS_, TENANT_ID_, CREATE_DEP_ID_, CREATE_BY_, CREATE_TIME_, UPDATE_BY_, UPDATE_TIME_)
        VALUES ('4512', '1', '关系定义查询', '', NULL, '', '1192840820951826434', '', 1, '', '', 'F', '', '', NULL, NULL, NULL, '', '0', '', '', NULL, '', NULL);

INSERT INTO sys_menu(MENU_ID_, APP_ID_, NAME_, ICON_PC_, ICON_PIC_, ICON_APP_, PARENT_ID_, PATH_, SN_, SHOW_TYPE_, MENU_KEY_, MENU_TYPE_, COMPONENT_, SETTING_TYPE_, BO_LIST_KEY_, URL_, METHOD_, PARAMS_, TENANT_ID_, CREATE_DEP_ID_, CREATE_BY_, CREATE_TIME_, UPDATE_BY_, UPDATE_TIME_)
        VALUES ('4513', '1', '关系定义新增', '', NULL, '', '1192840820951826434', '', 2, '', '', 'F', '', '', NULL, NULL, NULL, '', '0', '', '', NULL, '', NULL);

INSERT INTO sys_menu(MENU_ID_, APP_ID_, NAME_, ICON_PC_, ICON_PIC_, ICON_APP_, PARENT_ID_, PATH_, SN_, SHOW_TYPE_, MENU_KEY_, MENU_TYPE_, COMPONENT_, SETTING_TYPE_, BO_LIST_KEY_, URL_, METHOD_, PARAMS_, TENANT_ID_, CREATE_DEP_ID_, CREATE_BY_, CREATE_TIME_, UPDATE_BY_, UPDATE_TIME_)
        VALUES ('4514', '1', '关系定义修改', '', NULL, '', '1192840820951826434', '', 3, '', '', 'F', '', '', NULL, NULL, NULL, '', '0', '', '', NULL, '', NULL);

INSERT INTO sys_menu(MENU_ID_, APP_ID_, NAME_, ICON_PC_, ICON_PIC_, ICON_APP_, PARENT_ID_, PATH_, SN_, SHOW_TYPE_, MENU_KEY_, MENU_TYPE_, COMPONENT_, SETTING_TYPE_, BO_LIST_KEY_, URL_, METHOD_, PARAMS_, TENANT_ID_, CREATE_DEP_ID_, CREATE_BY_, CREATE_TIME_, UPDATE_BY_, UPDATE_TIME_)
        VALUES ('4515', '1', '关系定义删除', '', NULL, '', '1192840820951826434', '', 4, '', '', 'F', '', '', NULL, NULL, NULL, '', '0', '', '', NULL, '', NULL);

INSERT INTO sys_menu(MENU_ID_, APP_ID_, NAME_, ICON_PC_, ICON_PIC_, ICON_APP_, PARENT_ID_, PATH_, SN_, SHOW_TYPE_, MENU_KEY_, MENU_TYPE_, COMPONENT_, SETTING_TYPE_, BO_LIST_KEY_, URL_, METHOD_, PARAMS_, TENANT_ID_, CREATE_DEP_ID_, CREATE_BY_, CREATE_TIME_, UPDATE_BY_, UPDATE_TIME_)
        VALUES ('4612', '1', '用户类型查询', '', NULL, '', '1192840820951826434', '', 1, '', '', 'F', '', '', NULL, NULL, NULL, '', '0', '', '', NULL, '', NULL);

INSERT INTO sys_menu(MENU_ID_, APP_ID_, NAME_, ICON_PC_, ICON_PIC_, ICON_APP_, PARENT_ID_, PATH_, SN_, SHOW_TYPE_, MENU_KEY_, MENU_TYPE_, COMPONENT_, SETTING_TYPE_, BO_LIST_KEY_, URL_, METHOD_, PARAMS_, TENANT_ID_, CREATE_DEP_ID_, CREATE_BY_, CREATE_TIME_, UPDATE_BY_, UPDATE_TIME_)
        VALUES ('4613', '1', '用户类型新增', '', NULL, '', '1192840820951826434', '', 2, '', '', 'F', '', '', NULL, NULL, NULL, '', '0', '', '', NULL, '', NULL);

INSERT INTO sys_menu(MENU_ID_, APP_ID_, NAME_, ICON_PC_, ICON_PIC_, ICON_APP_, PARENT_ID_, PATH_, SN_, SHOW_TYPE_, MENU_KEY_, MENU_TYPE_, COMPONENT_, SETTING_TYPE_, BO_LIST_KEY_, URL_, METHOD_, PARAMS_, TENANT_ID_, CREATE_DEP_ID_, CREATE_BY_, CREATE_TIME_, UPDATE_BY_, UPDATE_TIME_)
        VALUES ('4614', '1', '用户类型修改', '', NULL, '', '1192840820951826434', '', 3, '', '', 'F', '', '', NULL, NULL, NULL, '', '0', '', '', NULL, '', NULL);

INSERT INTO sys_menu(MENU_ID_, APP_ID_, NAME_, ICON_PC_, ICON_PIC_, ICON_APP_, PARENT_ID_, PATH_, SN_, SHOW_TYPE_, MENU_KEY_, MENU_TYPE_, COMPONENT_, SETTING_TYPE_, BO_LIST_KEY_, URL_, METHOD_, PARAMS_, TENANT_ID_, CREATE_DEP_ID_, CREATE_BY_, CREATE_TIME_, UPDATE_BY_, UPDATE_TIME_)
        VALUES ('4615', '1', '用户类型删除', '', NULL, '', '1192840820951826434', '', 4, '', '', 'F', '', '', NULL, NULL, NULL, '', '0', '', '', NULL, '', NULL);

INSERT INTO sys_menu(MENU_ID_, APP_ID_, NAME_, ICON_PC_, ICON_PIC_, ICON_APP_, PARENT_ID_, PATH_, SN_, SHOW_TYPE_, MENU_KEY_, MENU_TYPE_, COMPONENT_, SETTING_TYPE_, BO_LIST_KEY_, URL_, METHOD_, PARAMS_, TENANT_ID_, CREATE_DEP_ID_, CREATE_BY_, CREATE_TIME_, UPDATE_BY_, UPDATE_TIME_)
        VALUES ('5', '1', '代码生成', '', NULL, '', '0', '', 1, 'URL', 'genList', 'C', '', 'custom', NULL, NULL, NULL, '', '0', '', '', '2019-11-03 00:00:00', '', '2019-11-04 00:00:00');

INSERT INTO sys_menu(MENU_ID_, APP_ID_, NAME_, ICON_PC_, ICON_PIC_, ICON_APP_, PARENT_ID_, PATH_, SN_, SHOW_TYPE_, MENU_KEY_, MENU_TYPE_, COMPONENT_, SETTING_TYPE_, BO_LIST_KEY_, URL_, METHOD_, PARAMS_, TENANT_ID_, CREATE_DEP_ID_, CREATE_BY_, CREATE_TIME_, UPDATE_BY_, UPDATE_TIME_)
        VALUES ('9', '1208980200670081026', '机构管理', '{\"type\":\"brand_logo\",\"icon\":\"audit\"}', 'audit', '', '0', '', 3, 'URL', 'org', 'C', 'BlankLayout', 'custom', NULL, NULL, NULL, '', '0', '', '', '2019-11-08 00:00:00', '1', '2020-09-24 00:00:00');

INSERT INTO sys_menu(MENU_ID_, APP_ID_, NAME_, ICON_PC_, ICON_PIC_, ICON_APP_, PARENT_ID_, PATH_, SN_, SHOW_TYPE_, MENU_KEY_, MENU_TYPE_, COMPONENT_, SETTING_TYPE_, BO_LIST_KEY_, URL_, METHOD_, PARAMS_, TENANT_ID_, CREATE_DEP_ID_, CREATE_BY_, CREATE_TIME_, UPDATE_BY_, UPDATE_TIME_)
        VALUES ('1472821869619146754', '1472821294773006337', '仪表盘', '{\"type\":\"customIcon\",\"icon\":\"iconyingyong\"}', 'iconyingyong', NULL, '0', '0.1472821869619146754.', 1, 'URL', 'screen_panel', 'C', NULL, 'iframe', NULL, NULL, NULL, 'http://localhost:9528/#/panel/index', '1', '1', '1', '2021-12-20 14:51:12', NULL, '2021-12-20 14:51:12');

INSERT INTO sys_menu(MENU_ID_, APP_ID_, NAME_, ICON_PC_, ICON_PIC_, ICON_APP_, PARENT_ID_, PATH_, SN_, SHOW_TYPE_, MENU_KEY_, MENU_TYPE_, COMPONENT_, SETTING_TYPE_, BO_LIST_KEY_, URL_, METHOD_, PARAMS_, TENANT_ID_, CREATE_DEP_ID_, CREATE_BY_, CREATE_TIME_, UPDATE_BY_, UPDATE_TIME_)
        VALUES ('1472822224515985409', '1472821294773006337', '视图', '{\"type\":\"customIcon\",\"icon\":\"iconshujujiankong\"}', 'iconshujujiankong', NULL, '0', '0.1472822224515985409.', 2, 'URL', 'screen_chart', 'C', NULL, 'iframe', NULL, NULL, NULL, 'http://localhost:9528/#/chart/index', '1', '1', '1', '2021-12-20 14:52:37', NULL, '2021-12-20 14:52:37');

INSERT INTO sys_menu(MENU_ID_, APP_ID_, NAME_, ICON_PC_, ICON_PIC_, ICON_APP_, PARENT_ID_, PATH_, SN_, SHOW_TYPE_, MENU_KEY_, MENU_TYPE_, COMPONENT_, SETTING_TYPE_, BO_LIST_KEY_, URL_, METHOD_, PARAMS_, TENANT_ID_, CREATE_DEP_ID_, CREATE_BY_, CREATE_TIME_, UPDATE_BY_, UPDATE_TIME_)
        VALUES ('1472822342455619586', '1472821294773006337', '数据集', '{\"type\":\"customIcon\",\"icon\":\"iconshujudaochu\"}', 'iconshujudaochu', NULL, '0', '0.1472822342455619586.', 3, 'URL', 'screen_dataset', 'C', NULL, 'iframe', NULL, NULL, NULL, 'http://localhost:9528/#/dataset/index', '1', '1', '1', '2021-12-20 14:53:05', NULL, '2021-12-20 14:53:05');

INSERT INTO sys_menu(MENU_ID_, APP_ID_, NAME_, ICON_PC_, ICON_PIC_, ICON_APP_, PARENT_ID_, PATH_, SN_, SHOW_TYPE_, MENU_KEY_, MENU_TYPE_, COMPONENT_, SETTING_TYPE_, BO_LIST_KEY_, URL_, METHOD_, PARAMS_, TENANT_ID_, CREATE_DEP_ID_, CREATE_BY_, CREATE_TIME_, UPDATE_BY_, UPDATE_TIME_)
        VALUES ('1472822555371073537', '1472821294773006337', '数据源', '{\"type\":\"customIcon\",\"icon\":\"iconapi\"}', 'iconapi', NULL, '0', '0.1472822555371073537.', 4, 'URL', 'screen_datasource', 'C', NULL, 'iframe', NULL, NULL, NULL, 'http://localhost:9528/#/datasource/index', '1', '1', '1', '2021-12-20 14:53:56', NULL, '2021-12-20 14:53:56');

INSERT INTO sys_menu(MENU_ID_, APP_ID_, NAME_, ICON_PC_, ICON_PIC_, ICON_APP_, PARENT_ID_, PATH_, SN_, SHOW_TYPE_, MENU_KEY_, MENU_TYPE_, COMPONENT_, SETTING_TYPE_, BO_LIST_KEY_, URL_, METHOD_, PARAMS_, TENANT_ID_, CREATE_DEP_ID_, CREATE_BY_, CREATE_TIME_, UPDATE_BY_, UPDATE_TIME_)
        VALUES ('1478617650586988545', '1216010678984933378', '业务方案', '{\"type\":\"userCustomIcon\",\"icon\":\"iconfour\"}', 'iconfour', NULL, '0', '0.1478617650586988545.', 5, 'URL', 'FormBusinessSolutionList', 'C', 'modules/form/core/FormBusinessSolutionList.vue', 'custom', NULL, NULL, NULL, NULL, '1', '1', '1', '2022-01-05 14:41:34', '1', '2022-01-05 14:42:33');


INSERT INTO sys_route_type(ID_, ROUTE_TYPE_NAME_, DESCRIBE_, TENANT_ID_, CREATE_DEP_ID_, CREATE_BY_, CREATE_TIME_, UPDATE_BY_, UPDATE_TIME_)
        VALUES ('0', '路由类型', '路由类型', '0', '1', '1', '2020-06-04 09:26:45', '1', '2020-06-04 14:52:32');

INSERT INTO sys_route_type(ID_, ROUTE_TYPE_NAME_, DESCRIBE_, TENANT_ID_, CREATE_DEP_ID_, CREATE_BY_, CREATE_TIME_, UPDATE_BY_, UPDATE_TIME_)
        VALUES ('1273177528255033346', '微服务定义', '微服务定义', '0', '1', '1', '2020-06-17 16:55:52', '', '2020-06-17 16:55:52');

INSERT INTO sys_route_type(ID_, ROUTE_TYPE_NAME_, DESCRIBE_, TENANT_ID_, CREATE_DEP_ID_, CREATE_BY_, CREATE_TIME_, UPDATE_BY_, UPDATE_TIME_)
        VALUES ('1273177789484675073', 'CRM', 'CRM', '0', '1', '1', '2020-06-17 16:56:54', '', '2020-06-17 16:56:54');


INSERT INTO sys_routing(ID_, ROUTING_NAME_, ROUTE_TYPE_, CONDITION_, CONDITION_PARAMETERS_, FILTER_, FILTER_PARAMETERS_, URI_, REMARK_, STATUS_, TENANT_ID_, CREATE_DEP_ID_, CREATE_BY_, CREATE_TIME_, UPDATE_BY_, UPDATE_TIME_, APP_ID_)
        VALUES ('arcxlmu015288', 'auth-check-process', '0', 'Path', '{\"_genkey_0\":\"/oauth/check_token\"}', 'PreserveHostHeader', '{}', 'lb://jpaas-auth-server', '', '1', '0', '1', '1', '2020-05-28 00:00:00', '', '2020-05-28 00:00:00', NULL);

INSERT INTO sys_routing(ID_, ROUTING_NAME_, ROUTE_TYPE_, CONDITION_, CONDITION_PARAMETERS_, FILTER_, FILTER_PARAMETERS_, URI_, REMARK_, STATUS_, TENANT_ID_, CREATE_DEP_ID_, CREATE_BY_, CREATE_TIME_, UPDATE_BY_, UPDATE_TIME_, APP_ID_)
        VALUES ('bpacmvs669239', 'oa', '0', 'Path', '{\"_genkey_0\":\"/api-oa/**\"}', 'StripPrefix', '{\"_genkey_0\":1}', 'lb://jpaas-oa', NULL, '1', '1', NULL, '1', '2021-09-02 17:07:49', '1', '2021-09-16 16:07:35', '');

INSERT INTO sys_routing(ID_, ROUTING_NAME_, ROUTE_TYPE_, CONDITION_, CONDITION_PARAMETERS_, FILTER_, FILTER_PARAMETERS_, URI_, REMARK_, STATUS_, TENANT_ID_, CREATE_DEP_ID_, CREATE_BY_, CREATE_TIME_, UPDATE_BY_, UPDATE_TIME_, APP_ID_)
        VALUES ('bszfqkm538575', 'file', '0', 'Path', '{\"_genkey_0\":\"/api-file/**\"}', 'StripPrefix', '{\"_genkey_0\":1}', 'lb://file-center', '', '1', '0', '1', '1', '2020-05-28 00:00:00', '', '2020-05-28 00:00:00', NULL);

INSERT INTO sys_routing(ID_, ROUTING_NAME_, ROUTE_TYPE_, CONDITION_, CONDITION_PARAMETERS_, FILTER_, FILTER_PARAMETERS_, URI_, REMARK_, STATUS_, TENANT_ID_, CREATE_DEP_ID_, CREATE_BY_, CREATE_TIME_, UPDATE_BY_, UPDATE_TIME_, APP_ID_)
        VALUES ('foxsmqa355945', 'bpm', '0', 'Path', '{\"_genkey_0\":\"/api-bpm/**\"}', 'StripPrefix', '{\"_genkey_0\":1}', 'lb://jpaas-bpm', '', '1', '0', '1', '1', '2020-05-28 00:00:00', '1', '2020-06-13 00:00:00', NULL);

INSERT INTO sys_routing(ID_, ROUTING_NAME_, ROUTE_TYPE_, CONDITION_, CONDITION_PARAMETERS_, FILTER_, FILTER_PARAMETERS_, URI_, REMARK_, STATUS_, TENANT_ID_, CREATE_DEP_ID_, CREATE_BY_, CREATE_TIME_, UPDATE_BY_, UPDATE_TIME_, APP_ID_)
        VALUES ('frxbuht972110', 'auth-login-authorize', '0', 'Path', '{\"_genkey_0\":\"/oauth/authorize\"}', 'PreserveHostHeader', '{}', 'lb://jpaas-auth-server', '', '1', '0', '1', '1', '2020-05-28 00:00:00', '', '2020-05-28 00:00:00', NULL);

INSERT INTO sys_routing(ID_, ROUTING_NAME_, ROUTE_TYPE_, CONDITION_, CONDITION_PARAMETERS_, FILTER_, FILTER_PARAMETERS_, URI_, REMARK_, STATUS_, TENANT_ID_, CREATE_DEP_ID_, CREATE_BY_, CREATE_TIME_, UPDATE_BY_, UPDATE_TIME_, APP_ID_)
        VALUES ('fsfxmtq650199', 'search', '0', 'Path', '{\"_genkey_0\":\"/api-search/**\"}', 'StripPrefix', '{\"_genkey_0\":1}', 'lb://search-center', '', '1', '0', '1', '1', '2020-05-28 00:00:00', '', '2020-05-28 00:00:00', NULL);

INSERT INTO sys_routing(ID_, ROUTING_NAME_, ROUTE_TYPE_, CONDITION_, CONDITION_PARAMETERS_, FILTER_, FILTER_PARAMETERS_, URI_, REMARK_, STATUS_, TENANT_ID_, CREATE_DEP_ID_, CREATE_BY_, CREATE_TIME_, UPDATE_BY_, UPDATE_TIME_, APP_ID_)
        VALUES ('kvasmtl571669', 'auth-logout-token', '0', 'Path', '{\"_genkey_0\":\"/oauth/remove/token\"}', 'PreserveHostHeader', '{}', 'lb://jpaas-auth-server', '', '1', '0', '1', '1', '2020-05-28 00:00:00', '', '2020-05-28 00:00:00', NULL);

INSERT INTO sys_routing(ID_, ROUTING_NAME_, ROUTE_TYPE_, CONDITION_, CONDITION_PARAMETERS_, FILTER_, FILTER_PARAMETERS_, URI_, REMARK_, STATUS_, TENANT_ID_, CREATE_DEP_ID_, CREATE_BY_, CREATE_TIME_, UPDATE_BY_, UPDATE_TIME_, APP_ID_)
        VALUES ('lqeronr557575', 'auth', '0', 'Path', '{\"_genkey_0\":\"/api-uaa/**\"}', 'StripPrefix', '{\"_genkey_0\":2}', 'lb://jpaas-auth-server', '', '1', '0', '1', '1', '2020-05-28 00:00:00', '1', '2020-05-28 00:00:00', NULL);

INSERT INTO sys_routing(ID_, ROUTING_NAME_, ROUTE_TYPE_, CONDITION_, CONDITION_PARAMETERS_, FILTER_, FILTER_PARAMETERS_, URI_, REMARK_, STATUS_, TENANT_ID_, CREATE_DEP_ID_, CREATE_BY_, CREATE_TIME_, UPDATE_BY_, UPDATE_TIME_, APP_ID_)
        VALUES ('orwndcj571536', 'log', '0', 'Path', '{\"_genkey_0\":\"/api-log/**\"}', 'StripPrefix', '{\"_genkey_0\":1}', 'lb://log-center', '', '1', '0', '1', '1', '2020-05-28 00:00:00', '', '2020-05-28 00:00:00', NULL);

INSERT INTO sys_routing(ID_, ROUTING_NAME_, ROUTE_TYPE_, CONDITION_, CONDITION_PARAMETERS_, FILTER_, FILTER_PARAMETERS_, URI_, REMARK_, STATUS_, TENANT_ID_, CREATE_DEP_ID_, CREATE_BY_, CREATE_TIME_, UPDATE_BY_, UPDATE_TIME_, APP_ID_)
        VALUES ('ovddvbd528851', 'auth-login-success', '0', 'Path', '{\"_genkey_0\":\"/index\"}', 'PreserveHostHeader', '{}', 'lb://jpaas-auth-server', '', '1', '0', '1', '1', '2020-05-28 00:00:00', '', '2020-05-28 00:00:00', NULL);

INSERT INTO sys_routing(ID_, ROUTING_NAME_, ROUTE_TYPE_, CONDITION_, CONDITION_PARAMETERS_, FILTER_, FILTER_PARAMETERS_, URI_, REMARK_, STATUS_, TENANT_ID_, CREATE_DEP_ID_, CREATE_BY_, CREATE_TIME_, UPDATE_BY_, UPDATE_TIME_, APP_ID_)
        VALUES ('proprhw857850', 'auth-login-token', '0', 'Path', '{\"_genkey_0\":\"/oauth/code/token\"}', 'PreserveHostHeader', '{}', 'lb://jpaas-auth-server', '', '1', '0', '1', '1', '2020-05-28 00:00:00', '', '2020-05-28 00:00:00', NULL);

INSERT INTO sys_routing(ID_, ROUTING_NAME_, ROUTE_TYPE_, CONDITION_, CONDITION_PARAMETERS_, FILTER_, FILTER_PARAMETERS_, URI_, REMARK_, STATUS_, TENANT_ID_, CREATE_DEP_ID_, CREATE_BY_, CREATE_TIME_, UPDATE_BY_, UPDATE_TIME_, APP_ID_)
        VALUES ('qacpabe681739', 'form', '0', 'Path', '{\"_genkey_0\":\"/api-form/**\"}', 'StripPrefix', '{\"_genkey_0\":1}', 'lb://jpaas-form', '', '1', '0', '1', '1', '2020-05-28 00:00:00', '', '2020-05-28 00:00:00', NULL);

INSERT INTO sys_routing(ID_, ROUTING_NAME_, ROUTE_TYPE_, CONDITION_, CONDITION_PARAMETERS_, FILTER_, FILTER_PARAMETERS_, URI_, REMARK_, STATUS_, TENANT_ID_, CREATE_DEP_ID_, CREATE_BY_, CREATE_TIME_, UPDATE_BY_, UPDATE_TIME_, APP_ID_)
        VALUES ('qrsrjyj390470', 'sytem', '0', 'Path', '{\"_genkey_0\":\"/api-system/**\"}', 'StripPrefix', '{\"_genkey_0\":1}', 'lb://jpaas-system', '', '1', '0', '1', '1', '2020-05-28 00:00:00', '', '2020-05-28 00:00:00', NULL);

INSERT INTO sys_routing(ID_, ROUTING_NAME_, ROUTE_TYPE_, CONDITION_, CONDITION_PARAMETERS_, FILTER_, FILTER_PARAMETERS_, URI_, REMARK_, STATUS_, TENANT_ID_, CREATE_DEP_ID_, CREATE_BY_, CREATE_TIME_, UPDATE_BY_, UPDATE_TIME_, APP_ID_)
        VALUES ('rcfokqs663033', 'auth-login-token', '0', 'Path', '{\"_genkey_0\":\"/oauth/token\"}', 'PreserveHostHeader', '{}', 'lb://jpaas-auth-server', '', '1', '0', '1', '1', '2020-05-28 00:00:00', '1', '2020-05-28 00:00:00', NULL);

INSERT INTO sys_routing(ID_, ROUTING_NAME_, ROUTE_TYPE_, CONDITION_, CONDITION_PARAMETERS_, FILTER_, FILTER_PARAMETERS_, URI_, REMARK_, STATUS_, TENANT_ID_, CREATE_DEP_ID_, CREATE_BY_, CREATE_TIME_, UPDATE_BY_, UPDATE_TIME_, APP_ID_)
        VALUES ('rupblou083900', 'auth-check-process', '0', 'Path', '{\"_genkey_0\":\"/visit\"}', 'PreserveHostHeader', '{}', 'lb://jpaas-auth-server', '', '1', '0', '1', '1', '2020-05-28 00:00:00', '', '2020-05-28 00:00:00', NULL);

INSERT INTO sys_routing(ID_, ROUTING_NAME_, ROUTE_TYPE_, CONDITION_, CONDITION_PARAMETERS_, FILTER_, FILTER_PARAMETERS_, URI_, REMARK_, STATUS_, TENANT_ID_, CREATE_DEP_ID_, CREATE_BY_, CREATE_TIME_, UPDATE_BY_, UPDATE_TIME_, APP_ID_)
        VALUES ('soyzflr613401', 'auth-logout', '0', 'Path', '{\"_genkey_0\":\"/logout\"}', 'PreserveHostHeader', '{}', 'lb://jpaas-auth-server', '', '1', '0', '1', '1', '2020-05-28 00:00:00', '', '2020-05-28 00:00:00', NULL);

INSERT INTO sys_routing(ID_, ROUTING_NAME_, ROUTE_TYPE_, CONDITION_, CONDITION_PARAMETERS_, FILTER_, FILTER_PARAMETERS_, URI_, REMARK_, STATUS_, TENANT_ID_, CREATE_DEP_ID_, CREATE_BY_, CREATE_TIME_, UPDATE_BY_, UPDATE_TIME_, APP_ID_)
        VALUES ('tuwfiwu502466', 'portal', '0', 'Path', '{\"_genkey_0\":\"/api-portal/**\"}', 'StripPrefix', '{\"_genkey_0\":1}', 'lb://jpaas-portal', '', '1', '0', '1', '1', '2020-05-28 00:00:00', '', '2020-05-28 00:00:00', NULL);

INSERT INTO sys_routing(ID_, ROUTING_NAME_, ROUTE_TYPE_, CONDITION_, CONDITION_PARAMETERS_, FILTER_, FILTER_PARAMETERS_, URI_, REMARK_, STATUS_, TENANT_ID_, CREATE_DEP_ID_, CREATE_BY_, CREATE_TIME_, UPDATE_BY_, UPDATE_TIME_, APP_ID_)
        VALUES ('tuwfiwu502467', 'ureport', '0', 'Path', '{\"_genkey_0\":\"/api-ureport/**\"}', 'StripPrefix', '{\"_genkey_0\":1}', 'lb://jpaas-ureport', '', '1', '0', '1', '1', '2020-05-28 00:00:00', '1', '2021-08-06 13:46:22', NULL);

INSERT INTO sys_routing(ID_, ROUTING_NAME_, ROUTE_TYPE_, CONDITION_, CONDITION_PARAMETERS_, FILTER_, FILTER_PARAMETERS_, URI_, REMARK_, STATUS_, TENANT_ID_, CREATE_DEP_ID_, CREATE_BY_, CREATE_TIME_, UPDATE_BY_, UPDATE_TIME_, APP_ID_)
        VALUES ('yhofili474211', 'auth-login-process', '0', 'Path', '{\"_genkey_0\":\"/user/login\"}', 'PreserveHostHeader', '{}', 'lb://jpaas-auth-server', '', '1', '0', '1', '1', '2020-05-28 00:00:00', '', '2020-05-28 00:00:00', NULL);

INSERT INTO sys_routing(ID_, ROUTING_NAME_, ROUTE_TYPE_, CONDITION_, CONDITION_PARAMETERS_, FILTER_, FILTER_PARAMETERS_, URI_, REMARK_, STATUS_, TENANT_ID_, CREATE_DEP_ID_, CREATE_BY_, CREATE_TIME_, UPDATE_BY_, UPDATE_TIME_, APP_ID_)
        VALUES ('ytdrgpz610464', 'generator', '0', 'Path', '{\"_genkey_0\":\"/api-generator/**\"}', 'StripPrefix', '{\"_genkey_0\":1}', 'lb://jpaas-code-generator', '', '1', '0', '1', '1', '2020-05-28 00:00:00', '', '2020-05-28 00:00:00', NULL);

INSERT INTO sys_routing(ID_, ROUTING_NAME_, ROUTE_TYPE_, CONDITION_, CONDITION_PARAMETERS_, FILTER_, FILTER_PARAMETERS_, URI_, REMARK_, STATUS_, TENANT_ID_, CREATE_DEP_ID_, CREATE_BY_, CREATE_TIME_, UPDATE_BY_, UPDATE_TIME_, APP_ID_)
        VALUES ('zblujmq146695', 'user', '0', 'Path', '{\"_genkey_0\":\"/api-user/**\"}', 'StripPrefix', '{\"_genkey_0\":1}', 'lb://jpaas-user', '', '1', '0', '1', '1', '2020-05-28 00:00:00', '1', '2021-09-09 14:11:21', NULL);

INSERT INTO sys_routing(ID_, ROUTING_NAME_, ROUTE_TYPE_, CONDITION_, CONDITION_PARAMETERS_, FILTER_, FILTER_PARAMETERS_, URI_, REMARK_, STATUS_, TENANT_ID_, CREATE_DEP_ID_, CREATE_BY_, CREATE_TIME_, UPDATE_BY_, UPDATE_TIME_, APP_ID_)
        VALUES ('zjastkp878763', 'auth-login-page', '0', 'Path', '{\"_genkey_0\":\"/login\"}', 'PreserveHostHeader', '{}', 'lb://jpaas-auth-server', '', '1', '0', '1', '1', '2020-05-28 00:00:00', '1', '2020-05-28 00:00:00', NULL);


INSERT INTO sys_transfer_setting(ID_, NAME_, STATUS_, DS_ALIAS_, ID_FIELD_, NAME_FIELD_, SELECT_SQL_, UPDATE_SQL_, LOG_TEMPLET_, TENANT_ID_, CREATE_DEP_ID_, CREATE_BY_, CREATE_TIME_, UPDATE_BY_, UPDATE_TIME_)
        VALUES ('1280698754223058946', '流程待办_执行人（候选人）', 'YES', 'jpaas-bpm', '任务ID', '流程标题', 'String sql=\"select v.TASK_ID_ \'任务ID\',v.SUBJECT_ \'流程标题\',v.NAME_ \'节点名称\' from (select t.* from BPM_TASK t left join bpm_def d on t.def_id_= d.def_id_ where ASSIGNEE_={authorId} and t.STATUS_!=\'COMPLETED\' UNION select t.* from bpm_task t left join bpm_def d on t.def_id_= d.def_id_ left join bpm_task_user u on t.TASK_ID_=u.TASK_ID_ where t.ASSIGNEE_ is null AND t.STATUS_!=\'COMPLETED\' and (u.USER_ID_={authorId} or u.GROUP_ID_ in ({authorGroupId})) ) v where 1=1\";\r\nreturn sql;\r\n', 'return \"UPDATE BPM_TASK SET ASSIGNEE_={targetPersonId} WHERE TASK_ID_ IN ({ids})\"', ' 执行人（候选人）{authorName} 的 {names}  待办转给了{targetPersonName}。', '0', '1275706880523935746', '1', '2020-07-08 11:02:32', '1', '2020-07-08 14:33:53');


INSERT INTO sys_tree(TREE_ID_, CODE_, NAME_, PATH_, PARENT_ID_, ALIAS_, DESCP_, CAT_KEY_, SN_, DATA_SHOW_TYPE_, TENANT_ID_, CREATE_DEP_ID_, CREATE_BY_, CREATE_TIME_, UPDATE_BY_, UPDATE_TIME_, APP_ID_)
        VALUES ('1009', NULL, '系统应用', '0.1009.', '0', 'system', NULL, 'APP', 1, 'FLAT', '1', '2', '1', '2021-08-27 16:07:43', NULL, '2021-08-27 16:07:43', '');

INSERT INTO sys_tree(TREE_ID_, CODE_, NAME_, PATH_, PARENT_ID_, ALIAS_, DESCP_, CAT_KEY_, SN_, DATA_SHOW_TYPE_, TENANT_ID_, CREATE_DEP_ID_, CREATE_BY_, CREATE_TIME_, UPDATE_BY_, UPDATE_TIME_, APP_ID_)
        VALUES ('1273174971675750402', '', '日常办公', '0.1273174971675750402.', '0', 'RCBG', '', 'BPM', 1, 'FLAT', '1', '1', '1', '2020-06-17 00:00:00', '', '2020-06-17 00:00:00', NULL);

INSERT INTO sys_tree(TREE_ID_, CODE_, NAME_, PATH_, PARENT_ID_, ALIAS_, DESCP_, CAT_KEY_, SN_, DATA_SHOW_TYPE_, TENANT_ID_, CREATE_DEP_ID_, CREATE_BY_, CREATE_TIME_, UPDATE_BY_, UPDATE_TIME_, APP_ID_)
        VALUES ('1273175068534812674', '', '日常审批', '0.1273175068534812674.', '0', 'RCSP', '', 'BPM', 1, 'FLAT', '1', '1', '1', '2020-06-17 00:00:00', '', '2020-06-17 00:00:00', NULL);

INSERT INTO sys_tree(TREE_ID_, CODE_, NAME_, PATH_, PARENT_ID_, ALIAS_, DESCP_, CAT_KEY_, SN_, DATA_SHOW_TYPE_, TENANT_ID_, CREATE_DEP_ID_, CREATE_BY_, CREATE_TIME_, UPDATE_BY_, UPDATE_TIME_, APP_ID_)
        VALUES ('1273175206279950338', '', '客户管理', '0.1273175206279950338.', '0', 'KHGL', '', 'FORM', 1, 'FLAT', '1', '1', '1', '2020-06-17 00:00:00', '', '2020-06-17 00:00:00', NULL);

INSERT INTO sys_tree(TREE_ID_, CODE_, NAME_, PATH_, PARENT_ID_, ALIAS_, DESCP_, CAT_KEY_, SN_, DATA_SHOW_TYPE_, TENANT_ID_, CREATE_DEP_ID_, CREATE_BY_, CREATE_TIME_, UPDATE_BY_, UPDATE_TIME_, APP_ID_)
        VALUES ('1273175507561000961', '', '日常事务', '0.1273175507561000961.', '0', 'RCSW', '', 'FORM', 1, 'FLAT', '1', '1', '1', '2020-06-17 00:00:00', '1', '2020-06-17 00:00:00', NULL);

INSERT INTO sys_tree(TREE_ID_, CODE_, NAME_, PATH_, PARENT_ID_, ALIAS_, DESCP_, CAT_KEY_, SN_, DATA_SHOW_TYPE_, TENANT_ID_, CREATE_DEP_ID_, CREATE_BY_, CREATE_TIME_, UPDATE_BY_, UPDATE_TIME_, APP_ID_)
        VALUES ('1273426278777008129', '', '费用报销', '0.1273426278777008129.', '0', 'fybx', '', 'FORM', 1, 'FLAT', '1', '1', '1', '2020-06-18 00:00:00', '', '2020-06-18 00:00:00', NULL);

INSERT INTO sys_tree(TREE_ID_, CODE_, NAME_, PATH_, PARENT_ID_, ALIAS_, DESCP_, CAT_KEY_, SN_, DATA_SHOW_TYPE_, TENANT_ID_, CREATE_DEP_ID_, CREATE_BY_, CREATE_TIME_, UPDATE_BY_, UPDATE_TIME_, APP_ID_)
        VALUES ('1273431673285292033', '', '费用报销', '0.1273431673285292033.', '0', 'fybx', '', 'DIC', 1, 'TREE', '1', '1', '1', '2020-06-18 00:00:00', '1', '2020-06-18 00:00:00', NULL);

INSERT INTO sys_tree(TREE_ID_, CODE_, NAME_, PATH_, PARENT_ID_, ALIAS_, DESCP_, CAT_KEY_, SN_, DATA_SHOW_TYPE_, TENANT_ID_, CREATE_DEP_ID_, CREATE_BY_, CREATE_TIME_, UPDATE_BY_, UPDATE_TIME_, APP_ID_)
        VALUES ('1273431733179953153', '', '费用类型', '0.1273431673285292033.1273431733179953153.', '1273431673285292033', 'fylx', '', 'DIC', 1, 'FLAT', '1', '1', '1', '2020-06-18 00:00:00', '', '2020-06-18 00:00:00', NULL);

INSERT INTO sys_tree(TREE_ID_, CODE_, NAME_, PATH_, PARENT_ID_, ALIAS_, DESCP_, CAT_KEY_, SN_, DATA_SHOW_TYPE_, TENANT_ID_, CREATE_DEP_ID_, CREATE_BY_, CREATE_TIME_, UPDATE_BY_, UPDATE_TIME_, APP_ID_)
        VALUES ('1273523084919771137', '', '费用报销', '0.1273523084919771137.', '0', 'fybx', '', 'BPM', 1, 'FLAT', '1', '1', '1', '2020-06-18 00:00:00', '', '2020-06-18 00:00:00', NULL);

INSERT INTO sys_tree(TREE_ID_, CODE_, NAME_, PATH_, PARENT_ID_, ALIAS_, DESCP_, CAT_KEY_, SN_, DATA_SHOW_TYPE_, TENANT_ID_, CREATE_DEP_ID_, CREATE_BY_, CREATE_TIME_, UPDATE_BY_, UPDATE_TIME_, APP_ID_)
        VALUES ('1273788863372206082', '', '客户管理', '0.1273788863372206082.', '0', 'khgl', '', 'DIC', 1, 'TREE', '1', '1', '1', '2020-06-19 00:00:00', '1', '2020-06-19 00:00:00', NULL);

INSERT INTO sys_tree(TREE_ID_, CODE_, NAME_, PATH_, PARENT_ID_, ALIAS_, DESCP_, CAT_KEY_, SN_, DATA_SHOW_TYPE_, TENANT_ID_, CREATE_DEP_ID_, CREATE_BY_, CREATE_TIME_, UPDATE_BY_, UPDATE_TIME_, APP_ID_)
        VALUES ('1273788967567106049', '', '客户来源', '0.1273788863372206082.1273788967567106049.', '1273788863372206082', 'khly', '', 'DIC', 1, 'FLAT', '1', '1', '1', '2020-06-19 00:00:00', '', '2020-06-19 00:00:00', NULL);

INSERT INTO sys_tree(TREE_ID_, CODE_, NAME_, PATH_, PARENT_ID_, ALIAS_, DESCP_, CAT_KEY_, SN_, DATA_SHOW_TYPE_, TENANT_ID_, CREATE_DEP_ID_, CREATE_BY_, CREATE_TIME_, UPDATE_BY_, UPDATE_TIME_, APP_ID_)
        VALUES ('1273789096005083138', '', '客户类型', '0.1273788863372206082.1273789096005083138.', '1273788863372206082', 'khlx', '', 'DIC', 1, 'FLAT', '1', '1', '1', '2020-06-19 00:00:00', '', '2020-06-19 00:00:00', NULL);

INSERT INTO sys_tree(TREE_ID_, CODE_, NAME_, PATH_, PARENT_ID_, ALIAS_, DESCP_, CAT_KEY_, SN_, DATA_SHOW_TYPE_, TENANT_ID_, CREATE_DEP_ID_, CREATE_BY_, CREATE_TIME_, UPDATE_BY_, UPDATE_TIME_, APP_ID_)
        VALUES ('1273789159330684930', '', '客户级别', '0.1273788863372206082.1273789159330684930.', '1273788863372206082', 'khjb', '', 'DIC', 1, 'FLAT', '1', '1', '1', '2020-06-19 00:00:00', '', '2020-06-19 00:00:00', NULL);

INSERT INTO sys_tree(TREE_ID_, CODE_, NAME_, PATH_, PARENT_ID_, ALIAS_, DESCP_, CAT_KEY_, SN_, DATA_SHOW_TYPE_, TENANT_ID_, CREATE_DEP_ID_, CREATE_BY_, CREATE_TIME_, UPDATE_BY_, UPDATE_TIME_, APP_ID_)
        VALUES ('1280758128721715202', '', '新闻公告类型', '0.1280758128721715202.', '0', 'NEWS', '', 'DIC', 1, 'TREE', '1', '', '1', '2020-07-08 00:00:00', '1', '2020-07-10 00:00:00', NULL);

INSERT INTO sys_tree(TREE_ID_, CODE_, NAME_, PATH_, PARENT_ID_, ALIAS_, DESCP_, CAT_KEY_, SN_, DATA_SHOW_TYPE_, TENANT_ID_, CREATE_DEP_ID_, CREATE_BY_, CREATE_TIME_, UPDATE_BY_, UPDATE_TIME_, APP_ID_)
        VALUES ('1293365882540441601', '', '客户管理', '0.1293365882540441601.', '0', 'KHGL', '', 'UREPORT2', 1, 'FLAT', '1', '', '1', '2020-08-12 00:00:00', '1', '2020-08-12 00:00:00', NULL);

INSERT INTO sys_tree(TREE_ID_, CODE_, NAME_, PATH_, PARENT_ID_, ALIAS_, DESCP_, CAT_KEY_, SN_, DATA_SHOW_TYPE_, TENANT_ID_, CREATE_DEP_ID_, CREATE_BY_, CREATE_TIME_, UPDATE_BY_, UPDATE_TIME_, APP_ID_)
        VALUES ('1293365969194762242', '', '日常事务', '0.1293365969194762242.', '0', 'fybx', '', 'UREPORT2', 2, 'FLAT', '1', '', '1', '2020-08-12 00:00:00', '1', '2020-08-12 00:00:00', NULL);

INSERT INTO sys_tree(TREE_ID_, CODE_, NAME_, PATH_, PARENT_ID_, ALIAS_, DESCP_, CAT_KEY_, SN_, DATA_SHOW_TYPE_, TENANT_ID_, CREATE_DEP_ID_, CREATE_BY_, CREATE_TIME_, UPDATE_BY_, UPDATE_TIME_, APP_ID_)
        VALUES ('1326461743392124930', NULL, '应用', '0.1326461743392124930.', '0', 'App', NULL, 'APP', 1, 'FLAT', '1', '2', '1', '2020-11-11 00:00:00', NULL, '2020-11-11 00:00:00', NULL);

INSERT INTO sys_tree(TREE_ID_, CODE_, NAME_, PATH_, PARENT_ID_, ALIAS_, DESCP_, CAT_KEY_, SN_, DATA_SHOW_TYPE_, TENANT_ID_, CREATE_DEP_ID_, CREATE_BY_, CREATE_TIME_, UPDATE_BY_, UPDATE_TIME_, APP_ID_)
        VALUES ('1338691820077973506', NULL, '数据列表', '0.1338691820077973506.', '0', 'FORM_BO_LIST', NULL, 'SQL_LOG', 1, 'FLAT', '1', '1', '1', '2020-12-15 00:00:00', NULL, '2020-12-15 00:00:00', NULL);

INSERT INTO sys_tree(TREE_ID_, CODE_, NAME_, PATH_, PARENT_ID_, ALIAS_, DESCP_, CAT_KEY_, SN_, DATA_SHOW_TYPE_, TENANT_ID_, CREATE_DEP_ID_, CREATE_BY_, CREATE_TIME_, UPDATE_BY_, UPDATE_TIME_, APP_ID_)
        VALUES ('1338691859164692482', NULL, '表间公式', '0.1338691859164692482.', '0', 'FORM_TABLE_FORMULA', NULL, 'SQL_LOG', 2, 'FLAT', '1', '1', '1', '2020-12-15 00:00:00', NULL, '2020-12-15 00:00:00', NULL);

INSERT INTO sys_tree(TREE_ID_, CODE_, NAME_, PATH_, PARENT_ID_, ALIAS_, DESCP_, CAT_KEY_, SN_, DATA_SHOW_TYPE_, TENANT_ID_, CREATE_DEP_ID_, CREATE_BY_, CREATE_TIME_, UPDATE_BY_, UPDATE_TIME_, APP_ID_)
        VALUES ('1371654204495671298', NULL, '流程节点', '0.1371654204495671298.', '0', 'LCJD', NULL, 'DIC', 1, 'FLAT', '1', '1', '1', '2021-03-16 00:00:00', NULL, '2021-03-16 00:00:00', NULL);

INSERT INTO sys_tree(TREE_ID_, CODE_, NAME_, PATH_, PARENT_ID_, ALIAS_, DESCP_, CAT_KEY_, SN_, DATA_SHOW_TYPE_, TENANT_ID_, CREATE_DEP_ID_, CREATE_BY_, CREATE_TIME_, UPDATE_BY_, UPDATE_TIME_, APP_ID_)
        VALUES ('1394566676915298305', NULL, '个人空间', '0.1394566676915298305.', '0', 'person', NULL, 'API', 1, 'FLAT', '1', '1', '1', '2021-05-18 16:13:00', '1', '2021-05-18 16:13:11', NULL);

INSERT INTO sys_tree(TREE_ID_, CODE_, NAME_, PATH_, PARENT_ID_, ALIAS_, DESCP_, CAT_KEY_, SN_, DATA_SHOW_TYPE_, TENANT_ID_, CREATE_DEP_ID_, CREATE_BY_, CREATE_TIME_, UPDATE_BY_, UPDATE_TIME_, APP_ID_)
        VALUES ('1424977788870897666', NULL, '客户管理', '0.1424977788870897666.', '0', '客户管理', NULL, 'BPM', 1, 'FLAT', '1', '1', '1', '2021-08-10 14:15:54', NULL, '2021-08-10 14:15:54', NULL);

INSERT INTO sys_tree (TREE_ID_, CODE_, NAME_, PATH_, PARENT_ID_, ALIAS_, DESCP_, CAT_KEY_, SN_, DATA_SHOW_TYPE_, TENANT_ID_, CREATE_DEP_ID_, CREATE_BY_, CREATE_TIME_, UPDATE_BY_, UPDATE_TIME_, APP_ID_)
         VALUES ('1451009782157479937', NULL, '附件类型', '0.1451009782157479937.', '0', 'attachmentType', NULL, 'DIC', 1, 'FLAT', '1', '1', '1', '2021-10-21 10:17:45', '1', '2021-10-21 10:22:23', '');


INSERT INTO sys_tree_cat(CAT_ID_, KEY_, NAME_, SN_, DESCP_, TENANT_ID_, CREATE_DEP_ID_, CREATE_BY_, CREATE_TIME_, UPDATE_BY_, UPDATE_TIME_)
        VALUES ('1001', 'BPM', '流程分类管理', 1, '流程管理 ', '0', '', '1247833533789405185', NULL, '1', '2020-02-10 00:00:00');

INSERT INTO sys_tree_cat(CAT_ID_, KEY_, NAME_, SN_, DESCP_, TENANT_ID_, CREATE_DEP_ID_, CREATE_BY_, CREATE_TIME_, UPDATE_BY_, UPDATE_TIME_)
        VALUES ('1002', 'DIC', '数字字典管理', 2, '数字字典管理 ', '0', '', '1247833533789405185', NULL, '', NULL);

INSERT INTO sys_tree_cat(CAT_ID_, KEY_, NAME_, SN_, DESCP_, TENANT_ID_, CREATE_DEP_ID_, CREATE_BY_, CREATE_TIME_, UPDATE_BY_, UPDATE_TIME_)
        VALUES ('1003', 'SEL_QY', '自定义查询分类', 3, '自定义查询分类', '0', '', '1', NULL, '', NULL);

INSERT INTO sys_tree_cat(CAT_ID_, KEY_, NAME_, SN_, DESCP_, TENANT_ID_, CREATE_DEP_ID_, CREATE_BY_, CREATE_TIME_, UPDATE_BY_, UPDATE_TIME_)
        VALUES ('1004', 'DS', '数据源分类', 4, '数据源分类', '0', '', '1', NULL, '1', '2020-01-09 00:00:00');

INSERT INTO sys_tree_cat(CAT_ID_, KEY_, NAME_, SN_, DESCP_, TENANT_ID_, CREATE_DEP_ID_, CREATE_BY_, CREATE_TIME_, UPDATE_BY_, UPDATE_TIME_)
        VALUES ('1005', 'FORM', '表单分类', 5, '表单分类', '0', '', '1', NULL, '1', '2020-03-18 00:00:00');

INSERT INTO sys_tree_cat(CAT_ID_, KEY_, NAME_, SN_, DESCP_, TENANT_ID_, CREATE_DEP_ID_, CREATE_BY_, CREATE_TIME_, UPDATE_BY_, UPDATE_TIME_)
        VALUES ('1006', 'UREPORT2', '报表分类', 6, 'ureport2报表分类', '0', '', '1', '2020-08-12 00:00:00', '', '2020-08-12 00:00:00');

INSERT INTO sys_tree_cat(CAT_ID_, KEY_, NAME_, SN_, DESCP_, TENANT_ID_, CREATE_DEP_ID_, CREATE_BY_, CREATE_TIME_, UPDATE_BY_, UPDATE_TIME_)
        VALUES ('1007', 'SQL_LOG', '执行SQL日志分类', 7, '执行SQL日志分类', '0', '1', '1', '2020-12-15 00:00:00', '1', '2020-12-15 00:00:00');

INSERT INTO sys_tree_cat(CAT_ID_, KEY_, NAME_, SN_, DESCP_, TENANT_ID_, CREATE_DEP_ID_, CREATE_BY_, CREATE_TIME_, UPDATE_BY_, UPDATE_TIME_)
        VALUES ('1009', 'APP', '应用分类', 9, '应用分类', '0', '2', '1', '2020-11-11 17:47:48', NULL, '2020-11-11 17:47:48');

INSERT INTO sys_tree_cat(CAT_ID_, KEY_, NAME_, SN_, DESCP_, TENANT_ID_, CREATE_DEP_ID_, CREATE_BY_, CREATE_TIME_, UPDATE_BY_, UPDATE_TIME_)
        VALUES ('1394563597092397057', 'API', '接口分类', 8, '第三方接口分类', '1', '1', '1', '2021-05-18 16:00:46', '1', '2021-05-18 16:00:53');

INSERT INTO sys_tree_cat(CAT_ID_, KEY_, NAME_, SN_, DESCP_, TENANT_ID_, CREATE_DEP_ID_, CREATE_BY_, CREATE_TIME_, UPDATE_BY_, UPDATE_TIME_)
        VALUES ('1430414768792731649', 'SYSTEM', '系统管理分类', 1, '系统管理分类', '1', '1', '1', '2021-08-25 14:20:31', NULL, '2021-08-25 14:20:31');

commit ;
