use jpaas_portal;

INSERT INTO ins_column_def (COL_ID_, NAME_, KEY_, IS_DEFAULT_, TEMPLET_, SET_TING_, IS_PUBLIC_, TYPE_, ICON_, IS_MOBILE_, TENANT_ID_, CREATE_DEP_ID_, CREATE_BY_, CREATE_TIME_, UPDATE_BY_, UPDATE_TIME_, APP_ID_)
       VALUES ('1239834260509945858', '待办事项', 'BpmTaskColumn', '0', '<div class=\"gridLayoutClass\">\n    <div class=\"headPClass\">\n        <span style=\"display: inline-block;font-size: 16px;\">{{insColumnDef.name}}</span>\n        <div style=\"float:right;\">\n            <div class=\"journalism_span\">\n                <span @click=\"moreUrl()\">更多</span>\n                <span @click=\"refresh\">刷新</span>\n            </div>\n        </div>\n    </div>\n    <div class=\"bodyDivClass\">\n        <ul>\n            <li class=\"itmelist\" v-for=\"(obj,index) of data\" :key=\"obj.taskId\" v-if=\"index <=8\">\n                <p @click=\"handleTask(obj)\">{{obj.subject}}</p>\n                <span>{{obj.createTime}}</span>\n            </li>\n        </ul>\n    </div>\n</div>', '{\"dataUrl\":\"/webApp/home/MyBpmTaskList\",\"function\":\"portalScript.getPortalBpmTask()\",\"isNews\":\"\",\"newType\":\"\",\"tabgroups\":\"\",\"functions\":\"portalScript.getPortalBpmTask(colId)\",\"funcType\":\"func\",\"sqlName\":\"省市\"}', '0', '1230771994887495681', NULL, '0', '0', '2', '1', NULL, '1', '2021-6-24 18:13:38', NULL);

INSERT INTO ins_column_def (COL_ID_, NAME_, KEY_, IS_DEFAULT_, TEMPLET_, SET_TING_, IS_PUBLIC_, TYPE_, ICON_, IS_MOBILE_, TENANT_ID_, CREATE_DEP_ID_, CREATE_BY_, CREATE_TIME_, UPDATE_BY_, UPDATE_TIME_, APP_ID_)
       VALUES ('1239837443886018562', '集团新闻', 'insNews', '0', '<div class=\"gridLayoutClass\">\n    <div class=\"headPClass\">\n        <div style=\"display:inline-block;\" >{{insColumnDef.name}}</div>\n        <div style=\"float: right\">\n            <div class=\"journalism_span\">\n             <span @click=\"moreUrl()\">更多</span>\n             <span @click=\"refresh\">刷新</span>\n            </div>\n        </div>\n    </div>\n    <div class=\"bodyDivClass\">\n        <div class=\"aclsty\" v-if=\"hasImage(data)\">\n            <a-carousel arrows autoplay >\n                <div  slot=\"prevArrow\"\n                    slot-scope=\"props\"\n                    class=\"custom-slick-arrow\"\n                    style=\"left: 10px;zIndex: 1\"\n                    >\n                    <a-icon type=\"left-circle\" />\n                </div>\n                <div slot=\"nextArrow\" slot-scope=\"props\" class=\"custom-slick-arrow\" style=\"right: 10px\">\n                    <a-icon type=\"right-circle\" />\n                </div>\n                <div v-for=\"obj of data\" v-if=\"obj.imgFileId\"  class=\"inglist\">\n                    <img :src=\"getImgPath(obj.imgFileId)\"></img>\n                </div>\n            </a-carousel>\n        </div>\n        <div  >\n            <ul>\n                <li class=\"itmelist\" v-for=\"(obj,index) of data\" :key=\"obj.pkId\" v-if=\"index <=5\">\n                  <p @click=\"getInsNews(obj.pkId)\">{{obj.subject}}</p>\n                  <span>{{obj.createTime}}</span>\n                </li>\n            </ul>\n        </div>\n    </div>\n</div>', '{\"dataUrl\":\"/portal/InsNewsIssueds\",\"function\":\"portalScript.getPortalNews(colId)\",\"isNews\":\"YES\",\"newType\":\"imgAndFont\",\"tabgroups\":\"\",\"newDIc\":\"companyNews\"}', '0', '1230775094247464962', NULL, '0', '0', '2', '1', NULL, '1', '2021-7-28 16:28:58', NULL);

INSERT INTO ins_column_def (COL_ID_, NAME_, KEY_, IS_DEFAULT_, TEMPLET_, SET_TING_, IS_PUBLIC_, TYPE_, ICON_, IS_MOBILE_, TENANT_ID_, CREATE_DEP_ID_, CREATE_BY_, CREATE_TIME_, UPDATE_BY_, UPDATE_TIME_, APP_ID_)
       VALUES ('1239838889297702914', '消息盒子', 'newsColumn', '0', '<div class=\"msgBoxs\">\n    <ul class=\"msgUl\">\n        <li class=\"msgItme\"\n            :style=\"{width:listWidthFn}\"\n            v-for=\"(obj,index) of data\"\n          :key=\"index\">\n        <div @click=\"moreUrl(obj.url)\" class=\"contentBox\" :style=\"{\'background\': obj.color != \'\'?obj.color :\'red\'}\">\n            <div class=\"msgContent\">\n            <b>{{obj.count}}</b>\n            <p>{{obj.content}}</p >\n          </div>\n          <div class=\"header_icon\">\n                    <a-icon v-if=\"!obj.icon.includes(\'type\')\" :type=\"obj.icon\" />\n                    <my-icon v-else-if=\"[\'customIcon\',\'userCustomIcon\'].includes(JSON.parse(obj.icon).type)\" :type=\"JSON.parse(obj.icon).icon\"></my-icon>\n                    <a-icon v-else=\"JSON.parse(obj.icon).type\" :type=\"JSON.parse(obj.icon).icon\"></a-icon>\n          </div>\n        </div>\n    </li>\n    </ul>\n</div>', '{\"dataUrl\":\"\",\"function\":\"1235758510261506049\",\"newType\":\"\",\"tabgroups\":\"\",\"listCount\":4,\"newDIc\":\"\",\"funcType\":\"\",\"sqlName\":\"\",\"service\":\"\",\"calendarMode\":\"\"}', '0', '1230774411821621249', 'iconxinjian', '0', '0', '2', '1', NULL, '1', '2021-9-12 19:49:52', NULL);

INSERT INTO ins_column_def (COL_ID_, NAME_, KEY_, IS_DEFAULT_, TEMPLET_, SET_TING_, IS_PUBLIC_, TYPE_, ICON_, IS_MOBILE_, TENANT_ID_, CREATE_DEP_ID_, CREATE_BY_, CREATE_TIME_, UPDATE_BY_, UPDATE_TIME_, APP_ID_)
       VALUES ('1239839327900266497', '公司公告', 'newsPortColumn', '0', '<div class=\"gridLayoutClass\">\n    <div class=\"headPClass\">\n        <div style=\"display:inline-block;\" >{{insColumnDef.name}}</div>\n        <div style=\"float: right\">\n            <div class=\"journalism_span\">\n             <span @click=\"moreUrl()\">更多</span>\n             <span @click=\"refresh\">刷新</span>\n            </div>\n        </div>\n    </div>\n    <div class=\"bodyDivClass\">\n        <div class=\"aclsty\" v-if=\"hasImage(data)\">\n            <a-carousel arrows autoplay >\n                <div  slot=\"prevArrow\"\n                    slot-scope=\"props\"\n                    class=\"custom-slick-arrow\"\n                    style=\"left: 10px;zIndex: 1\"\n                    >\n                    <a-icon type=\"left-circle\" />\n                </div>\n                <div slot=\"nextArrow\" slot-scope=\"props\" class=\"custom-slick-arrow\" style=\"right: 10px\">\n                    <a-icon type=\"right-circle\" />\n                </div>\n                <div v-for=\"obj of data\"  v-if=\"obj.imgFileId\" class=\"inglist\">\n                    <img v-if=\"obj.imgFileId\" :src=\"getImgPath(obj.imgFileId)\"></img>\n                </div>\n            </a-carousel>\n        </div>\n        <div  >\n            <ul>\n                <li class=\"itmelist\" v-for=\"(obj,index) of data\" :key=\"obj.pkId\" v-if=\"index <=5\">\n                  <p @click=\"getInsNews(obj.pkId)\">{{obj.subject}}</p>\n                  <span>{{obj.createTime}}</span>\n                </li>\n            </ul>\n        </div>\n    </div>\n</div>', '{\"dataUrl\":\"/portal/InsNewsIssueds\",\"function\":\"\",\"newType\":\"imgAndFont\",\"tabgroups\":\"\",\"newDIc\":\"companyNews\"}', '0', '1230775094247464962', 'iconbaobiao1', '0', '0', '2', '1', NULL, '1', '2021-7-28 16:28:43', NULL);

INSERT INTO ins_column_def (COL_ID_, NAME_, KEY_, IS_DEFAULT_, TEMPLET_, SET_TING_, IS_PUBLIC_, TYPE_, ICON_, IS_MOBILE_, TENANT_ID_, CREATE_DEP_ID_, CREATE_BY_, CREATE_TIME_, UPDATE_BY_, UPDATE_TIME_, APP_ID_)
       VALUES ('1239839763151581185', '待办已办', 'tabColumn', '0', '<div class=\"page-header-index-wide\">\n      <div class=\"salesCard\">\n        <a-tabs default-active-key=0 size=\"large\"  @change=\"changeKey\" style=\"height:100%;\" >\n          <div class=\"extra-wrapper\" slot=\"tabBarExtraContent\">\n              <div class=\"journalism_span\">\n             <span @click=\"moreUrl()\">更多</span>\n             <span @click=\"refresh\">刷新</span>\n           </div>\n          </div>\n          <a-tab-pane class=\"hetlist\" v-for=\"(obj,index) of data\"  :tab=\"obj.name\" :key=\"index\">\n             <portal-layoutview ref=\"innerLayout\" :insColumnDef=\"obj.insColumnDef\" > </portal-layoutview>\n          </a-tab-pane>\n        </a-tabs>\n      </div>\n  </div>', '{\"dataUrl\":\"\",\"function\":\"\",\"isNews\":\"\",\"newType\":\"\",\"tabgroups\":{\"value\":\"1239834260509945858,1361616576253440002\",\"text\":\"待办事项,已办事项\"}}', '0', '1230774801220804610', NULL, '0', '0', '2', '1', NULL, '1', '2021-6-29 14:48:32', NULL);

INSERT INTO ins_column_def (COL_ID_, NAME_, KEY_, IS_DEFAULT_, TEMPLET_, SET_TING_, IS_PUBLIC_, TYPE_, ICON_, IS_MOBILE_, TENANT_ID_, CREATE_DEP_ID_, CREATE_BY_, CREATE_TIME_, UPDATE_BY_, UPDATE_TIME_, APP_ID_)
       VALUES ('1259742027670732801', '常用应用', 'application', '0', '<div class=\"gridLayoutClass\">\n<div class=\"headPClass\">常用应用</div>\n<div class=\"bodyDivClass\">\n<ul class=\"application_ul\">\n        <li v-for=\"obj in data\">\n      <div v-if=\"obj.type ===\'interior\'\" @click=\"moreUrl(obj.url)\">\n            <a-icon v-if=\"!obj.icon.includes(\'type\')\" :type=\"obj.icon\" />\n            <my-icon v-else-if=\"[\'customIcon\',\'userCustomIcon\'].includes(JSON.parse(obj.icon).type)\" :type=\"JSON.parse(obj.icon).icon\"></my-icon>\n            <a-icon v-else=\"JSON.parse(obj.icon).type\" :type=\"JSON.parse(obj.icon).icon\"></a-icon>\n            <span>{{obj.name}}</span>\n      </div>\n      <div v-if=\"obj.type ===\'outside\'\" @click=\"moreOutUrl(obj.url)\">\n             \n                <a-icon v-if=\"!obj.icon.includes(\'type\')\" :type=\"obj.icon\" />\n                <my-icon v-else-if=\"[\'customIcon\',\'userCustomIcon\'].includes(JSON.parse(obj.icon).type)\" :type=\"JSON.parse(obj.icon).icon\"></my-icon>\n                <a-icon v-else=\"JSON.parse(obj.icon).type\" :type=\"JSON.parse(obj.icon).icon\"></a-icon>\n                <span>{{obj.name}}</span>\n         </div>\n        </li>\n      </ul>\n</div>\n</div>', '{\"dataUrl\":\"\",\"function\":\"portalScript.getMyAppList()\",\"newType\":\"\",\"tabgroups\":\"\",\"listCount\":6,\"newDIc\":\"\",\"funcType\":\"\",\"sqlName\":\"\",\"service\":\"\",\"calendarMode\":\"\"}', '0', '1230771994887495681', NULL, '0', '0', '1', '1', NULL, '1', '2021-6-29 10:51:36', NULL);

INSERT INTO ins_column_def (COL_ID_, NAME_, KEY_, IS_DEFAULT_, TEMPLET_, SET_TING_, IS_PUBLIC_, TYPE_, ICON_, IS_MOBILE_, TENANT_ID_, CREATE_DEP_ID_, CREATE_BY_, CREATE_TIME_, UPDATE_BY_, UPDATE_TIME_, APP_ID_)
       VALUES ('1259762922225254402', '提醒', 'remind', '0', '<div class=\"gridLayoutClass\">\n    <div class=\"headPClass\">\n        <span style=\"display: inline-block;font-size: 16px;\">我的提醒</span>\n    </div>\n    <div class=\"bodyDivClass\">\n        <ul class=\"remind_ul\">\n			<li v-for=\"obj in data\">\n			    <span><a-icon :type=\"obj.icon\" /></span>\n                <div class=\"remind_a\" @click=\"moreUrl(obj.url)\" v-html=\"obj.description\"></div>\n			 </li>\n        </ul>\n    </div>\n</div>', '{\"dataUrl\":\"\",\"function\":\"portalScript.getRemindList()\",\"newType\":\"\",\"tabgroups\":\"\",\"listCount\":6,\"newDIc\":\"\",\"funcType\":\"\",\"sqlName\":\"\"}', '0', '1230771994887495681', NULL, '0', '0', '1', '1', NULL, '1', '2021-5-17 15:53:09', NULL);

INSERT INTO ins_column_def (COL_ID_, NAME_, KEY_, IS_DEFAULT_, TEMPLET_, SET_TING_, IS_PUBLIC_, TYPE_, ICON_, IS_MOBILE_, TENANT_ID_, CREATE_DEP_ID_, CREATE_BY_, CREATE_TIME_, UPDATE_BY_, UPDATE_TIME_, APP_ID_)
       VALUES ('1262555793443348482', '我的日程', 'calendarTest001', '0', '<div class=\"gridLayoutClass portal-calendar\">\n    <div class=\"headPClass\">\n        <span style=\"display: inline-block;font-size: 16px;\">我的日程</span>\n    </div>\n    <div class=\"bodyDivClass schstyle\" style=\"overflow-y: auto;overflow-x: hidden;\">\n        <div :style=\"{ width: \'100%\', borderRadius: \'4px\' }\">\n            <a-calendar :fullscreen=\"false\" :mode=\"calendarMode\" @select=\"onCalendarSelect\" @panelChange=\"onPanelChange\" >\n                <ul slot=\"dateCellRender\" slot-scope=\"value\" class=\"events\">\n                    <li class=\"relisdian\" v-if=\"hasLoadMonthData\" v-for=\"item in getCalendarDayListData(value)\" :key=\"item.content\">\n                        <a-badge :status=\"item.type\" :text=\"item.content\" />\n                    </li>\n                </ul>\n            </a-calendar>\n        </div>\n        <div class=\"relist\">{{calendarValue}}日程</div>\n        <a-steps  progress-dot :current=\"1\" direction=\"vertical\" :class=\"[ calendarMode ==\'year\'? \'calenlist\':\'\']\">\n		        <a-step v-for=\"item in data\" :key=\"item.index\" :title=\"item.title\">\n                    <span v-if=\"calendarMode ===\'year\'\" class=\"shijian_year\" slot=\"description\">{{item.day}} {{item.startTime}}</span>\n		            <span v-if=\"calendarMode ===\'month\'\" class=\"shijian\" slot=\"description\">{{item.startTime}}</span>\n		            <template slot=\"title\">\n			            {{item.title}}\n		            </template>\n		            <span slot=\"description\">{{item.describe}}</span>\n		        </a-step>\n	    </a-steps>\n        <a-empty v-if=\"data.length ==0\" />\n    </div>\n</div>', '{\"dataUrl\":\"\",\"function\":\"\",\"newType\":\"\",\"tabgroups\":\"\",\"listCount\":6,\"newDIc\":\"\",\"funcType\":\"\",\"sqlName\":\"\",\"service\":\"default\",\"calendarMode\":\"month\"}', '0', '1262328598619750402', NULL, '0', '0', '1', '1', NULL, '1', '2021-6-21 15:38:05', NULL);

INSERT INTO ins_column_def (COL_ID_, NAME_, KEY_, IS_DEFAULT_, TEMPLET_, SET_TING_, IS_PUBLIC_, TYPE_, ICON_, IS_MOBILE_, TENANT_ID_, CREATE_DEP_ID_, CREATE_BY_, CREATE_TIME_, UPDATE_BY_, UPDATE_TIME_, APP_ID_)
       VALUES ('1361616576253440002', '已办事项', 'hadHandleInsts', '0', '<div class=\"gridLayoutClass\">\n    <div class=\"headPClass\">\n        <span style=\"display: inline-block;font-size: 16px;\">{{insColumnDef.name}}</span>\n        <div style=\"float:right;\">\n           <div class=\"journalism_span\"> <span @click=\"moreUrl()\">更多</span> <span @click=\"refresh\">刷新</span> </div>\n        </div>\n    </div>\n    <div class=\"bodyDivClass\">\n        <ul>\n            <li class=\"itmelist\" v-for=\"(obj,index) of data\" :key=\"obj.instId\" v-if=\"index <=5\">\n                <p @click=\"handleBpmInst(obj)\">{{obj.subject}}</p>\n                <span>{{obj.createTime}}</span>\n            </li>\n        </ul>\n    </div>\n</div>', '{\"dataUrl\":\"/webApp/home/MyApprovedInsts\",\"function\":\"portalScript.getMyApprovedInsts()\",\"newType\":\"\",\"tabgroups\":\"\",\"listCount\":6,\"newDIc\":\"\",\"funcType\":\"\",\"sqlName\":\"\",\"service\":\"\",\"calendarMode\":\"\"}', '0', '1230771994887495681', NULL, '0', '0', NULL, '1', NULL, '1', '2021-5-18 15:12:35', NULL);

INSERT INTO ins_column_def (COL_ID_, NAME_, KEY_, IS_DEFAULT_, TEMPLET_, SET_TING_, IS_PUBLIC_, TYPE_, ICON_, IS_MOBILE_, TENANT_ID_, CREATE_DEP_ID_, CREATE_BY_, CREATE_TIME_, UPDATE_BY_, UPDATE_TIME_, APP_ID_)
       VALUES ('1363419382463524865', '新闻公告Tab', 'NewsNoticeTab', '0', '<div class=\"page-header-index-wide\">\n      <div class=\"salesCard\">\n        <a-tabs default-active-key=0 size=\"large\"  @change=\"changeKey\" style=\"height:100%;\" >\n          <div class=\"extra-wrapper\" slot=\"tabBarExtraContent\">\n              <div class=\"journalism_span\">\n             <span @click=\"moreUrl()\">更多</span>\n             <span @click=\"refresh\">刷新</span>\n           </div>\n          </div>\n          <a-tab-pane class=\"hetlist\" v-for=\"(obj,index) of data\"  :tab=\"obj.name\" :key=\"index\">\n             <portal-layoutview ref=\"innerLayout\" :insColumnDef=\"obj.insColumnDef\" > </portal-layoutview>\n          </a-tab-pane>\n        </a-tabs>\n      </div>\n  </div>', '{\"dataUrl\":\"\",\"function\":\"\",\"newType\":\"\",\"tabgroups\":{\"value\":\"1239837443886018562,1239839327900266497\",\"text\":\"集团新闻,公司公告\"},\"listCount\":6,\"newDIc\":\"\",\"funcType\":\"\",\"sqlName\":\"\",\"service\":\"\",\"calendarMode\":\"\"}', '0', '1230774801220804610', NULL, '0', '0', NULL, '1', NULL, '1', '2021-6-29 14:46:46', NULL);

INSERT INTO ins_column_def (COL_ID_, NAME_, KEY_, IS_DEFAULT_, TEMPLET_, SET_TING_, IS_PUBLIC_, TYPE_, ICON_, IS_MOBILE_, TENANT_ID_, CREATE_DEP_ID_, CREATE_BY_, CREATE_TIME_, UPDATE_BY_, UPDATE_TIME_, APP_ID_)
       VALUES ('1392727548903243778', '饼图', 'piecharts', '0', NULL, '{\"dataUrl\":\"\",\"function\":\"\",\"newType\":\"\",\"tabgroups\":\"\",\"listCount\":6,\"newDIc\":\"\",\"funcType\":\"\",\"sqlName\":\"\",\"service\":\"\",\"calendarMode\":\"\",\"component\":\"modules/portal/core/charts/PieCharts.vue\"}', '0', '1230771994887495674', NULL, '0', '1', '1', '1', '2021-5-13 14:24:58', NULL, '2021-5-13 14:24:58', NULL);

INSERT INTO ins_column_def (COL_ID_, NAME_, KEY_, IS_DEFAULT_, TEMPLET_, SET_TING_, IS_PUBLIC_, TYPE_, ICON_, IS_MOBILE_, TENANT_ID_, CREATE_DEP_ID_, CREATE_BY_, CREATE_TIME_, UPDATE_BY_, UPDATE_TIME_, APP_ID_)
       VALUES ('1392738215320346625', '柱状图', 'barCharts', '0', NULL, '{\"dataUrl\":\"\",\"function\":\"\",\"newType\":\"\",\"tabgroups\":\"\",\"listCount\":6,\"newDIc\":\"\",\"funcType\":\"\",\"sqlName\":\"\",\"service\":\"\",\"calendarMode\":\"\",\"component\":\"modules/portal/core/charts/BarCharts.vue\"}', '0', '1230771994887495674', NULL, '0', '1', '1', '1', '2021-5-13 15:07:21', NULL, '2021-5-13 15:07:21', NULL);

INSERT INTO ins_column_def (COL_ID_, NAME_, KEY_, IS_DEFAULT_, TEMPLET_, SET_TING_, IS_PUBLIC_, TYPE_, ICON_, IS_MOBILE_, TENANT_ID_, CREATE_DEP_ID_, CREATE_BY_, CREATE_TIME_, UPDATE_BY_, UPDATE_TIME_, APP_ID_)
       VALUES ('1392739711713796097', '漏斗图', 'FunnelCharts', '0', NULL, '{\"dataUrl\":\"\",\"function\":\"\",\"newType\":\"\",\"tabgroups\":\"\",\"listCount\":6,\"newDIc\":\"\",\"funcType\":\"\",\"sqlName\":\"\",\"service\":\"\",\"calendarMode\":\"\",\"component\":\"modules/portal/core/charts/FunnelCharts.vue\"}', '0', '1230771994887495674', NULL, '0', '1', '1', '1', '2021-5-13 15:13:18', NULL, '2021-5-13 15:13:18', NULL);

INSERT INTO ins_column_def (COL_ID_, NAME_, KEY_, IS_DEFAULT_, TEMPLET_, SET_TING_, IS_PUBLIC_, TYPE_, ICON_, IS_MOBILE_, TENANT_ID_, CREATE_DEP_ID_, CREATE_BY_, CREATE_TIME_, UPDATE_BY_, UPDATE_TIME_, APP_ID_)
       VALUES ('1392741135541592065', '仪表盘', 'gaugeCharts', '0', NULL, '{\"dataUrl\":\"\",\"function\":\"\",\"newType\":\"\",\"tabgroups\":\"\",\"listCount\":6,\"newDIc\":\"\",\"funcType\":\"\",\"sqlName\":\"\",\"service\":\"\",\"calendarMode\":\"\",\"component\":\"modules/portal/core/charts/GaugeCharts.vue\"}', '0', '1230771994887495674', NULL, '0', '1', '1', '1', '2021-5-13 15:18:57', NULL, '2021-5-13 15:18:57', NULL);

INSERT INTO ins_column_def (COL_ID_, NAME_, KEY_, IS_DEFAULT_, TEMPLET_, SET_TING_, IS_PUBLIC_, TYPE_, ICON_, IS_MOBILE_, TENANT_ID_, CREATE_DEP_ID_, CREATE_BY_, CREATE_TIME_, UPDATE_BY_, UPDATE_TIME_, APP_ID_)
       VALUES ('1392742738608775169', '曲线图', 'linecharts', '0', NULL, '{\"dataUrl\":\"\",\"function\":\"\",\"newType\":\"\",\"tabgroups\":\"\",\"listCount\":6,\"newDIc\":\"\",\"funcType\":\"\",\"sqlName\":\"\",\"service\":\"\",\"calendarMode\":\"\",\"component\":\"modules/portal/core/charts/LineCharts.vue\"}', '0', '1230771994887495674', NULL, '0', '1', '1', '1', '2021-5-13 15:25:19', NULL, '2021-5-13 15:25:19', NULL);

INSERT INTO ins_column_def (COL_ID_, NAME_, KEY_, IS_DEFAULT_, TEMPLET_, SET_TING_, IS_PUBLIC_, TYPE_, ICON_, IS_MOBILE_, TENANT_ID_, CREATE_DEP_ID_, CREATE_BY_, CREATE_TIME_, UPDATE_BY_, UPDATE_TIME_, APP_ID_)
       VALUES ('1392746879276015617', '混合图形', 'mixCharts', '0', NULL, '{\"dataUrl\":\"\",\"function\":\"\",\"newType\":\"\",\"tabgroups\":\"\",\"listCount\":6,\"newDIc\":\"\",\"funcType\":\"\",\"sqlName\":\"\",\"service\":\"\",\"calendarMode\":\"\",\"component\":\"modules/portal/core/charts/MixCharts.vue\"}', '0', '1230771994887495674', NULL, '0', '1', '1', '1', '2021-5-13 15:41:47', NULL, '2021-5-13 15:41:47', NULL);

INSERT INTO ins_column_def (COL_ID_, NAME_, KEY_, IS_DEFAULT_, TEMPLET_, SET_TING_, IS_PUBLIC_, TYPE_, ICON_, IS_MOBILE_, TENANT_ID_, CREATE_DEP_ID_, CREATE_BY_, CREATE_TIME_, UPDATE_BY_, UPDATE_TIME_, APP_ID_)
       VALUES ('1406061558150025218', '待办事项-门户', 'bpmTaskColumn_portal', '0', '\n<div v-if=\"insColumnDef\" class=\"insColumnDef\">\n	<div class=\"headerTitle\">\n		<header>{{ insColumnDef.name }}</header>\n		<span class=\"more\"  @click=\"moreUrl(\'/webApp/home/MyBpmTaskList\',true)\">更多<a-icon type=\"caret-right\" /></span>\n	</div>\n	<div class=\"portalContent\">\n		<div class=\"portalContentBox\">\n            <div class=\"portalList\">\n                <ul>\n                    <li class=\"list-li\"  v-for=\"(obj,index) of data\" :key=\"obj.taskId\" v-if=\"index <=6\">\n                        <span class=\"icon\">\n                           <a-icon type=\"form\" />\n                        </span>\n                        <div class=\"text\">                     \n                            <span class=\"itemText\" :title=\"obj.subject\" @click=\"handleTaskByUrl(insColumnDef,obj)\">{{obj.subject}}</span>\n                        </div>                      \n                        <div class=\"listColumn column-user\">\n                            {{obj.name}}\n                        </div>\n                        <div class=\"listColumn time\">\n                          {{obj.createTime}}\n                        </div>\n                    </li>\n                </ul>\n            </div>\n		</div>\n	</div>\n</div>\n', '{\"dataUrl\":\"/bpmTask/start\",\"function\":\"portalScript.getPortalBpmTask()\",\"newType\":\"\",\"tabgroups\":\"\",\"listCount\":6,\"newDIc\":\"\",\"funcType\":\"\",\"sqlName\":\"\",\"service\":\"\",\"calendarMode\":\"\"}', '0', '1230771994887495681', 'iconhomepage', '0', '1', '1', '1', '2021-6-19 09:29:33', '1', '2021-8-13 16:04:57', NULL);

INSERT INTO ins_column_def (COL_ID_, NAME_, KEY_, IS_DEFAULT_, TEMPLET_, SET_TING_, IS_PUBLIC_, TYPE_, ICON_, IS_MOBILE_, TENANT_ID_, CREATE_DEP_ID_, CREATE_BY_, CREATE_TIME_, UPDATE_BY_, UPDATE_TIME_, APP_ID_)
       VALUES ('1406144016241942530', '消息盒子-门户', 'msg', '0', '<div class=\"portal-list-box\">\n	<div class=\"headerTitle\">\n		<header>{{ insColumnDef.name }}</header>\n	</div>\n	<div class=\"listContent\">\n		<div class=\"listContentBox\">\n			<ul class=\"portal-msg-box\">\n                <li  class=\"portal-msg-item\" :style=\"{width:listWidthFn}\" v-for=\"(obj,index) of data\" :key=\"index\">\n                    <div  @click=\"moreUrl(obj.url,true)\" class=\"portal-msg-div\" >\n              \n         <div class=\"msg_icon\" :style=\"{\'background\': obj.color != \'\'?obj.color :\'red\'}\">\n                    <a-icon v-if=\"!obj.icon.includes(\'type\')\" :type=\"obj.icon\" />\n                    <my-icon v-else-if=\"[\'customIcon\',\'userCustomIcon\'].includes(JSON.parse(obj.icon).type)\" :type=\"JSON.parse(obj.icon).icon\"></my-icon>\n                    <a-icon v-else=\"JSON.parse(obj.icon).type\" :type=\"JSON.parse(obj.icon).icon\"></a-icon>\n          </div>\n                        <div class=\"portal-msg-content\">\n                            <b>{{obj.count}}</b>\n                            <p>{{obj.content}}</p >\n                        </div>\n                    </div>\n                </li>\n            </ul>\n		</div>\n	</div>\n\n</div>', '{\"dataUrl\":\"\",\"function\":\"1235758510261506049\",\"newType\":\"\",\"tabgroups\":{\"value\":\"1406061558150025218,1361616576253440002,1239834260509945858\",\"text\":\"待办事项-门户,已办事项,待办事项\"},\"listCount\":4,\"newDIc\":\"\",\"funcType\":\"\",\"sqlName\":\"\",\"service\":\"\",\"calendarMode\":\"\"}', '0', '1230774411821621249', 'iconcaidan-', '0', '1', '1385123428631506945', '1', '2021-6-19 14:57:13', '1', '2021-9-12 19:53:46', NULL);

INSERT INTO ins_column_def (COL_ID_, NAME_, KEY_, IS_DEFAULT_, TEMPLET_, SET_TING_, IS_PUBLIC_, TYPE_, ICON_, IS_MOBILE_, TENANT_ID_, CREATE_DEP_ID_, CREATE_BY_, CREATE_TIME_, UPDATE_BY_, UPDATE_TIME_, APP_ID_)
       VALUES ('1406791032122966017', '轮播图-门户', 'carousels', '0', '<cariusel>轮播图</cariusel>', '{\"dataUrl\":\"\",\"function\":\"get()\",\"newType\":\"\",\"tabgroups\":\"\",\"listCount\":6,\"newDIc\":\"\",\"funcType\":\"\",\"sqlName\":\"\",\"service\":\"\",\"calendarMode\":\"\"}', '0', '1230771994887495681', NULL, '0', '1', '1385123428631506945', '1', '2021-6-21 09:48:14', NULL, '2021-6-21 09:48:14', NULL);

INSERT INTO ins_column_def (COL_ID_, NAME_, KEY_, IS_DEFAULT_, TEMPLET_, SET_TING_, IS_PUBLIC_, TYPE_, ICON_, IS_MOBILE_, TENANT_ID_, CREATE_DEP_ID_, CREATE_BY_, CREATE_TIME_, UPDATE_BY_, UPDATE_TIME_, APP_ID_)
       VALUES ('1406817035213930498', '通讯录', 'maillist', '0', '<rx-list :name=\"\'通讯录\'\">\n	<mail-list></mail-list>\n</rx-list>', '{\"dataUrl\":\"\",\"function\":\"get()\",\"newType\":\"\",\"tabgroups\":\"\",\"listCount\":6,\"newDIc\":\"\",\"funcType\":\"\",\"sqlName\":\"\",\"service\":\"\",\"calendarMode\":\"\"}', '0', '1230771994887495681', NULL, '0', '1', '1385123428631506945', '1', '2021-6-21 11:31:33', '1', '2021-6-21 11:31:40', NULL);

INSERT INTO ins_column_def (COL_ID_, NAME_, KEY_, IS_DEFAULT_, TEMPLET_, SET_TING_, IS_PUBLIC_, TYPE_, ICON_, IS_MOBILE_, TENANT_ID_, CREATE_DEP_ID_, CREATE_BY_, CREATE_TIME_, UPDATE_BY_, UPDATE_TIME_, APP_ID_)
       VALUES ('1407177489941549058', '文件管理', 'filemanage', '0', '<rx-list :name=\"\'文件管理\'\">\n    <enclosure></enclosure>\n</rx-list>', '{\"dataUrl\":\"\",\"function\":\"get()\",\"newType\":\"\",\"tabgroups\":\"\",\"listCount\":6,\"newDIc\":\"\",\"funcType\":\"\",\"sqlName\":\"\",\"service\":\"\",\"calendarMode\":\"\"}', '0', '1230771994887495681', NULL, '0', '1', '1385123428631506945', '1', '2021-6-22 11:23:52', NULL, '2021-6-22 11:23:52', NULL);

INSERT INTO ins_column_def (COL_ID_, NAME_, KEY_, IS_DEFAULT_, TEMPLET_, SET_TING_, IS_PUBLIC_, TYPE_, ICON_, IS_MOBILE_, TENANT_ID_, CREATE_DEP_ID_, CREATE_BY_, CREATE_TIME_, UPDATE_BY_, UPDATE_TIME_, APP_ID_)
       VALUES ('1407547641765888002', '排行列表', 'rankingList', '0', '<rx-list :name=\"\'排行列表\'\">\r\n<ranking-list></ranking-list>\r\n</rx-list>', '{\"dataUrl\":\"\",\"function\":\"get()\",\"newType\":\"\",\"tabgroups\":\"\",\"listCount\":6,\"newDIc\":\"\",\"funcType\":\"\",\"sqlName\":\"\",\"service\":\"\",\"calendarMode\":\"\"}', '0', '1230771994887495681', NULL, '0', '1', '1385123428631506945', '1', '2021-6-23 11:54:43', '1', '2021-6-23 12:02:31', NULL);

INSERT INTO ins_column_def (COL_ID_, NAME_, KEY_, IS_DEFAULT_, TEMPLET_, SET_TING_, IS_PUBLIC_, TYPE_, ICON_, IS_MOBILE_, TENANT_ID_, CREATE_DEP_ID_, CREATE_BY_, CREATE_TIME_, UPDATE_BY_, UPDATE_TIME_, APP_ID_)
       VALUES ('1409824567578746881', '基础栏目', 'jclm', '0', '<div class=\"page-header-index-wide\">\n   \n      <div class=\"salesCard\" headPClass>\n        <a-tabs default-active-key=0 size=\"large\"  @change=\"changeKey\" :tab-bar-style=\"{marginBottom: \'24px\', paddingLeft: \'16px\'}\">\n          <div class=\"extra-wrapper\" slot=\"tabBarExtraContent\">\n            <div class=\"extra-item\">\n              <span class=\"btnSpan\" @click=\"moreUrl()\">\n                <a-icon type=\"dash\"></a-icon>\n              </span>\n              <span class=\"btnSpan\" @click=\"refresh\">\n                <a-icon type=\"redo\"></a-icon>\n              </span>\n            </div>\n          </div>\n          <a-tab-pane class=\"hetlist\" v-for=\"(obj,index) of data\"  :tab=\"obj.name\" :key=\"index\">\n            <portal-layoutview ref=\"innerLayout\"  :insColumnDef=\"obj.insColumnDef\"></portal-layoutview>\n          </a-tab-pane>\n        </a-tabs>\n      </div>\n   \n  </div>', '{\"dataUrl\":\"\",\"function\":\"\",\"newType\":\"\",\"tabgroups\":{\"value\":\"1259742027670732801,1259762922225254402\",\"text\":\"常用应用,提醒\"},\"listCount\":6,\"newDIc\":\"\",\"funcType\":\"\",\"sqlName\":\"\",\"service\":\"\",\"calendarMode\":\"\"}', '0', '1230774801220804610', NULL, '0', '1', NULL, '1', '2021-6-29 18:42:25', NULL, '2021-6-29 18:42:25', NULL);

INSERT INTO ins_column_def (COL_ID_, NAME_, KEY_, IS_DEFAULT_, TEMPLET_, SET_TING_, IS_PUBLIC_, TYPE_, ICON_, IS_MOBILE_, TENANT_ID_, CREATE_DEP_ID_, CREATE_BY_, CREATE_TIME_, UPDATE_BY_, UPDATE_TIME_, APP_ID_)
       VALUES ('1426090204717772802', '已办事项-门户', 'hadHandleInsts_portal', '0', '\n<div v-if=\"insColumnDef\" class=\"insColumnDef\">\n	<div class=\"headerTitle\">\n		<header>{{ insColumnDef.name }}</header>\n		<span class=\"more\"  @click=\"moreUrl(\'/webApp/home/MyApprovedTasks\',true)\">更多<a-icon type=\"caret-right\" /></span>\n	</div>\n	<div class=\"portalContent\">\n		<div class=\"portalContentBox\">\n            <div class=\"portalList\">\n                <ul>\n                    <li class=\"list-li\"  v-for=\"(obj,index) of data\" :key=\"obj.instId\" v-if=\"index <=6\">\n                        <span class=\"icon\">\n                           <a-icon type=\"form\" />\n                        </span>\n                        <div class=\"text\">                     \n                            <span class=\"itemText\" :title=\"obj.subject\" @click=\"handleTaskByUrl(insColumnDef,obj)\">{{obj.subject}}</span>\n                        </div>                      \n                        <div class=\"listColumn column-user\">\n                            {{obj.name}}\n                        </div>\n                        <div class=\"listColumn time\">\n                          {{obj.createTime}}\n                        </div>\n                    </li>\n                </ul>\n            </div>\n		</div>\n	</div>\n</div>\n', '{\"dataUrl\":\"/bpmInst/detail\",\"function\":\"portalScript.getMyApprovedInsts()\",\"newType\":\"wordsList\",\"tabgroups\":\"\",\"listCount\":6,\"newDIc\":\"\",\"funcType\":\"\",\"sqlName\":\"\",\"service\":\"\",\"calendarMode\":\"\"}', '0', '1230771994887495681', NULL, '0', '1', '1', '1', '2021-8-13 15:56:15', '1', '2021-8-13 16:13:20', NULL);

INSERT INTO ins_column_def(COL_ID_, NAME_, KEY_, IS_DEFAULT_, TEMPLET_, SET_TING_, IS_PUBLIC_, TYPE_, ICON_, IS_MOBILE_, TENANT_ID_, CREATE_DEP_ID_, CREATE_BY_, CREATE_TIME_, UPDATE_BY_, UPDATE_TIME_, APP_ID_)
       VALUES ('1438703971263635457', '消息盒子(应用)', 'MessageBox_app', '0', '<div class=\"msgBoxs\">\n    <ul class=\"msgUl\">\n        <li class=\"msgItme\"\n            :style=\"{width:listWidthFn}\"\n            v-for=\"(obj,index) of data\"\n          :key=\"index\">\n        <div @click=\"moreUrl(obj.url,true)\" class=\"contentBox\" :style=\"{\'background\': obj.color != \'\'?obj.color :\'red\'}\">\n            <div class=\"msgContent\">\n            <b>{{obj.count}}</b>\n            <p>{{obj.content}}</p >\n          </div>\n          <div class=\"header_icon\">\n                    <a-icon v-if=\"!obj.icon.includes(\'type\')\" :type=\"obj.icon\" />\n                    <my-icon v-else-if=\"[\'customIcon\',\'userCustomIcon\'].includes(JSON.parse(obj.icon).type)\" :type=\"JSON.parse(obj.icon).icon\"></my-icon>\n                    <a-icon v-else=\"JSON.parse(obj.icon).type\" :type=\"JSON.parse(obj.icon).icon\"></a-icon>\n          </div>\n        </div>\n    </li>\n    </ul>\n</div>', '{\"dataUrl\":\"\",\"function\":\"1235758510261506049\",\"newType\":\"\",\"tabgroups\":\"\",\"listCount\":4,\"newDIc\":\"\",\"funcType\":\"\",\"sqlName\":\"\",\"service\":\"\",\"calendarMode\":\"\"}', '0', '1230774411821621249', NULL, '0', '1', '1', '1', '2021-09-17 11:18:51', '1', '2021-09-17 11:21:58', NULL);


INSERT INTO ins_column_temp (ID_, NAME_, KEY_, TEMPLET_, IS_SYS_, STATUS_, TEMP_TYPE_, TENANT_ID_, CREATE_DEP_ID_, CREATE_BY_, CREATE_TIME_, UPDATE_BY_, UPDATE_TIME_)
       VALUES ('1230771994887495674', 'VUE组件', 'vue', '', '1', '1', 'VueBel', '0', '2', '1', '2020-2-21 08:31:25', '1', '2021-5-11 12:41:38');

INSERT INTO ins_column_temp (ID_, NAME_, KEY_, TEMPLET_, IS_SYS_, STATUS_, TEMP_TYPE_, TENANT_ID_, CREATE_DEP_ID_, CREATE_BY_, CREATE_TIME_, UPDATE_BY_, UPDATE_TIME_)
        VALUES ('1230771994887495681', '列表', 'list', '<div class=\"gridLayoutClass\">\n    <div class=\"headPClass\">\n        <div style=\"display:inline-block;\" >{{insColumnDef.name}}</div>\n        <div style=\"float: right\">\n          <div style=\"float: right\">\n            <div class=\"journalism_span\"> <span @click=\"moreUrl()\">更多</span> <span @click=\"refresh\">刷新</span> </div>\n        </div>\n        </div>\n    </div>\n    <div class=\"bodyDivClass\">\n        <ul>\n        	<li class=\"itmelist\" v-for=\"(item,index) of data\" :key=\"item.pkId\" >\n          	 <p @click=\"handleBpmInst(item)\">{{item.SUBJECT_}</p>\n                <span>{{getDate(item.CREATE_TIME_)}}</span>\n            </li>\n        </ul>\n    </div>\n</div>', '1', '1', 'List', '0', '2', '1', '2020-02-21 08:31:25', '1', '2021-10-26 17:43:58');

INSERT INTO ins_column_temp (ID_, NAME_, KEY_, TEMPLET_, IS_SYS_, STATUS_, TEMP_TYPE_, TENANT_ID_, CREATE_DEP_ID_, CREATE_BY_, CREATE_TIME_, UPDATE_BY_, UPDATE_TIME_)
       VALUES ('1230774411821621249', '消息盒子', 'msgbox', '<div class=\"msgBoxs\">\n    <ul class=\"msgUl\">\n        <li class=\"msgItme\"\n            :style=\"{width:listWidthFn}\"\n            v-for=\"(obj,index) of data\"\n          :key=\"index\">\n        <div @click=\"moreUrl(obj.url)\" class=\"contentBox\" >\n            <div class=\"msgContent\">\n            <b>{{obj.count}}</b>\n            <p>{{obj.content}}</p >\n          </div>\n          <div class=\"header_icon\" :style=\"{\'color\'\': obj.color != \'\'?obj.color :\'red\'}\">\n                    <a-icon v-if=\"!obj.icon.includes(\'type\')\" :type=\"obj.icon\" />\n                    <my-icon v-else-if=\"[\'customIcon\',\'userCustomIcon\'].includes(JSON.parse(obj.icon).type)\" :type=\"JSON.parse(obj.icon).icon\"></my-icon>\n                    <a-icon v-else=\"JSON.parse(obj.icon).type\" :type=\"JSON.parse(obj.icon).icon\"></a-icon>\n          </div>\n        </div>\n    </li>\n    </ul>\n</div>', '1', '1', 'MessageBel', '0', '2', '1', '2020-2-21 08:41:01', '1', '2021-9-12 19:52:06');

INSERT INTO ins_column_temp (ID_, NAME_, KEY_, TEMPLET_, IS_SYS_, STATUS_, TEMP_TYPE_, TENANT_ID_, CREATE_DEP_ID_, CREATE_BY_, CREATE_TIME_, UPDATE_BY_, UPDATE_TIME_) 
       VALUES ('1230774801220804610', 'tab标签页', 'tabcolumn', '<div class=\"page-header-index-wide\">\n   \n      <div class=\"salesCard\" headPClass>\n        <a-tabs default-active-key=0 size=\"large\"  @change=\"changeKey\" :tab-bar-style=\"{marginBottom: \'24px\', paddingLeft: \'16px\'}\">\n          <div class=\"extra-wrapper\" slot=\"tabBarExtraContent\">\n            <div class=\"extra-item\">\n              <span class=\"btnSpan\" @click=\"moreUrl()\">\n                <a-icon type=\"dash\"></a-icon>\n              </span>\n              <span class=\"btnSpan\" @click=\"refresh\">\n                <a-icon type=\"redo\"></a-icon>\n              </span>\n            </div>\n          </div>\n          <a-tab-pane class=\"hetlist\" v-for=\"(obj,index) of data\"  :tab=\"obj.name\" :key=\"index\">\n            <portal-layoutview ref=\"innerLayout\"  :insColumnDef=\"obj.insColumnDef\"></portal-layoutview>\n          </a-tab-pane>\n        </a-tabs>\n      </div>\n   \n  </div>', '1', '1', 'TabBel', '0', '2', '1', '2020-2-21 08:42:34', '1', '2021-7-28 18:05:05');

INSERT INTO ins_column_temp (ID_, NAME_, KEY_, TEMPLET_, IS_SYS_, STATUS_, TEMP_TYPE_, TENANT_ID_, CREATE_DEP_ID_, CREATE_BY_, CREATE_TIME_, UPDATE_BY_, UPDATE_TIME_)
       VALUES ('1230775094247464962', '新闻公告', 'newsNotice', '<div class=\"gridLayoutClass\">\n    <div class=\"headPClass\">\n        <div style=\"display:inline-block;\" >{{insColumnDef.name}}</div>\n        <div style=\"float: right\">\n            <div class=\"journalism_span\"> <span @click=\"moreUrl()\">更多</span> <span @click=\"refresh\">刷新</span> </div>\n        </div>\n    </div>\n    <div class=\"bodyDivClass\">\n        <div class=\"aclsty\" v-if=\"newType ==\'img\' || newType ==\'imgAndFont\'\">\n            <a-carousel arrows autoplay>\n                <div slot=\"prevArrow\" slot-scope=\"props\" class=\"custom-slick-arrow\" style=\"left: 10px;zIndex: 1\">\n                    <a-icon type=\"left-circle\" />\n                </div>\n                <div slot=\"nextArrow\" slot-scope=\"props\" class=\"custom-slick-arrow\" style=\"right: 10px\">\n                    <a-icon type=\"right-circle\" />\n                </div>\n                <div v-for=\"lising of data\" class=\"inglist\"><img :src=\"getImgPath(lising.imgFileId)\"></img></div>\n            </a-carousel>\n        </div>\n        <div v-if=\"newType !=\'img\'\" :class=\"[newType !=\'wordsList\'? \'listing\':\'\' ]\">\n            <ul>\n                <li class=\"itmelist\" v-for=\"(obj,index) of data\" :key=\"obj.pkId\" v-if=\"index <=5\">\n                    <p @click=\"getInsNews(obj.pkId)\">{{obj.subject}}</p> <span>{{obj.createTime}}</span>\n                </li>\n            </ul>\n        </div>\n    </div>\n</div>', '1', '1', 'NewsBel', '0', '2', '1', '2020-2-21 08:43:44', '1', '2021-7-28 16:34:33');

INSERT INTO ins_column_temp (ID_, NAME_, KEY_, TEMPLET_, IS_SYS_, STATUS_, TEMP_TYPE_, TENANT_ID_, CREATE_DEP_ID_, CREATE_BY_, CREATE_TIME_, UPDATE_BY_, UPDATE_TIME_)
       VALUES ('1262328598619750402', '日程', 'calendar', '<div class=\"gridLayoutClass\">\n    <div class=\"headPClass\">\n            <span style=\"display: inline-block;font-size: 16px;\">我的日程</span>\n    </div>\n    <div class=\"bodyDivClass schstyle\" style=\"overflow-y: auto;overflow-x: hidden;\">\n       <div :style=\"{ width: \'100%\', borderRadius: \'4px\' }\">\n            <a-calendar :fullscreen=\"false\" :mode=\"calendarMode\" @select=\"onCalendarSelect\" @panelChange=\"onPanelChange\" >\n                <ul slot=\"dateCellRender\" slot-scope=\"value\" class=\"events\">\n                    <li class=\"relisdian\" v-if=\"isxunran\" v-for=\"item in getCalendarDayListData(value)\" :key=\"item.content\">\n                        <a-badge :status=\"item.type\" :text=\"item.content\" />\n                    </li>\n                </ul>\n            </a-calendar>\n    </div>\n    <div class=\"relist\">{{calendarValue}}日程</div>\n    <a-steps  progress-dot :current=\"1\" direction=\"vertical\" :class=\"[ calendarMode ==\'year\'? \'calenlist\':\'\']\">\n        <a-step v-for=\"item in data\" :key=\"item.index\" :title=\"item.title\">\n            <span v-if=\"calendarMode ===\'year\'\" class=\"shijian_year\" slot=\"description\">{{item.day}} {{item.startTime}}</span>\n            <span v-if=\"calendarMode ===\'month\'\" class=\"shijian\" slot=\"description\">{{item.startTime}}</span>\n            <template slot=\"title\">{{item.title}} </template>\n            <span slot=\"description\">{{item.describe}}</span>\n        </a-step>\n    </a-steps>\n    <a-empty v-if=\"data.length ==0\" />\n    </div>\n</div>', '1', '1', 'Calendar', '0', '1', '1', '2020-5-18 10:26:06', '1', '2021-5-11 11:54:44');

INSERT INTO ins_column_temp (ID_, NAME_, KEY_, TEMPLET_, IS_SYS_, STATUS_, TEMP_TYPE_, TENANT_ID_, CREATE_DEP_ID_, CREATE_BY_, CREATE_TIME_, UPDATE_BY_, UPDATE_TIME_)
       VALUES ('1393012721066573826', '提醒模板', 'remind', '<div class=\"gridLayoutClass\">\r\n    <div class=\"headPClass\">\r\n        <span style=\"display: inline-block;font-size: 16px;\">我的提醒</span>\r\n    </div>\r\n    <div class=\"bodyDivClass\">\r\n        <ul class=\"remind_ul\">\r\n			<li v-for=\"obj in data\">\r\n			    <span><a-icon :type=\"obj.icon\" /></span>\r\n                <div class=\"remind_a\" @click=\"moreUrl(obj.url)\" v-html=\"obj.description\"></div>\r\n			 </li>\r\n        </ul>\r\n    </div>\r\n</div>', '1', '1', 'List', '1', '1', '1', '2021-5-14 09:18:08', '1', '2021-5-14 11:02:25');

INSERT INTO ins_msg_def (MSG_ID_, COLOR_, URL_, ICON_, CONTENT_, DS_NAME_, DS_ALIAS_, SQL_FUNC_, TYPE_, COUNT_TYPE_, TENANT_ID_, CREATE_DEP_ID_, CREATE_BY_, CREATE_TIME_, UPDATE_BY_, UPDATE_TIME_, APP_ID_)
       VALUES ('1259773507849256961', '#ff5757', '/webApp/home/MyBpmInstList', '{\"type\":\"brand_logo\",\"icon\":\"inbox\"}', '我的流程草稿', '', 'jpaas_bpm', 'portalScript.getMyAllDraftBpmInst()', 'function', '', '0', '1', '1', '2020-5-11 09:13:04', '1', '2021-5-13 17:11:29', NULL);

INSERT INTO ins_msg_def (MSG_ID_, COLOR_, URL_, ICON_, CONTENT_, DS_NAME_, DS_ALIAS_, SQL_FUNC_, TYPE_, COUNT_TYPE_, TENANT_ID_, CREATE_DEP_ID_, CREATE_BY_, CREATE_TIME_, UPDATE_BY_, UPDATE_TIME_, APP_ID_)
       VALUES ('1260089706780913666', '#2ba0fc', '/webApp/home/MyApprovedTasks', '{\"type\":\"brand_logo\",\"icon\":\"file-done\"}', '我的已办', '', 'jpaas_bpm', 'portalScript.getMyApprovedTaskCount()', 'function', '', '0', '1', '1', '2020-5-12 06:09:32', '1', '2021-5-13 17:11:31', NULL);

INSERT INTO ins_msg_def (MSG_ID_, COLOR_, URL_, ICON_, CONTENT_, DS_NAME_, DS_ALIAS_, SQL_FUNC_, TYPE_, COUNT_TYPE_, TENANT_ID_, CREATE_DEP_ID_, CREATE_BY_, CREATE_TIME_, UPDATE_BY_, UPDATE_TIME_, APP_ID_)
       VALUES ('1260090213217955841', '#feaf00', '/webApp/home/MyBpmTaskList', '{\"type\":\"brand_logo\",\"icon\":\"audit\"}', '我的待办', '', '', 'portalScript.getMyTaskCount()', 'function', '', '0', '1', '1', '2020-5-12 06:11:33', '1', '2021-5-13 17:11:34', NULL);

INSERT INTO ins_msg_def (MSG_ID_, COLOR_, URL_, ICON_, CONTENT_, DS_NAME_, DS_ALIAS_, SQL_FUNC_, TYPE_, COUNT_TYPE_, TENANT_ID_, CREATE_DEP_ID_, CREATE_BY_, CREATE_TIME_, UPDATE_BY_, UPDATE_TIME_, APP_ID_)
       VALUES ('1260090447218176002', '#1bd895', '/webApp/home/innerMsgs/InfInnerMsgList', '{\"type\":\"brand_logo\",\"icon\":\"message\"}', '我的消息', '', '', 'portalScript.getMyInnerMsgCount()    ', 'function', '', '0', '1', '1', '2020-5-12 06:12:29', '1', '2021-5-13 17:11:41', NULL);

INSERT INTO ins_msgbox_box_def (ID_, BOX_ID_, MSG_ID_, SN_, TENANT_ID_, CREATE_DEP_ID_, CREATE_BY_, CREATE_TIME_, UPDATE_BY_, UPDATE_TIME_, APP_ID_)
       VALUES ('1409778506415890434', '1235758510261506049', '1260089706780913666', 0, '1', NULL, '1', '2021-6-29 15:39:23', NULL, '2021-6-29 15:39:23', NULL);

INSERT INTO ins_msgbox_box_def (ID_, BOX_ID_, MSG_ID_, SN_, TENANT_ID_, CREATE_DEP_ID_, CREATE_BY_, CREATE_TIME_, UPDATE_BY_, UPDATE_TIME_, APP_ID_)
       VALUES ('1409778506696908801', '1235758510261506049', '1260090447218176002', 1, '1', NULL, '1', '2021-6-29 15:39:23', NULL, '2021-6-29 15:39:23', NULL);

INSERT INTO ins_msgbox_box_def (ID_, BOX_ID_, MSG_ID_, SN_, TENANT_ID_, CREATE_DEP_ID_, CREATE_BY_, CREATE_TIME_, UPDATE_BY_, UPDATE_TIME_, APP_ID_)
       VALUES ('1409778506709491713', '1235758510261506049', '1260090213217955841', 2, '1', NULL, '1', '2021-6-29 15:39:23', NULL, '2021-6-29 15:39:23', NULL);

INSERT INTO ins_msgbox_box_def (ID_, BOX_ID_, MSG_ID_, SN_, TENANT_ID_, CREATE_DEP_ID_, CREATE_BY_, CREATE_TIME_, UPDATE_BY_, UPDATE_TIME_, APP_ID_)
       VALUES ('1409778506722074625', '1235758510261506049', '1259773507849256961', 3, '1', NULL, '1', '2021-6-29 15:39:23', NULL, '2021-6-29 15:39:23', NULL);

INSERT INTO ins_msgbox_def (BOX_ID_, KEY_, NAME_, TENANT_ID_, CREATE_DEP_ID_, CREATE_BY_, CREATE_TIME_, UPDATE_BY_, UPDATE_TIME_, APP_ID_)
       VALUES ('1235758510261506049', 'msgbox', '消息盒', '0', '2', '1', '2020-3-6 02:46:03', '1', '2021-6-29 15:39:23', NULL);

INSERT INTO ins_portal_def (PORT_ID_, NAME_, KEY_, IS_DEFAULT_, LAYOUT_HTML_, PRIORITY_, IS_MOBILE_, LAYOUT_JSON_, TENANT_ID_, CREATE_DEP_ID_, CREATE_BY_, CREATE_TIME_, UPDATE_BY_, UPDATE_TIME_, APP_ID_)
       VALUES ('1232486079769382914', '全局门户', 'GLOBAL-PERSONAL', '1', '', 2, 'NO', '[{\"x\":0,\"y\":0,\"w\":24,\"h\":12,\"i\":1621236255245,\"colId\":\"1239838889297702914\",\"layoutName\":\"消息盒子\",\"moved\":false},{\"x\":19,\"y\":12,\"w\":5,\"h\":72,\"i\":1621237747167,\"colId\":\"1262555793443348482\",\"layoutName\":\"我的日程\",\"moved\":false},{\"x\":8,\"y\":12,\"w\":6,\"h\":35,\"i\":1622021399023,\"colId\":\"1239839763151581185\",\"layoutName\":\"待办已办\",\"moved\":false},{\"x\":0,\"y\":47,\"w\":10,\"h\":37,\"i\":1623894607397,\"colId\":\"1392739711713796097\",\"layoutName\":\"漏斗图\",\"moved\":false},{\"x\":10,\"y\":47,\"w\":9,\"h\":37,\"i\":1623894607398,\"colId\":\"1392741135541592065\",\"layoutName\":\"仪表盘\",\"moved\":false},{\"x\":0,\"y\":84,\"w\":24,\"h\":15,\"i\":1624247108516,\"colId\":\"1259742027670732801\",\"layoutName\":\"常用应用\",\"moved\":false},{\"x\":14,\"y\":12,\"w\":5,\"h\":35,\"i\":1624596484088,\"colId\":\"1239834260509945858\",\"layoutName\":\"待办事项\",\"moved\":false},{\"x\":0,\"y\":12,\"w\":8,\"h\":35,\"i\":1625017634304,\"colId\":\"1363419382463524865\",\"layoutName\":\"新闻公告Tab\",\"moved\":false}]', '0', '2', '1', '2020-2-26 02:02:35', '1', '2021-6-30 09:47:23', NULL);

INSERT INTO ins_portal_def (PORT_ID_, NAME_, KEY_, IS_DEFAULT_, LAYOUT_HTML_, PRIORITY_, IS_MOBILE_, LAYOUT_JSON_, TENANT_ID_, CREATE_DEP_ID_, CREATE_BY_, CREATE_TIME_, UPDATE_BY_, UPDATE_TIME_, APP_ID_)
       VALUES ('1232552596452241409', '个人门户', 'PERSONAL', '0', '', 0, 'NO', '[{\"x\":3,\"y\":0,\"w\":13,\"h\":23,\"i\":1591062260072,\"colId\":\"1239838889297702914\",\"layoutName\":\"消息盒子\",\"moved\":false},{\"x\":0,\"y\":0,\"w\":3,\"h\":17,\"i\":1591170952239,\"colId\":\"1262555793443348482\",\"layoutName\":\"我的日程\",\"moved\":false},{\"x\":16,\"y\":0,\"w\":4,\"h\":16,\"i\":1591170952248,\"colId\":\"1260384379431047169\",\"layoutName\":\"新闻栏目\",\"moved\":false},{\"x\":20,\"y\":0,\"w\":4,\"h\":16,\"i\":1591170952254,\"colId\":\"1260154293419307009\",\"layoutName\":\"饼状图\",\"moved\":false},{\"x\":20,\"y\":16,\"w\":4,\"h\":16,\"i\":1621583260913,\"colId\":\"1394584155565989889\",\"layoutName\":\"待办已办事项tab\",\"moved\":false},{\"x\":20,\"y\":32,\"w\":4,\"h\":16,\"i\":1621583260914,\"colId\":\"1394578718980448258\",\"layoutName\":\"线索消息\",\"moved\":false},{\"x\":20,\"y\":48,\"w\":4,\"h\":16,\"i\":1622533798019,\"colId\":\"1394584155565989889\",\"layoutName\":\"待办已办事项tab\",\"moved\":false},{\"x\":20,\"y\":64,\"w\":4,\"h\":16,\"i\":1622533798021,\"colId\":\"1394578718980448258\",\"layoutName\":\"线索消息\",\"moved\":false},{\"x\":16,\"y\":16,\"w\":4,\"h\":16,\"i\":1623896556304,\"colId\":\"1392746879276015617\",\"layoutName\":\"混合图形\",\"moved\":false},{\"x\":16,\"y\":32,\"w\":4,\"h\":16,\"i\":1623896567681,\"colId\":\"1392727548903243778\",\"layoutName\":\"饼图\",\"moved\":false},{\"x\":20,\"y\":80,\"w\":4,\"h\":16,\"i\":1623896801613,\"colId\":\"1259762922225254402\",\"layoutName\":\"提醒\",\"moved\":false},{\"x\":8,\"y\":39,\"w\":4,\"h\":16,\"i\":1623896801614,\"colId\":\"1392739711713796097\",\"layoutName\":\"漏斗图\",\"moved\":false},{\"x\":10,\"y\":55,\"w\":4,\"h\":16,\"i\":1623896801615,\"colId\":\"1392741135541592065\",\"layoutName\":\"仪表盘\",\"moved\":false},{\"x\":6,\"y\":23,\"w\":4,\"h\":16,\"i\":1623896801616,\"colId\":\"1392742738608775169\",\"layoutName\":\"曲线图\",\"moved\":false}]', '0', '2', '1', '2020-2-26 06:26:53', '1', '2021-6-17 10:26:48', NULL);

INSERT INTO ins_portal_def(PORT_ID_, NAME_, KEY_, IS_DEFAULT_, LAYOUT_HTML_, PRIORITY_, IS_MOBILE_, LAYOUT_JSON_, TENANT_ID_, CREATE_DEP_ID_, CREATE_BY_, CREATE_TIME_, UPDATE_BY_, UPDATE_TIME_, APP_ID_)
       VALUES ('1265199891743682562', '移动端门户', 'mobile', '1', '[{\"type\":\"process\",\"title\":\"流程管理\",\"titleflg\":true,\"items\":[{\"title\":\"我的待办\",\"routeName\":\"myTasks\",\"icon\":\"icon-clock\",\"bgColor\":\"#FFB400\",\"iconfontcolor\":\"#fafafa\",\"module\":\"bpm\"},{\"title\":\"新建流程\",\"routeName\":\"mySolutions\",\"icon\":\"icon-addsupply\",\"bgColor\":\"#ea5570\",\"iconfontcolor\":\"#fafafa\",\"module\":\"bpm\"},{\"title\":\"我的消息\",\"routeName\":\"news\",\"icon\":\"icon-addsupply\",\"bgColor\":\"#ea5570\",\"iconfontcolor\":\"#fafafa\",\"module\":\"bpm\"},{\"title\":\"我的流程\",\"routeName\":\"myInst\",\"icon\":\"icon-order\",\"bgColor\":\"#7e7cf9\",\"iconfontcolor\":\"#fafafa\",\"module\":\"bpm\"},{\"title\":\"我的已办\",\"routeName\":\"HasHandle\",\"icon\":\"icon-caogao\",\"bgColor\":\"#05c392\",\"iconfontcolor\":\"#fafafa\",\"module\":\"bpm\"},{\"title\":\"我的转办\",\"routeName\":\"ReceiveTask\",\"icon\":\"icon-order\",\"bgColor\":\"#7e7cf9\",\"iconfontcolor\":\"#fafafa\",\"module\":\"bpm\"},{\"title\":\"转出代办\",\"routeName\":\"TransOutTask\",\"icon\":\"icon-addsupply\",\"iconfontcolor\":\"#fafafa\",\"bgColor\":\"#ea5570\",\"module\":\"bpm\"}]}]', 1, 'YES', '', '0', '1', '1', '2020-05-26 08:35:35', '1', '2021-09-26 17:11:33', NULL);

INSERT INTO ins_remind_def (ID_, SUBJECT_, URL_, TYPE_, SETTING_, DESCRIPTION_, SN_, ENABLED_, ICON_, DS_NAME_, DS_ALIAS_, TENANT_ID_, CREATE_BY_, CREATE_TIME_, UPDATE_BY_, UPDATE_TIME_, CREATE_DEP_ID_)
       VALUES ('1394232369885880322', '待办通知', '/webApp/home/MyBpmTaskList', 'function', 'portalScript.getMyTaskCount()', '你有[count]待办', 1, 'YES', 'smile', NULL, NULL, '1', '1', '2021-5-17 18:04:35', '1', '2021-6-29 14:57:42', NULL);

INSERT INTO ins_remind_def (ID_, SUBJECT_, URL_, TYPE_, SETTING_, DESCRIPTION_, SN_, ENABLED_, ICON_, DS_NAME_, DS_ALIAS_, TENANT_ID_, CREATE_BY_, CREATE_TIME_, UPDATE_BY_, UPDATE_TIME_, CREATE_DEP_ID_)
       VALUES ('1399568779375443970', '表单设计统计', '/form/home/FormPcList', 'sql', 'String sql=\"select count(*) from form_pc where create_by_=\'[USERID]\'\";\r\nreturn sql;', '你的表单设计[count]条。', 1, 'YES', 'iconxinwen', NULL, 'paas_form', '1', '1', '2021-6-1 11:29:34', '1', '2021-7-22 17:42:39', '1385123428631506945');

INSERT INTO ins_portal_permission(ID_, LAYOUT_ID_, TYPE_, OWNER_ID_, OWNER_NAME_, MENU_TYPE_, TENANT_ID_, CREATE_DEP_ID_, CREATE_BY_, CREATE_TIME_, UPDATE_BY_, UPDATE_TIME_)
       VALUES ('1493825769258401794', '1394232369885880322', 'ALL', 'ALL', NULL, 'remind', '1', '1', '1', '2022-02-16 13:53:12', NULL, '2022-02-16 13:53:12');
commit;