{"jpaas-form2":{"appName":"jpaas-system","enable":"true","setting":"[{\"name\":\"url\",\"comment\":\"连接字符串\",\"type\":\"String\",\"val\":\"jdbc:mysql://192.168.2.39:3306/jpaas_form?useUnicode=true&characterEncoding=UTF-8&autoReconnect=true&useSSL=false&zeroDateTimeBehavior=convertToNull&serverTimezone=GMT%2B8\",\"idx_\":\"zoebisc317572\",\"serial\":1},{\"name\":\"username\",\"comment\":\"用户名\",\"type\":\"String\",\"val\":\"root\",\"idx_\":\"asmrnxb317572\",\"serial\":2},{\"name\":\"password\",\"comment\":\"密码\",\"type\":\"String\",\"val\":\"root\",\"idx_\":\"eeotnsj317572\",\"serial\":3},{\"name\":\"driver-class-name\",\"comment\":\"驱动类\",\"type\":\"String\",\"val\":\"com.mysql.cj.jdbc.Driver\",\"idx_\":\"fxsjujb317572\",\"serial\":4},{\"name\":\"connection-init-sqls\",\"comment\":\"初始执行sql\",\"type\":\"String\",\"val\":\"\",\"idx_\":\"vmjdigd317572\",\"serial\":5},{\"name\":\"initialSize\",\"comment\":\"初始大小\",\"type\":\"int\",\"val\":\"5\",\"idx_\":\"ypuktkv317572\",\"serial\":6},{\"name\":\"minIdle\",\"comment\":\"最小空闲连接数\",\"type\":\"int\",\"val\":\"5\",\"idx_\":\"kdpziyj317572\",\"serial\":7},{\"name\":\"maxActive\",\"comment\":\"连接池最大数\",\"type\":\"int\",\"val\":\"10\",\"idx_\":\"nxuvatd317572\",\"serial\":8},{\"name\":\"maxWait\",\"comment\":\"获取连接超时的时间(毫秒)\",\"type\":\"long\",\"val\":\"60000\",\"idx_\":\"zpdgept317572\",\"serial\":9},{\"name\":\"timeBetweenEvictionRunsMillis\",\"comment\":\"检测间隔时间(毫秒)\",\"type\":\"long\",\"val\":\"60000\",\"idx_\":\"khoniee317572\",\"serial\":10},{\"name\":\"minEvictableIdleTimeMillis\",\"comment\":\"连接最小生存时间(毫秒)\",\"type\":\"long\",\"val\":\"300000\",\"idx_\":\"ymsfoiv317572\",\"serial\":11},{\"name\":\"validationQuery\",\"comment\":\"连接校验语句\",\"type\":\"String\",\"val\":\"SELECT 1 \",\"idx_\":\"arkyzrf317572\",\"serial\":12},{\"name\":\"testWhileIdle\",\"comment\":\"空闲时检测连接\",\"type\":\"boolean\",\"val\":\"true\",\"idx_\":\"ibqjlcx317572\",\"serial\":13},{\"name\":\"testOnBorrow\",\"comment\":\"获取连接时检测连接\",\"type\":\"boolean\",\"val\":\"false\",\"idx_\":\"ktuyxwe317572\",\"serial\":14},{\"name\":\"testOnReturn\",\"comment\":\"连接返回连接池时检测连接\",\"type\":\"boolean\",\"val\":\"false\",\"idx_\":\"vrqkrsm317572\",\"serial\":15},{\"name\":\"poolPreparedStatements\",\"comment\":\"打开PSCACHE\",\"type\":\"boolean\",\"val\":\"true\",\"idx_\":\"dclmgqf317572\",\"serial\":16},{\"name\":\"maxPoolPreparedStatementPerConnectionSize\",\"comment\":\"PSCACHE大小\",\"type\":\"int\",\"val\":\"20\",\"idx_\":\"kpzaurt317572\",\"serial\":17},{\"name\":\"filters\",\"comment\":\"插件\",\"type\":\"String\",\"val\":\"stat\",\"idx_\":\"ovrismh317572\",\"serial\":18}]"},"jpaas":{"appName":"jpaas-system","enable":"true","setting":"[{\"name\":\"url\",\"comment\":\"连接字符串\",\"type\":\"String\",\"val\":\"jdbc:mysql://192.168.2.39:3306/jpaas_form?useUnicode=true&characterEncoding=UTF-8&autoReconnect=true&useSSL=false&zeroDateTimeBehavior=convertToNull&serverTimezone=GMT%2B8\",\"idx_\":\"prsfedk399905\",\"serial\":1},{\"name\":\"username\",\"comment\":\"用户名\",\"type\":\"String\",\"val\":\"root\",\"idx_\":\"moqiirz399905\",\"serial\":2},{\"name\":\"password\",\"comment\":\"密码\",\"type\":\"String\",\"val\":\"root\",\"idx_\":\"pqanvqj399905\",\"serial\":3},{\"name\":\"driver-class-name\",\"comment\":\"驱动类\",\"type\":\"String\",\"val\":\"com.mysql.cj.jdbc.Driver\",\"idx_\":\"vlavcfa399905\",\"serial\":4},{\"name\":\"connection-init-sqls\",\"comment\":\"初始执行sql\",\"type\":\"String\",\"val\":\"\",\"idx_\":\"vjbsets399905\",\"serial\":5},{\"name\":\"initialSize\",\"comment\":\"初始大小\",\"type\":\"int\",\"val\":\"5\",\"idx_\":\"bewqczd399905\",\"serial\":6},{\"name\":\"minIdle\",\"comment\":\"最小空闲连接数\",\"type\":\"int\",\"val\":\"5\",\"idx_\":\"jytlctt399905\",\"serial\":7},{\"name\":\"maxActive\",\"comment\":\"连接池最大数\",\"type\":\"int\",\"val\":\"10\",\"idx_\":\"aufcpdy399905\",\"serial\":8},{\"name\":\"maxWait\",\"comment\":\"获取连接超时的时间(毫秒)\",\"type\":\"long\",\"val\":\"60000\",\"idx_\":\"ebmwrob399905\",\"serial\":9},{\"name\":\"timeBetweenEvictionRunsMillis\",\"comment\":\"检测间隔时间(毫秒)\",\"type\":\"long\",\"val\":\"60000\",\"idx_\":\"cbknroe399905\",\"serial\":10},{\"name\":\"minEvictableIdleTimeMillis\",\"comment\":\"连接最小生存时间(毫秒)\",\"type\":\"long\",\"val\":\"300000\",\"idx_\":\"jsvhdsn399905\",\"serial\":11},{\"name\":\"validationQuery\",\"comment\":\"连接校验语句\",\"type\":\"String\",\"val\":\"SELECT 1 \",\"idx_\":\"ewmzspn399905\",\"serial\":12},{\"name\":\"testWhileIdle\",\"comment\":\"空闲时检测连接\",\"type\":\"boolean\",\"val\":\"true\",\"idx_\":\"vuptguu399905\",\"serial\":13},{\"name\":\"testOnBorrow\",\"comment\":\"获取连接时检测连接\",\"type\":\"boolean\",\"val\":\"false\",\"idx_\":\"zrmszbw399905\",\"serial\":14},{\"name\":\"testOnReturn\",\"comment\":\"连接返回连接池时检测连接\",\"type\":\"boolean\",\"val\":\"false\",\"idx_\":\"sqewnam399905\",\"serial\":15},{\"name\":\"poolPreparedStatements\",\"comment\":\"打开PSCACHE\",\"type\":\"boolean\",\"val\":\"true\",\"idx_\":\"scacnrc399905\",\"serial\":16},{\"name\":\"maxPoolPreparedStatementPerConnectionSize\",\"comment\":\"PSCACHE大小\",\"type\":\"int\",\"val\":\"20\",\"idx_\":\"xjocbem399905\",\"serial\":17},{\"name\":\"filters\",\"comment\":\"插件\",\"type\":\"String\",\"val\":\"stat\",\"idx_\":\"nlflmwj399905\",\"serial\":18}]"},"jpaas-form":{"appName":"jpaas-system","enable":"true","setting":"[{\"name\":\"url\",\"comment\":\"连接字符串\",\"type\":\"String\",\"val\":\"jdbc:mysql://192.168.2.39:3306/jpaas_form?useUnicode=true&characterEncoding=UTF-8&autoReconnect=true&useSSL=false&zeroDateTimeBehavior=convertToNull&serverTimezone=GMT%2B8\",\"idx_\":\"jvxaofh597058\",\"serial\":1},{\"name\":\"username\",\"comment\":\"用户名\",\"type\":\"String\",\"val\":\"root\",\"idx_\":\"dtmimxs597058\",\"serial\":2},{\"name\":\"password\",\"comment\":\"密码\",\"type\":\"String\",\"val\":\"root\",\"idx_\":\"pfqfsas597058\",\"serial\":3},{\"name\":\"driver-class-name\",\"comment\":\"驱动类\",\"type\":\"String\",\"val\":\"com.mysql.cj.jdbc.Driver\",\"idx_\":\"rtrgovl597058\",\"serial\":4},{\"name\":\"connection-init-sqls\",\"comment\":\"初始执行sql\",\"type\":\"String\",\"val\":\"\",\"idx_\":\"imusjrf597058\",\"serial\":5},{\"name\":\"initialSize\",\"comment\":\"初始大小\",\"type\":\"int\",\"val\":\"5\",\"idx_\":\"neoqvde597058\",\"serial\":6},{\"name\":\"minIdle\",\"comment\":\"最小空闲连接数\",\"type\":\"int\",\"val\":\"5\",\"idx_\":\"kkdvdjc597058\",\"serial\":7},{\"name\":\"maxActive\",\"comment\":\"连接池最大数\",\"type\":\"int\",\"val\":\"10\",\"idx_\":\"jcccryo597058\",\"serial\":8},{\"name\":\"maxWait\",\"comment\":\"获取连接超时的时间(毫秒)\",\"type\":\"long\",\"val\":\"60000\",\"idx_\":\"oxmefzk597058\",\"serial\":9},{\"name\":\"timeBetweenEvictionRunsMillis\",\"comment\":\"检测间隔时间(毫秒)\",\"type\":\"long\",\"val\":\"60000\",\"idx_\":\"qtxcbum597058\",\"serial\":10},{\"name\":\"minEvictableIdleTimeMillis\",\"comment\":\"连接最小生存时间(毫秒)\",\"type\":\"long\",\"val\":\"300000\",\"idx_\":\"camtsfk597058\",\"serial\":11},{\"name\":\"validationQuery\",\"comment\":\"连接校验语句\",\"type\":\"String\",\"val\":\"SELECT 1 \",\"idx_\":\"gobukuo597058\",\"serial\":12},{\"name\":\"testWhileIdle\",\"comment\":\"空闲时检测连接\",\"type\":\"boolean\",\"val\":\"true\",\"idx_\":\"toirypc597058\",\"serial\":13},{\"name\":\"testOnBorrow\",\"comment\":\"获取连接时检测连接\",\"type\":\"boolean\",\"val\":\"false\",\"idx_\":\"dsylant597058\",\"serial\":14},{\"name\":\"testOnReturn\",\"comment\":\"连接返回连接池时检测连接\",\"type\":\"boolean\",\"val\":\"false\",\"idx_\":\"jjpvjcl597058\",\"serial\":15},{\"name\":\"poolPreparedStatements\",\"comment\":\"打开PSCACHE\",\"type\":\"boolean\",\"val\":\"true\",\"idx_\":\"oxxdojg597058\",\"serial\":16},{\"name\":\"maxPoolPreparedStatementPerConnectionSize\",\"comment\":\"PSCACHE大小\",\"type\":\"int\",\"val\":\"20\",\"idx_\":\"mymesmn597058\",\"serial\":17},{\"name\":\"filters\",\"comment\":\"插件\",\"type\":\"String\",\"val\":\"stat\",\"idx_\":\"jfktvyh597058\",\"serial\":18}]"},"jpaasuser":{"appName":"jpaas-form","enable":"true","setting":"[{\"name\":\"url\",\"comment\":\"连接字符串\",\"type\":\"String\",\"val\":\"jdbc:mysql://localhost:3306/jpaas_user?useUnicode=true&characterEncoding=UTF-8&autoReconnect=true&useSSL=false&zeroDateTimeBehavior=convertToNull&serverTimezone=GMT%2B8\",\"idx_\":\"kybhcph063855\",\"serial\":1},{\"name\":\"username\",\"comment\":\"用户名\",\"type\":\"String\",\"val\":\"root\",\"idx_\":\"skalbiu063855\",\"serial\":2},{\"name\":\"password\",\"comment\":\"密码\",\"type\":\"String\",\"val\":\"root\",\"idx_\":\"yaqwowd063855\",\"serial\":3},{\"name\":\"driver-class-name\",\"comment\":\"驱动类\",\"type\":\"String\",\"val\":\"com.mysql.cj.jdbc.Driver\",\"idx_\":\"eyehqdg063855\",\"serial\":4},{\"name\":\"connection-init-sqls\",\"comment\":\"初始执行sql\",\"type\":\"String\",\"val\":\"\",\"idx_\":\"nknntty063855\",\"serial\":5},{\"name\":\"initialSize\",\"comment\":\"初始大小\",\"type\":\"int\",\"val\":\"5\",\"idx_\":\"huigzwh063855\",\"serial\":6},{\"name\":\"minIdle\",\"comment\":\"最小空闲连接数\",\"type\":\"int\",\"val\":\"5\",\"idx_\":\"jvfsbwd063855\",\"serial\":7},{\"name\":\"maxActive\",\"comment\":\"连接池最大数\",\"type\":\"int\",\"val\":\"10\",\"idx_\":\"eowqtbf063855\",\"serial\":8},{\"name\":\"maxWait\",\"comment\":\"获取连接超时的时间(毫秒)\",\"type\":\"long\",\"val\":\"60000\",\"idx_\":\"ljhehjo063855\",\"serial\":9},{\"name\":\"timeBetweenEvictionRunsMillis\",\"comment\":\"检测间隔时间(毫秒)\",\"type\":\"long\",\"val\":\"60000\",\"idx_\":\"rdfreja063856\",\"serial\":10},{\"name\":\"minEvictableIdleTimeMillis\",\"comment\":\"连接最小生存时间(毫秒)\",\"type\":\"long\",\"val\":\"300000\",\"idx_\":\"akswvgk063856\",\"serial\":11},{\"name\":\"validationQuery\",\"comment\":\"连接校验语句\",\"type\":\"String\",\"val\":\"SELECT 1 \",\"idx_\":\"exfkvkc063856\",\"serial\":12},{\"name\":\"testWhileIdle\",\"comment\":\"空闲时检测连接\",\"type\":\"boolean\",\"val\":\"true\",\"idx_\":\"qwdbqra063856\",\"serial\":13},{\"name\":\"testOnBorrow\",\"comment\":\"获取连接时检测连接\",\"type\":\"boolean\",\"val\":\"false\",\"idx_\":\"qvjhyyn063856\",\"serial\":14},{\"name\":\"testOnReturn\",\"comment\":\"连接返回连接池时检测连接\",\"type\":\"boolean\",\"val\":\"false\",\"idx_\":\"qovajtz063856\",\"serial\":15},{\"name\":\"poolPreparedStatements\",\"comment\":\"打开PSCACHE\",\"type\":\"boolean\",\"val\":\"true\",\"idx_\":\"olkmahv063856\",\"serial\":16},{\"name\":\"maxPoolPreparedStatementPerConnectionSize\",\"comment\":\"PSCACHE大小\",\"type\":\"int\",\"val\":\"20\",\"idx_\":\"fjzjmpw063856\",\"serial\":17},{\"name\":\"filters\",\"comment\":\"插件\",\"type\":\"String\",\"val\":\"stat\",\"idx_\":\"xbiccta063856\",\"serial\":18}]"}}