{
  "id": "1561082",
  "name": "jpass",
  "font_family": "iconfont",
  "css_prefix_text": "icon",
  "description": "jpass样式图标",
  "glyphs": [
    {
      "icon_id": "18368042",
      "name": "钉钉01",
      "font_class": "dingding01",
      "unicode": "e6db",
      "unicode_decimal": 59099
    },
    {
      "icon_id": "18368062",
      "name": "企业微信01",
      "font_class": "qiyeweixin01",
      "unicode": "e6dc",
      "unicode_decimal": 59100
    },
    {
      "icon_id": "698898",
      "name": "数字",
      "font_class": "shuzi",
      "unicode": "e6d9",
      "unicode_decimal": 59097
    },
    {
      "icon_id": "5387571",
      "name": "箭头_列表向右",
      "font_class": "jiantou_liebiaoxiangyou",
      "unicode": "eb03",
      "unicode_decimal": 60163
    },
    {
      "icon_id": "5387573",
      "name": "箭头_列表收起",
      "font_class": "jiantou_liebiaoshouqi",
      "unicode": "eb04",
      "unicode_decimal": 60164
    },
    {
      "icon_id": "5387574",
      "name": "箭头_列表向左",
      "font_class": "jiantou_liebiaoxiangzuo",
      "unicode": "eb05",
      "unicode_decimal": 60165
    },
    {
      "icon_id": "5387576",
      "name": "箭头_列表展开",
      "font_class": "jiantou_liebiaozhankai",
      "unicode": "eb08",
      "unicode_decimal": 60168
    },
    {
      "icon_id": "19449536",
      "name": "日期",
      "font_class": "riqi",
      "unicode": "e6da",
      "unicode_decimal": 59098
    },
    {
      "icon_id": "19664964",
      "name": "字段字符串",
      "font_class": "Field-String",
      "unicode": "eaed",
      "unicode_decimal": 60141
    },
    {
      "icon_id": "6400872",
      "name": "飞机",
      "font_class": "ico",
      "unicode": "e6d8",
      "unicode_decimal": 59096
    },
    {
      "icon_id": "386475",
      "name": "微信",
      "font_class": "weixin",
      "unicode": "e632",
      "unicode_decimal": 58930
    },
    {
      "icon_id": "936716",
      "name": "报表",
      "font_class": "baobiao",
      "unicode": "e619",
      "unicode_decimal": 58905
    },
    {
      "icon_id": "1330918",
      "name": "菜单",
      "font_class": "caidan",
      "unicode": "e61e",
      "unicode_decimal": 58910
    },
    {
      "icon_id": "1495473",
      "name": "菜单-实",
      "font_class": "caidan-shi",
      "unicode": "e6d3",
      "unicode_decimal": 59091
    },
    {
      "icon_id": "1509744",
      "name": "任务",
      "font_class": "task1",
      "unicode": "e6d4",
      "unicode_decimal": 59092
    },
    {
      "icon_id": "3264161",
      "name": "班次管理",
      "font_class": "banciguanli",
      "unicode": "e611",
      "unicode_decimal": 58897
    },
    {
      "icon_id": "3640169",
      "name": "查看大屏",
      "font_class": "chakandaping",
      "unicode": "e605",
      "unicode_decimal": 58885
    },
    {
      "icon_id": "4784105",
      "name": "任务",
      "font_class": "renwu",
      "unicode": "e6d5",
      "unicode_decimal": 59093
    },
    {
      "icon_id": "5323791",
      "name": "系统管理_参数设置",
      "font_class": "xitongguanli_canshushezhi",
      "unicode": "e628",
      "unicode_decimal": 58920
    },
    {
      "icon_id": "6176592",
      "name": "应用",
      "font_class": "yingyong",
      "unicode": "e630",
      "unicode_decimal": 58928
    },
    {
      "icon_id": "7239390",
      "name": "api",
      "font_class": "api",
      "unicode": "e709",
      "unicode_decimal": 59145
    },
    {
      "icon_id": "8631656",
      "name": "0_参数_修改参数定义",
      "font_class": "_canshu_xiugaicanshudingyi",
      "unicode": "e606",
      "unicode_decimal": 58886
    },
    {
      "icon_id": "8765212",
      "name": "菜单-3",
      "font_class": "caidan-",
      "unicode": "e635",
      "unicode_decimal": 58933
    },
    {
      "icon_id": "9962789",
      "name": "基础参数",
      "font_class": "jichucanshu",
      "unicode": "e62d",
      "unicode_decimal": 58925
    },
    {
      "icon_id": "13961299",
      "name": "任务",
      "font_class": "renwu1",
      "unicode": "e6d6",
      "unicode_decimal": 59094
    },
    {
      "icon_id": "15392667",
      "name": "数据",
      "font_class": "shuju",
      "unicode": "e61a",
      "unicode_decimal": 58906
    },
    {
      "icon_id": "15686553",
      "name": "交接班管理",
      "font_class": "jiaojiebanguanli",
      "unicode": "e6d7",
      "unicode_decimal": 59095
    },
    {
      "icon_id": "16158864",
      "name": "报表",
      "font_class": "baobiao1",
      "unicode": "e7f6",
      "unicode_decimal": 59382
    },
    {
      "icon_id": "16942382",
      "name": "直播",
      "font_class": "zhibo",
      "unicode": "e616",
      "unicode_decimal": 58902
    },
    {
      "icon_id": "7225770",
      "name": "新建",
      "font_class": "xinjian",
      "unicode": "e705",
      "unicode_decimal": 59141
    },
    {
      "icon_id": "7227913",
      "name": "导入",
      "font_class": "daoru1",
      "unicode": "e708",
      "unicode_decimal": 59144
    },
    {
      "icon_id": "8923928",
      "name": "工具",
      "font_class": "-",
      "unicode": "e623",
      "unicode_decimal": 58915
    },
    {
      "icon_id": "10995776",
      "name": "验证码",
      "font_class": "yanzhengma1",
      "unicode": "e60d",
      "unicode_decimal": 58893
    },
    {
      "icon_id": "1392270",
      "name": "收件",
      "font_class": "74",
      "unicode": "e6bb",
      "unicode_decimal": 59067
    },
    {
      "icon_id": "5302982",
      "name": "发送",
      "font_class": "zhifeiji",
      "unicode": "e6bc",
      "unicode_decimal": 59068
    },
    {
      "icon_id": "17186416",
      "name": "转账收款",
      "font_class": "zhuanzhangshoukuan",
      "unicode": "e6bd",
      "unicode_decimal": 59069
    },
    {
      "icon_id": "17186526",
      "name": "发票报销",
      "font_class": "fapiaobaoxiao",
      "unicode": "e6be",
      "unicode_decimal": 59070
    },
    {
      "icon_id": "17187050",
      "name": "资产财产",
      "font_class": "zichancaichan",
      "unicode": "e6bf",
      "unicode_decimal": 59071
    },
    {
      "icon_id": "17187054",
      "name": "投标公证",
      "font_class": "toubiaogongzheng",
      "unicode": "e6c0",
      "unicode_decimal": 59072
    },
    {
      "icon_id": "17187055",
      "name": "公章盖章",
      "font_class": "gongzhanggaizhang",
      "unicode": "e6c1",
      "unicode_decimal": 59073
    },
    {
      "icon_id": "17187057",
      "name": "收入收款",
      "font_class": "shourushoukuan",
      "unicode": "e6c2",
      "unicode_decimal": 59074
    },
    {
      "icon_id": "17187316",
      "name": "核销",
      "font_class": "hexiao",
      "unicode": "e6c3",
      "unicode_decimal": 59075
    },
    {
      "icon_id": "17187318",
      "name": "新闻",
      "font_class": "xinwen",
      "unicode": "e6c4",
      "unicode_decimal": 59076
    },
    {
      "icon_id": "17187322",
      "name": "飞机出差",
      "font_class": "feijichucha",
      "unicode": "e6c5",
      "unicode_decimal": 59077
    },
    {
      "icon_id": "17188848",
      "name": "架构流程",
      "font_class": "jiagouliucheng",
      "unicode": "e6c6",
      "unicode_decimal": 59078
    },
    {
      "icon_id": "17188855",
      "name": "交付",
      "font_class": "jiaofu",
      "unicode": "e6c7",
      "unicode_decimal": 59079
    },
    {
      "icon_id": "17188856",
      "name": "企业公司",
      "font_class": "qiyegongsi",
      "unicode": "e6c8",
      "unicode_decimal": 59080
    },
    {
      "icon_id": "17188857",
      "name": "合同",
      "font_class": "hetong",
      "unicode": "e6c9",
      "unicode_decimal": 59081
    },
    {
      "icon_id": "17189326",
      "name": "文件资料",
      "font_class": "wenjianziliao",
      "unicode": "e6ca",
      "unicode_decimal": 59082
    },
    {
      "icon_id": "17189877",
      "name": "日报报告",
      "font_class": "ribaobaogao",
      "unicode": "e6cb",
      "unicode_decimal": 59083
    },
    {
      "icon_id": "17189881",
      "name": "评审确认",
      "font_class": "pingshenqueren",
      "unicode": "e6cc",
      "unicode_decimal": 59084
    },
    {
      "icon_id": "17189884",
      "name": "证书资质",
      "font_class": "zhengshuzizhi",
      "unicode": "e6cd",
      "unicode_decimal": 59085
    },
    {
      "icon_id": "17360347",
      "name": "待处理",
      "font_class": "daichuli",
      "unicode": "e6ce",
      "unicode_decimal": 59086
    },
    {
      "icon_id": "17360358",
      "name": "数据监控",
      "font_class": "shujujiankong",
      "unicode": "e6cf",
      "unicode_decimal": 59087
    },
    {
      "icon_id": "17360457",
      "name": "数据分配",
      "font_class": "shujufenpei",
      "unicode": "e6d0",
      "unicode_decimal": 59088
    },
    {
      "icon_id": "17360485",
      "name": "数据导出",
      "font_class": "shujudaochu",
      "unicode": "e6d1",
      "unicode_decimal": 59089
    },
    {
      "icon_id": "17360488",
      "name": "数据导入",
      "font_class": "shujudaoru",
      "unicode": "e6d2",
      "unicode_decimal": 59090
    },
    {
      "icon_id": "10129192",
      "name": "新闻动态选中",
      "font_class": "xinwendongtaixuanzhong",
      "unicode": "eb58",
      "unicode_decimal": 60248
    },
    {
      "icon_id": "5387732",
      "name": "登出",
      "font_class": "dengchu",
      "unicode": "eb46",
      "unicode_decimal": 60230
    },
    {
      "icon_id": "15625943",
      "name": "按钮_ 编辑_20px",
      "font_class": "anniu_bianji_20px",
      "unicode": "e96c",
      "unicode_decimal": 59756
    },
    {
      "icon_id": "1156504",
      "name": "保存",
      "font_class": "baocun7",
      "unicode": "e938",
      "unicode_decimal": 59704
    },
    {
      "icon_id": "4122081",
      "name": "转换",
      "font_class": "zhuanhuan",
      "unicode": "e93d",
      "unicode_decimal": 59709
    },
    {
      "icon_id": "1028972",
      "name": "sql",
      "font_class": "sql",
      "unicode": "e7f4",
      "unicode_decimal": 59380
    },
    {
      "icon_id": "1526391",
      "name": "发布1",
      "font_class": "fabu",
      "unicode": "e6ba",
      "unicode_decimal": 59066
    },
    {
      "icon_id": "7335498",
      "name": "导出",
      "font_class": "daochu",
      "unicode": "eb27",
      "unicode_decimal": 60199
    },
    {
      "icon_id": "7335500",
      "name": "导入",
      "font_class": "daoru",
      "unicode": "eb28",
      "unicode_decimal": 60200
    },
    {
      "icon_id": "16554113",
      "name": "file-html",
      "font_class": "file-html",
      "unicode": "e8d3",
      "unicode_decimal": 59603
    },
    {
      "icon_id": "16554122",
      "name": "file-java",
      "font_class": "file-java",
      "unicode": "e8d4",
      "unicode_decimal": 59604
    },
    {
      "icon_id": "16554169",
      "name": "file-css",
      "font_class": "file-css",
      "unicode": "e8de",
      "unicode_decimal": 59614
    },
    {
      "icon_id": "538489",
      "name": "加",
      "font_class": "jia",
      "unicode": "e6b9",
      "unicode_decimal": 59065
    },
    {
      "icon_id": "1115046",
      "name": "减",
      "font_class": "jian",
      "unicode": "e621",
      "unicode_decimal": 58913
    },
    {
      "icon_id": "1167197",
      "name": "向左",
      "font_class": "xiangzuo1",
      "unicode": "e6b8",
      "unicode_decimal": 59064
    },
    {
      "icon_id": "15625895",
      "name": "二级按钮_编辑_16px",
      "font_class": "erjianniu_bianji_16px",
      "unicode": "e952",
      "unicode_decimal": 59730
    },
    {
      "icon_id": "1191735",
      "name": "向右",
      "font_class": "xiangyou",
      "unicode": "e7f3",
      "unicode_decimal": 59379
    },
    {
      "icon_id": "7024432",
      "name": "点赞",
      "font_class": "fandui",
      "unicode": "e600",
      "unicode_decimal": 58880
    },
    {
      "icon_id": "8959242",
      "name": "赞",
      "font_class": "zan",
      "unicode": "e7f2",
      "unicode_decimal": 59378
    },
    {
      "icon_id": "7109520",
      "name": "评分",
      "font_class": "pingfen2",
      "unicode": "e6b7",
      "unicode_decimal": 59063
    },
    {
      "icon_id": "356524",
      "name": "爱心",
      "font_class": "aixin",
      "unicode": "e640",
      "unicode_decimal": 58944
    },
    {
      "icon_id": "8776879",
      "name": "play",
      "font_class": "icon-test11",
      "unicode": "e641",
      "unicode_decimal": 58945
    },
    {
      "icon_id": "648791",
      "name": "星_实",
      "font_class": "xingshi",
      "unicode": "e62f",
      "unicode_decimal": 58927
    },
    {
      "icon_id": "5308333",
      "name": "添加用户组",
      "font_class": "add-team",
      "unicode": "e627",
      "unicode_decimal": 58919
    },
    {
      "icon_id": "16417010",
      "name": "file-done",
      "font_class": "file-done",
      "unicode": "e682",
      "unicode_decimal": 59010
    },
    {
      "icon_id": "16417011",
      "name": "file-fill",
      "font_class": "file-fill",
      "unicode": "e683",
      "unicode_decimal": 59011
    },
    {
      "icon_id": "16417012",
      "name": "file-exclamation-fill",
      "font_class": "file-exclamation-fill",
      "unicode": "e684",
      "unicode_decimal": 59012
    },
    {
      "icon_id": "16417013",
      "name": "file-exception",
      "font_class": "file-exception",
      "unicode": "e685",
      "unicode_decimal": 59013
    },
    {
      "icon_id": "16417014",
      "name": "file-folder",
      "font_class": "file-folder",
      "unicode": "e686",
      "unicode_decimal": 59014
    },
    {
      "icon_id": "16417015",
      "name": "file-exclamation",
      "font_class": "file-exclamation",
      "unicode": "e687",
      "unicode_decimal": 59015
    },
    {
      "icon_id": "16417016",
      "name": "file-exl-fill",
      "font_class": "file-exl-fill",
      "unicode": "e688",
      "unicode_decimal": 59016
    },
    {
      "icon_id": "16417017",
      "name": "file-excel",
      "font_class": "file-excel",
      "unicode": "e689",
      "unicode_decimal": 59017
    },
    {
      "icon_id": "16417018",
      "name": "file-folder-open",
      "font_class": "file-folder-open",
      "unicode": "e68a",
      "unicode_decimal": 59018
    },
    {
      "icon_id": "16417019",
      "name": "file-folder-add",
      "font_class": "file-folder-add",
      "unicode": "e68b",
      "unicode_decimal": 59019
    },
    {
      "icon_id": "16417020",
      "name": "file-folder-open-fill",
      "font_class": "file-folder-open-fill",
      "unicode": "e68c",
      "unicode_decimal": 59020
    },
    {
      "icon_id": "16417021",
      "name": "file-image-fill",
      "font_class": "file-image-fill",
      "unicode": "e68e",
      "unicode_decimal": 59022
    },
    {
      "icon_id": "16417022",
      "name": "file-excel-fill",
      "font_class": "file-excel-fill",
      "unicode": "e68f",
      "unicode_decimal": 59023
    },
    {
      "icon_id": "16417023",
      "name": "file-folder-fill",
      "font_class": "file-folder-fill",
      "unicode": "e691",
      "unicode_decimal": 59025
    },
    {
      "icon_id": "16417024",
      "name": "file-folder-add-fill",
      "font_class": "file-folder-add-fill",
      "unicode": "e693",
      "unicode_decimal": 59027
    },
    {
      "icon_id": "16417025",
      "name": "file-image",
      "font_class": "file-image",
      "unicode": "e694",
      "unicode_decimal": 59028
    },
    {
      "icon_id": "16417026",
      "name": "file-markdown",
      "font_class": "file-markdown",
      "unicode": "e695",
      "unicode_decimal": 59029
    },
    {
      "icon_id": "16417027",
      "name": "file-pdf2",
      "font_class": "file-pdf2",
      "unicode": "e696",
      "unicode_decimal": 59030
    },
    {
      "icon_id": "16417028",
      "name": "file-markdown-fill",
      "font_class": "file-markdown-fill",
      "unicode": "e697",
      "unicode_decimal": 59031
    },
    {
      "icon_id": "16417029",
      "name": "file-gif-fill",
      "font_class": "file-gif-fill",
      "unicode": "e698",
      "unicode_decimal": 59032
    },
    {
      "icon_id": "16417030",
      "name": "file-jpge-fill",
      "font_class": "file-jpge-fill",
      "unicode": "e699",
      "unicode_decimal": 59033
    },
    {
      "icon_id": "16417031",
      "name": "file-pdf-fill",
      "font_class": "file-pdf-fill",
      "unicode": "e69b",
      "unicode_decimal": 59035
    },
    {
      "icon_id": "16417032",
      "name": "file-pdf2-fill",
      "font_class": "file-pdf2-fill",
      "unicode": "e69c",
      "unicode_decimal": 59036
    },
    {
      "icon_id": "16417033",
      "name": "file-png-fill",
      "font_class": "file-png-fill",
      "unicode": "e69d",
      "unicode_decimal": 59037
    },
    {
      "icon_id": "16417034",
      "name": "file-ppt",
      "font_class": "file-ppt",
      "unicode": "e69e",
      "unicode_decimal": 59038
    },
    {
      "icon_id": "16417035",
      "name": "file-ppt-fill",
      "font_class": "file-ppt-fill",
      "unicode": "e69f",
      "unicode_decimal": 59039
    },
    {
      "icon_id": "16417036",
      "name": "file-sync",
      "font_class": "file-sync",
      "unicode": "e6a0",
      "unicode_decimal": 59040
    },
    {
      "icon_id": "16417037",
      "name": "file-protect",
      "font_class": "file-protect",
      "unicode": "e6a1",
      "unicode_decimal": 59041
    },
    {
      "icon_id": "16417038",
      "name": "file-text",
      "font_class": "file-text",
      "unicode": "e6a2",
      "unicode_decimal": 59042
    },
    {
      "icon_id": "16417039",
      "name": "file-search",
      "font_class": "file-search",
      "unicode": "e6a3",
      "unicode_decimal": 59043
    },
    {
      "icon_id": "16417040",
      "name": "file-text-fill",
      "font_class": "file-text-fill",
      "unicode": "e6a4",
      "unicode_decimal": 59044
    },
    {
      "icon_id": "16417041",
      "name": "file-tif-fill",
      "font_class": "file-tif-fill",
      "unicode": "e6a5",
      "unicode_decimal": 59045
    },
    {
      "icon_id": "16417042",
      "name": "file-unknown-fill",
      "font_class": "file-unknown-fill",
      "unicode": "e6a6",
      "unicode_decimal": 59046
    },
    {
      "icon_id": "16417043",
      "name": "file-unknown",
      "font_class": "file-unknown",
      "unicode": "e6a7",
      "unicode_decimal": 59047
    },
    {
      "icon_id": "16417044",
      "name": "file-txt-fill",
      "font_class": "file-txt-fill",
      "unicode": "e6a8",
      "unicode_decimal": 59048
    },
    {
      "icon_id": "16417045",
      "name": "file-word-fill",
      "font_class": "file-word-fill",
      "unicode": "e6a9",
      "unicode_decimal": 59049
    },
    {
      "icon_id": "16417046",
      "name": "file-word",
      "font_class": "file-word",
      "unicode": "e6aa",
      "unicode_decimal": 59050
    },
    {
      "icon_id": "16417047",
      "name": "file-zip2",
      "font_class": "file-zip2",
      "unicode": "e6ab",
      "unicode_decimal": 59051
    },
    {
      "icon_id": "16417048",
      "name": "file-zip-fill",
      "font_class": "file-zip-fill",
      "unicode": "e6ac",
      "unicode_decimal": 59052
    },
    {
      "icon_id": "16417049",
      "name": "file-zip2-fill",
      "font_class": "file-zip2-fill",
      "unicode": "e6ad",
      "unicode_decimal": 59053
    },
    {
      "icon_id": "16417050",
      "name": "file-xlsx-fill",
      "font_class": "file-xlsx-fill",
      "unicode": "e6ae",
      "unicode_decimal": 59054
    },
    {
      "icon_id": "16417051",
      "name": "file-add",
      "font_class": "file-add",
      "unicode": "e6af",
      "unicode_decimal": 59055
    },
    {
      "icon_id": "16417052",
      "name": "file",
      "font_class": "file",
      "unicode": "e6b0",
      "unicode_decimal": 59056
    },
    {
      "icon_id": "16417053",
      "name": "file-add-fill",
      "font_class": "file-add-fill",
      "unicode": "e6b1",
      "unicode_decimal": 59057
    },
    {
      "icon_id": "16417054",
      "name": "file-bmp-fill",
      "font_class": "file-bmp-fill",
      "unicode": "e6b2",
      "unicode_decimal": 59058
    },
    {
      "icon_id": "16417055",
      "name": "file-copy",
      "font_class": "file-copy",
      "unicode": "e6b4",
      "unicode_decimal": 59060
    },
    {
      "icon_id": "16417056",
      "name": "file-copy-fill",
      "font_class": "file-copy-fill",
      "unicode": "e6b5",
      "unicode_decimal": 59061
    },
    {
      "icon_id": "16417057",
      "name": "file-doc-fill",
      "font_class": "file-doc-fill",
      "unicode": "e6b6",
      "unicode_decimal": 59062
    },
    {
      "icon_id": "16417060",
      "name": "modal-max",
      "font_class": "modal-max",
      "unicode": "e670",
      "unicode_decimal": 58992
    },
    {
      "icon_id": "16417063",
      "name": "modal-reduction",
      "font_class": "modal-reduction",
      "unicode": "e671",
      "unicode_decimal": 58993
    },
    {
      "icon_id": "16417089",
      "name": "modal-close",
      "font_class": "modal-close",
      "unicode": "e672",
      "unicode_decimal": 58994
    },
    {
      "icon_id": "16417094",
      "name": "modal-fullscreen",
      "font_class": "modal-fullscreen",
      "unicode": "e673",
      "unicode_decimal": 58995
    },
    {
      "icon_id": "16417095",
      "name": "modal-drag",
      "font_class": "modal-drag",
      "unicode": "e674",
      "unicode_decimal": 58996
    },
    {
      "icon_id": "16417096",
      "name": "modal-fullscreen-exit",
      "font_class": "modal-fullscreen-exit",
      "unicode": "e675",
      "unicode_decimal": 58997
    },
    {
      "icon_id": "16417098",
      "name": "player-pause-circle-fill",
      "font_class": "player-pause-circle-fill",
      "unicode": "e676",
      "unicode_decimal": 58998
    },
    {
      "icon_id": "16417100",
      "name": "player-backward",
      "font_class": "player-backward",
      "unicode": "e677",
      "unicode_decimal": 58999
    },
    {
      "icon_id": "16417101",
      "name": "player-backward-step",
      "font_class": "player-backward-step",
      "unicode": "e678",
      "unicode_decimal": 59000
    },
    {
      "icon_id": "16417102",
      "name": "player-play-circle-fill",
      "font_class": "player-play-circle-fill",
      "unicode": "e679",
      "unicode_decimal": 59001
    },
    {
      "icon_id": "16417104",
      "name": "player-play-circle",
      "font_class": "player-play-circle",
      "unicode": "e67a",
      "unicode_decimal": 59002
    },
    {
      "icon_id": "16417105",
      "name": "player-forward",
      "font_class": "player-forward",
      "unicode": "e67b",
      "unicode_decimal": 59003
    },
    {
      "icon_id": "16417106",
      "name": "player-backward-fast",
      "font_class": "player-backward-fast",
      "unicode": "e67c",
      "unicode_decimal": 59004
    },
    {
      "icon_id": "16417107",
      "name": "player-play",
      "font_class": "player-play",
      "unicode": "e67d",
      "unicode_decimal": 59005
    },
    {
      "icon_id": "16417108",
      "name": "player-pause",
      "font_class": "player-pause",
      "unicode": "e67e",
      "unicode_decimal": 59006
    },
    {
      "icon_id": "16417109",
      "name": "player-forward-step",
      "font_class": "player-forward-step",
      "unicode": "e67f",
      "unicode_decimal": 59007
    },
    {
      "icon_id": "16417110",
      "name": "player-forward-fast",
      "font_class": "player-forward-fast",
      "unicode": "e680",
      "unicode_decimal": 59008
    },
    {
      "icon_id": "16417111",
      "name": "player-pause-circle",
      "font_class": "player-pause-circle",
      "unicode": "e681",
      "unicode_decimal": 59009
    },
    {
      "icon_id": "16417641",
      "name": "more",
      "font_class": "more1",
      "unicode": "e6eb",
      "unicode_decimal": 59115
    },
    {
      "icon_id": "16417643",
      "name": "more-vertical",
      "font_class": "more-vertical",
      "unicode": "e6f3",
      "unicode_decimal": 59123
    },
    {
      "icon_id": "16417811",
      "name": "bulb-fill",
      "font_class": "bulb-fill",
      "unicode": "e724",
      "unicode_decimal": 59172
    },
    {
      "icon_id": "16417812",
      "name": "bulb",
      "font_class": "bulb",
      "unicode": "e751",
      "unicode_decimal": 59217
    },
    {
      "icon_id": "16417813",
      "name": "calendar-fill",
      "font_class": "calendar-fill",
      "unicode": "e765",
      "unicode_decimal": 59237
    },
    {
      "icon_id": "16417815",
      "name": "calendar",
      "font_class": "calendar",
      "unicode": "e76a",
      "unicode_decimal": 59242
    },
    {
      "icon_id": "16417823",
      "name": "chart-area",
      "font_class": "chart-area",
      "unicode": "e76f",
      "unicode_decimal": 59247
    },
    {
      "icon_id": "16417825",
      "name": "chart-line",
      "font_class": "chart-line",
      "unicode": "e780",
      "unicode_decimal": 59264
    },
    {
      "icon_id": "16417826",
      "name": "chart-pie-fill",
      "font_class": "chart-pie-fill",
      "unicode": "e781",
      "unicode_decimal": 59265
    },
    {
      "icon_id": "16417829",
      "name": "chart-pie",
      "font_class": "chart-pie",
      "unicode": "e782",
      "unicode_decimal": 59266
    },
    {
      "icon_id": "16417830",
      "name": "chart-bar",
      "font_class": "chart-bar",
      "unicode": "e783",
      "unicode_decimal": 59267
    },
    {
      "icon_id": "16417831",
      "name": "chat",
      "font_class": "chat",
      "unicode": "e784",
      "unicode_decimal": 59268
    },
    {
      "icon_id": "16417832",
      "name": "chat-fill",
      "font_class": "chat-fill",
      "unicode": "e785",
      "unicode_decimal": 59269
    },
    {
      "icon_id": "16417833",
      "name": "chart-pointmap",
      "font_class": "chart-pointmap",
      "unicode": "e786",
      "unicode_decimal": 59270
    },
    {
      "icon_id": "16417839",
      "name": "cloud-download",
      "font_class": "cloud-download",
      "unicode": "e787",
      "unicode_decimal": 59271
    },
    {
      "icon_id": "16417847",
      "name": "container",
      "font_class": "container",
      "unicode": "e788",
      "unicode_decimal": 59272
    },
    {
      "icon_id": "16417848",
      "name": "contacts",
      "font_class": "contacts",
      "unicode": "e789",
      "unicode_decimal": 59273
    },
    {
      "icon_id": "16417850",
      "name": "contacts-fill",
      "font_class": "contacts-fill",
      "unicode": "e78a",
      "unicode_decimal": 59274
    },
    {
      "icon_id": "16417851",
      "name": "copyright-circle",
      "font_class": "copyright-circle",
      "unicode": "e78b",
      "unicode_decimal": 59275
    },
    {
      "icon_id": "16417852",
      "name": "container-fill",
      "font_class": "container-fill",
      "unicode": "e78c",
      "unicode_decimal": 59276
    },
    {
      "icon_id": "16417853",
      "name": "copyright-circle-fil",
      "font_class": "copyright-circle-fil",
      "unicode": "e78d",
      "unicode_decimal": 59277
    },
    {
      "icon_id": "16417854",
      "name": "dashboard",
      "font_class": "dashboard",
      "unicode": "e78e",
      "unicode_decimal": 59278
    },
    {
      "icon_id": "16417855",
      "name": "dashboard-fill",
      "font_class": "dashboard-fill",
      "unicode": "e78f",
      "unicode_decimal": 59279
    },
    {
      "icon_id": "16417856",
      "name": "database",
      "font_class": "database",
      "unicode": "e791",
      "unicode_decimal": 59281
    },
    {
      "icon_id": "16417857",
      "name": "database-fill",
      "font_class": "database-fill",
      "unicode": "e792",
      "unicode_decimal": 59282
    },
    {
      "icon_id": "16417858",
      "name": "discount",
      "font_class": "discount",
      "unicode": "e793",
      "unicode_decimal": 59283
    },
    {
      "icon_id": "16417860",
      "name": "discount-fill",
      "font_class": "discount-fill",
      "unicode": "e794",
      "unicode_decimal": 59284
    },
    {
      "icon_id": "16417862",
      "name": "email",
      "font_class": "email",
      "unicode": "e795",
      "unicode_decimal": 59285
    },
    {
      "icon_id": "16417863",
      "name": "email-fill",
      "font_class": "email-fill",
      "unicode": "e796",
      "unicode_decimal": 59286
    },
    {
      "icon_id": "16417866",
      "name": "explore",
      "font_class": "explore",
      "unicode": "e797",
      "unicode_decimal": 59287
    },
    {
      "icon_id": "16417867",
      "name": "explore-fill",
      "font_class": "explore-fill",
      "unicode": "e798",
      "unicode_decimal": 59288
    },
    {
      "icon_id": "16417868",
      "name": "filter",
      "font_class": "filter",
      "unicode": "e799",
      "unicode_decimal": 59289
    },
    {
      "icon_id": "16417870",
      "name": "feedback",
      "font_class": "feedback1",
      "unicode": "e79a",
      "unicode_decimal": 59290
    },
    {
      "icon_id": "16417871",
      "name": "feedback-fill",
      "font_class": "feedback-fill",
      "unicode": "e79b",
      "unicode_decimal": 59291
    },
    {
      "icon_id": "16417872",
      "name": "filter-fill",
      "font_class": "filter-fill",
      "unicode": "e79c",
      "unicode_decimal": 59292
    },
    {
      "icon_id": "16417873",
      "name": "find-fill",
      "font_class": "find-fill",
      "unicode": "e79d",
      "unicode_decimal": 59293
    },
    {
      "icon_id": "16417878",
      "name": "find",
      "font_class": "find",
      "unicode": "e79e",
      "unicode_decimal": 59294
    },
    {
      "icon_id": "16417879",
      "name": "gift",
      "font_class": "gift",
      "unicode": "e79f",
      "unicode_decimal": 59295
    },
    {
      "icon_id": "16417881",
      "name": "gift-fill",
      "font_class": "gift-fill",
      "unicode": "e7a0",
      "unicode_decimal": 59296
    },
    {
      "icon_id": "16417890",
      "name": "hot",
      "font_class": "hot",
      "unicode": "e7a1",
      "unicode_decimal": 59297
    },
    {
      "icon_id": "16417892",
      "name": "hot-fill",
      "font_class": "hot-fill",
      "unicode": "e7a2",
      "unicode_decimal": 59298
    },
    {
      "icon_id": "16417893",
      "name": "hourglass-fill",
      "font_class": "hourglass-fill",
      "unicode": "e7a3",
      "unicode_decimal": 59299
    },
    {
      "icon_id": "16417894",
      "name": "idcard-fill",
      "font_class": "idcard-fill",
      "unicode": "e7a4",
      "unicode_decimal": 59300
    },
    {
      "icon_id": "16417895",
      "name": "hourglass",
      "font_class": "hourglass",
      "unicode": "e7a5",
      "unicode_decimal": 59301
    },
    {
      "icon_id": "16417896",
      "name": "image",
      "font_class": "image",
      "unicode": "e7a6",
      "unicode_decimal": 59302
    },
    {
      "icon_id": "16417897",
      "name": "image-fill",
      "font_class": "image-fill",
      "unicode": "e7a7",
      "unicode_decimal": 59303
    },
    {
      "icon_id": "16417898",
      "name": "idcard",
      "font_class": "idcard",
      "unicode": "e7a8",
      "unicode_decimal": 59304
    },
    {
      "icon_id": "16417899",
      "name": "integral-fill",
      "font_class": "integral-fill",
      "unicode": "e7a9",
      "unicode_decimal": 59305
    },
    {
      "icon_id": "16417900",
      "name": "integral",
      "font_class": "integral1",
      "unicode": "e7aa",
      "unicode_decimal": 59306
    },
    {
      "icon_id": "16417904",
      "name": "map-location-fill",
      "font_class": "map-location-fill",
      "unicode": "e7ab",
      "unicode_decimal": 59307
    },
    {
      "icon_id": "16417906",
      "name": "map-location",
      "font_class": "map-location",
      "unicode": "e7ac",
      "unicode_decimal": 59308
    },
    {
      "icon_id": "16417911",
      "name": "message",
      "font_class": "message1",
      "unicode": "e7ad",
      "unicode_decimal": 59309
    },
    {
      "icon_id": "16417912",
      "name": "message-fill",
      "font_class": "message-fill",
      "unicode": "e7ae",
      "unicode_decimal": 59310
    },
    {
      "icon_id": "16417915",
      "name": "movie",
      "font_class": "movie",
      "unicode": "e7af",
      "unicode_decimal": 59311
    },
    {
      "icon_id": "16417916",
      "name": "microphone-mute",
      "font_class": "microphone-mute",
      "unicode": "e7b0",
      "unicode_decimal": 59312
    },
    {
      "icon_id": "16417917",
      "name": "microphone-mute-fill",
      "font_class": "microphone-mute-fill",
      "unicode": "e7b1",
      "unicode_decimal": 59313
    },
    {
      "icon_id": "16417918",
      "name": "movie-fill",
      "font_class": "movie-fill",
      "unicode": "e7b2",
      "unicode_decimal": 59314
    },
    {
      "icon_id": "16417921",
      "name": "notice",
      "font_class": "notice",
      "unicode": "e7b3",
      "unicode_decimal": 59315
    },
    {
      "icon_id": "16417922",
      "name": "notice-bell",
      "font_class": "notice-bell",
      "unicode": "e7b4",
      "unicode_decimal": 59316
    },
    {
      "icon_id": "16417923",
      "name": "notice-bell-fill",
      "font_class": "notice-bell-fill",
      "unicode": "e7b5",
      "unicode_decimal": 59317
    },
    {
      "icon_id": "16417943",
      "name": "pin",
      "font_class": "pin",
      "unicode": "e7b6",
      "unicode_decimal": 59318
    },
    {
      "icon_id": "16417944",
      "name": "pin-fill",
      "font_class": "pin-fill",
      "unicode": "e7b7",
      "unicode_decimal": 59319
    },
    {
      "icon_id": "16417945",
      "name": "printer-fill",
      "font_class": "printer-fill",
      "unicode": "e7b8",
      "unicode_decimal": 59320
    },
    {
      "icon_id": "16417946",
      "name": "printer",
      "font_class": "printer",
      "unicode": "e7b9",
      "unicode_decimal": 59321
    },
    {
      "icon_id": "16417947",
      "name": "read",
      "font_class": "read",
      "unicode": "e7ba",
      "unicode_decimal": 59322
    },
    {
      "icon_id": "16417948",
      "name": "read-fill",
      "font_class": "read-fill",
      "unicode": "e7bb",
      "unicode_decimal": 59323
    },
    {
      "icon_id": "16417949",
      "name": "rest",
      "font_class": "rest",
      "unicode": "e7bc",
      "unicode_decimal": 59324
    },
    {
      "icon_id": "16417951",
      "name": "sale",
      "font_class": "sale",
      "unicode": "e7bd",
      "unicode_decimal": 59325
    },
    {
      "icon_id": "16417952",
      "name": "sale-fill",
      "font_class": "sale-fill",
      "unicode": "e7be",
      "unicode_decimal": 59326
    },
    {
      "icon_id": "16417953",
      "name": "rocket-fill",
      "font_class": "rocket-fill",
      "unicode": "e7bf",
      "unicode_decimal": 59327
    },
    {
      "icon_id": "16417954",
      "name": "rocket",
      "font_class": "rocket",
      "unicode": "e7c0",
      "unicode_decimal": 59328
    },
    {
      "icon_id": "16417955",
      "name": "rest-fill",
      "font_class": "rest-fill",
      "unicode": "e7c1",
      "unicode_decimal": 59329
    },
    {
      "icon_id": "16417960",
      "name": "sever",
      "font_class": "sever",
      "unicode": "e7c2",
      "unicode_decimal": 59330
    },
    {
      "icon_id": "16417962",
      "name": "sex-man",
      "font_class": "sex-man",
      "unicode": "e7c3",
      "unicode_decimal": 59331
    },
    {
      "icon_id": "16417964",
      "name": "sex-woman",
      "font_class": "sex-woman",
      "unicode": "e7c4",
      "unicode_decimal": 59332
    },
    {
      "icon_id": "16417965",
      "name": "sever-fill",
      "font_class": "sever-fill",
      "unicode": "e7c5",
      "unicode_decimal": 59333
    },
    {
      "icon_id": "16417966",
      "name": "snippets-fill",
      "font_class": "snippets-fill",
      "unicode": "e7c6",
      "unicode_decimal": 59334
    },
    {
      "icon_id": "16417967",
      "name": "snippets",
      "font_class": "snippets",
      "unicode": "e7c7",
      "unicode_decimal": 59335
    },
    {
      "icon_id": "16417968",
      "name": "sound",
      "font_class": "sound",
      "unicode": "e7c8",
      "unicode_decimal": 59336
    },
    {
      "icon_id": "16417969",
      "name": "sound-fill",
      "font_class": "sound-fill",
      "unicode": "e7c9",
      "unicode_decimal": 59337
    },
    {
      "icon_id": "16417970",
      "name": "sound-mute",
      "font_class": "sound-mute",
      "unicode": "e7ca",
      "unicode_decimal": 59338
    },
    {
      "icon_id": "16417971",
      "name": "sound-mute-fill",
      "font_class": "sound-mute-fill",
      "unicode": "e7cb",
      "unicode_decimal": 59339
    },
    {
      "icon_id": "16417976",
      "name": "star-biaoxing",
      "font_class": "star-biaoxing",
      "unicode": "e7cc",
      "unicode_decimal": 59340
    },
    {
      "icon_id": "16417977",
      "name": "star-collection-fill",
      "font_class": "star-collection-fill",
      "unicode": "e7cd",
      "unicode_decimal": 59341
    },
    {
      "icon_id": "16417978",
      "name": "star-biaoxing-fill",
      "font_class": "star-biaoxing-fill",
      "unicode": "e7ce",
      "unicode_decimal": 59342
    },
    {
      "icon_id": "16417980",
      "name": "star-collection",
      "font_class": "star-collection",
      "unicode": "e7cf",
      "unicode_decimal": 59343
    },
    {
      "icon_id": "16417981",
      "name": "star-collection-half",
      "font_class": "star-collection-half",
      "unicode": "e7d0",
      "unicode_decimal": 59344
    },
    {
      "icon_id": "16417983",
      "name": "tag",
      "font_class": "tag",
      "unicode": "e7d1",
      "unicode_decimal": 59345
    },
    {
      "icon_id": "16417985",
      "name": "tags",
      "font_class": "tags",
      "unicode": "e7d2",
      "unicode_decimal": 59346
    },
    {
      "icon_id": "16417986",
      "name": "tag-fill",
      "font_class": "tag-fill",
      "unicode": "e7d3",
      "unicode_decimal": 59347
    },
    {
      "icon_id": "16417987",
      "name": "tags-fill",
      "font_class": "tags-fill",
      "unicode": "e7d4",
      "unicode_decimal": 59348
    },
    {
      "icon_id": "16417988",
      "name": "thumb-bad",
      "font_class": "thumb-bad",
      "unicode": "e7d5",
      "unicode_decimal": 59349
    },
    {
      "icon_id": "16417990",
      "name": "thumb-bad-fill",
      "font_class": "thumb-bad-fill",
      "unicode": "e7d6",
      "unicode_decimal": 59350
    },
    {
      "icon_id": "16417991",
      "name": "thumb-good-fill",
      "font_class": "thumb-good-fill",
      "unicode": "e7d7",
      "unicode_decimal": 59351
    },
    {
      "icon_id": "16417992",
      "name": "thumb-good",
      "font_class": "thumb-good",
      "unicode": "e7d8",
      "unicode_decimal": 59352
    },
    {
      "icon_id": "16417994",
      "name": "thunderbolt-fill",
      "font_class": "thunderbolt-fill",
      "unicode": "e7d9",
      "unicode_decimal": 59353
    },
    {
      "icon_id": "16417996",
      "name": "thunderbolt",
      "font_class": "thunderbolt",
      "unicode": "e7da",
      "unicode_decimal": 59354
    },
    {
      "icon_id": "16417998",
      "name": "ticket",
      "font_class": "ticket",
      "unicode": "e7db",
      "unicode_decimal": 59355
    },
    {
      "icon_id": "16418000",
      "name": "ticket-fill",
      "font_class": "ticket-fill",
      "unicode": "e7dc",
      "unicode_decimal": 59356
    },
    {
      "icon_id": "16418002",
      "name": "trophy",
      "font_class": "trophy",
      "unicode": "e7dd",
      "unicode_decimal": 59357
    },
    {
      "icon_id": "16418005",
      "name": "trophy-fill",
      "font_class": "trophy-fill",
      "unicode": "e7de",
      "unicode_decimal": 59358
    },
    {
      "icon_id": "16418006",
      "name": "usb",
      "font_class": "usb",
      "unicode": "e7df",
      "unicode_decimal": 59359
    },
    {
      "icon_id": "16418007",
      "name": "user-account-add",
      "font_class": "user-account-add",
      "unicode": "e7e0",
      "unicode_decimal": 59360
    },
    {
      "icon_id": "16418009",
      "name": "user-account",
      "font_class": "user-account",
      "unicode": "e7e1",
      "unicode_decimal": 59361
    },
    {
      "icon_id": "16418010",
      "name": "user-account-bussiness",
      "font_class": "user-account-bussiness",
      "unicode": "e7e2",
      "unicode_decimal": 59362
    },
    {
      "icon_id": "16418011",
      "name": "user-account-add-fill",
      "font_class": "user-account-add-fill",
      "unicode": "e7e3",
      "unicode_decimal": 59363
    },
    {
      "icon_id": "16418012",
      "name": "usb-fill",
      "font_class": "usb-fill",
      "unicode": "e7e4",
      "unicode_decimal": 59364
    },
    {
      "icon_id": "16418013",
      "name": "user-account-bussiness-fill",
      "font_class": "user-account-bussiness-fill",
      "unicode": "e7e5",
      "unicode_decimal": 59365
    },
    {
      "icon_id": "16418014",
      "name": "user-account-fill",
      "font_class": "user-account-fill",
      "unicode": "e7e6",
      "unicode_decimal": 59366
    },
    {
      "icon_id": "16418015",
      "name": "user-account-management",
      "font_class": "user-account-management",
      "unicode": "e7e7",
      "unicode_decimal": 59367
    },
    {
      "icon_id": "16418016",
      "name": "user-account-center",
      "font_class": "user-account-center",
      "unicode": "e7e8",
      "unicode_decimal": 59368
    },
    {
      "icon_id": "16418024",
      "name": "user-account-management-fill",
      "font_class": "user-account-management-fill",
      "unicode": "e7e9",
      "unicode_decimal": 59369
    },
    {
      "icon_id": "16418026",
      "name": "user-member-fill",
      "font_class": "user-member-fill",
      "unicode": "e7ea",
      "unicode_decimal": 59370
    },
    {
      "icon_id": "16418028",
      "name": "user-member-group-fill",
      "font_class": "user-member-group-fill",
      "unicode": "e7eb",
      "unicode_decimal": 59371
    },
    {
      "icon_id": "16418030",
      "name": "user-member-group",
      "font_class": "user-member-group",
      "unicode": "e7ec",
      "unicode_decimal": 59372
    },
    {
      "icon_id": "16418032",
      "name": "user-member",
      "font_class": "user-member",
      "unicode": "e7ed",
      "unicode_decimal": 59373
    },
    {
      "icon_id": "16418039",
      "name": "vip-member",
      "font_class": "vip-member",
      "unicode": "e7ee",
      "unicode_decimal": 59374
    },
    {
      "icon_id": "16418040",
      "name": "vip-member-fill",
      "font_class": "vip-member-fill",
      "unicode": "e7ef",
      "unicode_decimal": 59375
    },
    {
      "icon_id": "16418043",
      "name": "wrench",
      "font_class": "wrench",
      "unicode": "e7f0",
      "unicode_decimal": 59376
    },
    {
      "icon_id": "16418044",
      "name": "wrench-fill",
      "font_class": "wrench-fill",
      "unicode": "e7f1",
      "unicode_decimal": 59377
    },
    {
      "icon_id": "7008994",
      "name": "refresh",
      "font_class": "refresh",
      "unicode": "e74e",
      "unicode_decimal": 59214
    },
    {
      "icon_id": "7008995",
      "name": "remind_fill",
      "font_class": "remind_fill",
      "unicode": "e74f",
      "unicode_decimal": 59215
    },
    {
      "icon_id": "7008996",
      "name": "remind",
      "font_class": "remind",
      "unicode": "e750",
      "unicode_decimal": 59216
    },
    {
      "icon_id": "7008998",
      "name": "right",
      "font_class": "right",
      "unicode": "e752",
      "unicode_decimal": 59218
    },
    {
      "icon_id": "7008999",
      "name": "scan",
      "font_class": "scan",
      "unicode": "e753",
      "unicode_decimal": 59219
    },
    {
      "icon_id": "7009000",
      "name": "select_fill",
      "font_class": "select_fill",
      "unicode": "e754",
      "unicode_decimal": 59220
    },
    {
      "icon_id": "7009001",
      "name": "select",
      "font_class": "select",
      "unicode": "e755",
      "unicode_decimal": 59221
    },
    {
      "icon_id": "7009002",
      "name": "send",
      "font_class": "send",
      "unicode": "e756",
      "unicode_decimal": 59222
    },
    {
      "icon_id": "7009003",
      "name": "service_fill",
      "font_class": "service_fill",
      "unicode": "e757",
      "unicode_decimal": 59223
    },
    {
      "icon_id": "7009004",
      "name": "service",
      "font_class": "service",
      "unicode": "e758",
      "unicode_decimal": 59224
    },
    {
      "icon_id": "7009005",
      "name": "setup_fill",
      "font_class": "setup_fill",
      "unicode": "e759",
      "unicode_decimal": 59225
    },
    {
      "icon_id": "7009006",
      "name": "setup",
      "font_class": "setup",
      "unicode": "e75a",
      "unicode_decimal": 59226
    },
    {
      "icon_id": "7009007",
      "name": "share_fill",
      "font_class": "share_fill",
      "unicode": "e75b",
      "unicode_decimal": 59227
    },
    {
      "icon_id": "7009008",
      "name": "share",
      "font_class": "share",
      "unicode": "e75c",
      "unicode_decimal": 59228
    },
    {
      "icon_id": "7009009",
      "name": "shielding_fill",
      "font_class": "shielding_fill",
      "unicode": "e75d",
      "unicode_decimal": 59229
    },
    {
      "icon_id": "7009010",
      "name": "shielding",
      "font_class": "shielding",
      "unicode": "e75e",
      "unicode_decimal": 59230
    },
    {
      "icon_id": "7009011",
      "name": "smallscreen_fill",
      "font_class": "smallscreen_fill",
      "unicode": "e75f",
      "unicode_decimal": 59231
    },
    {
      "icon_id": "7009012",
      "name": "smallscreen",
      "font_class": "smallscreen",
      "unicode": "e760",
      "unicode_decimal": 59232
    },
    {
      "icon_id": "7009013",
      "name": "stealth_fill",
      "font_class": "stealth_fill",
      "unicode": "e761",
      "unicode_decimal": 59233
    },
    {
      "icon_id": "7009014",
      "name": "stealth",
      "font_class": "stealth",
      "unicode": "e762",
      "unicode_decimal": 59234
    },
    {
      "icon_id": "7009015",
      "name": "success_fill",
      "font_class": "success_fill",
      "unicode": "e763",
      "unicode_decimal": 59235
    },
    {
      "icon_id": "7009016",
      "name": "success",
      "font_class": "success",
      "unicode": "e764",
      "unicode_decimal": 59236
    },
    {
      "icon_id": "7009018",
      "name": "switch",
      "font_class": "switch",
      "unicode": "e766",
      "unicode_decimal": 59238
    },
    {
      "icon_id": "7009019",
      "name": "systemprompt_fill",
      "font_class": "systemprompt_fill",
      "unicode": "e767",
      "unicode_decimal": 59239
    },
    {
      "icon_id": "7009020",
      "name": "systemprompt",
      "font_class": "systemprompt",
      "unicode": "e768",
      "unicode_decimal": 59240
    },
    {
      "icon_id": "7009021",
      "name": "tailor",
      "font_class": "tailor",
      "unicode": "e769",
      "unicode_decimal": 59241
    },
    {
      "icon_id": "7009022",
      "name": "task",
      "font_class": "task",
      "unicode": "e76b",
      "unicode_decimal": 59243
    },
    {
      "icon_id": "7009023",
      "name": "task_fill",
      "font_class": "task_fill",
      "unicode": "e76c",
      "unicode_decimal": 59244
    },
    {
      "icon_id": "7009024",
      "name": "tasklist_fill",
      "font_class": "tasklist_fill",
      "unicode": "e76d",
      "unicode_decimal": 59245
    },
    {
      "icon_id": "7009025",
      "name": "tasklist",
      "font_class": "tasklist",
      "unicode": "e76e",
      "unicode_decimal": 59246
    },
    {
      "icon_id": "7009027",
      "name": "time_fill",
      "font_class": "time_fill",
      "unicode": "e770",
      "unicode_decimal": 59248
    },
    {
      "icon_id": "7009028",
      "name": "time",
      "font_class": "time",
      "unicode": "e771",
      "unicode_decimal": 59249
    },
    {
      "icon_id": "7009029",
      "name": "translation_fill",
      "font_class": "translation_fill",
      "unicode": "e772",
      "unicode_decimal": 59250
    },
    {
      "icon_id": "7009030",
      "name": "translation",
      "font_class": "translation",
      "unicode": "e773",
      "unicode_decimal": 59251
    },
    {
      "icon_id": "7009031",
      "name": "trash",
      "font_class": "trash",
      "unicode": "e774",
      "unicode_decimal": 59252
    },
    {
      "icon_id": "7009032",
      "name": "trash_fill",
      "font_class": "trash_fill",
      "unicode": "e775",
      "unicode_decimal": 59253
    },
    {
      "icon_id": "7009033",
      "name": "undo",
      "font_class": "undo",
      "unicode": "e776",
      "unicode_decimal": 59254
    },
    {
      "icon_id": "7009034",
      "name": "unlock_fill",
      "font_class": "unlock_fill",
      "unicode": "e777",
      "unicode_decimal": 59255
    },
    {
      "icon_id": "7009035",
      "name": "unlock",
      "font_class": "unlock",
      "unicode": "e778",
      "unicode_decimal": 59256
    },
    {
      "icon_id": "7009036",
      "name": "video",
      "font_class": "video",
      "unicode": "e779",
      "unicode_decimal": 59257
    },
    {
      "icon_id": "7009037",
      "name": "video_fill",
      "font_class": "video_fill",
      "unicode": "e77a",
      "unicode_decimal": 59258
    },
    {
      "icon_id": "7009038",
      "name": "warning_fill",
      "font_class": "warning_fill",
      "unicode": "e77b",
      "unicode_decimal": 59259
    },
    {
      "icon_id": "7009039",
      "name": "warning",
      "font_class": "warning",
      "unicode": "e77c",
      "unicode_decimal": 59260
    },
    {
      "icon_id": "7009040",
      "name": "workbench_fill",
      "font_class": "workbench_fill",
      "unicode": "e77d",
      "unicode_decimal": 59261
    },
    {
      "icon_id": "7009041",
      "name": "workbench",
      "font_class": "workbench",
      "unicode": "e77e",
      "unicode_decimal": 59262
    },
    {
      "icon_id": "7009042",
      "name": "search",
      "font_class": "search",
      "unicode": "e77f",
      "unicode_decimal": 59263
    },
    {
      "icon_id": "8005461",
      "name": "shang",
      "font_class": "shang",
      "unicode": "e649",
      "unicode_decimal": 58953
    },
    {
      "icon_id": "8005463",
      "name": "xia",
      "font_class": "xia",
      "unicode": "e66c",
      "unicode_decimal": 58988
    },
    {
      "icon_id": "8005469",
      "name": "zhiding",
      "font_class": "zhiding",
      "unicode": "e66d",
      "unicode_decimal": 58989
    },
    {
      "icon_id": "8005471",
      "name": "zhidi",
      "font_class": "zhidi",
      "unicode": "e66e",
      "unicode_decimal": 58990
    },
    {
      "icon_id": "8095523",
      "name": "txt",
      "font_class": "txt",
      "unicode": "e790",
      "unicode_decimal": 59280
    },
    {
      "icon_id": "13569999",
      "name": "验证码",
      "font_class": "yanzhengma",
      "unicode": "e636",
      "unicode_decimal": 58934
    },
    {
      "icon_id": "1470887",
      "name": "代码",
      "font_class": "daima",
      "unicode": "e603",
      "unicode_decimal": 58883
    },
    {
      "icon_id": "3346362",
      "name": "pdf (4)",
      "font_class": "pdf",
      "unicode": "e610",
      "unicode_decimal": 58896
    },
    {
      "icon_id": "4828067",
      "name": "ppt",
      "font_class": "ppt",
      "unicode": "e601",
      "unicode_decimal": 58881
    },
    {
      "icon_id": "5340023",
      "name": "excel",
      "font_class": "excel",
      "unicode": "e631",
      "unicode_decimal": 58929
    },
    {
      "icon_id": "5387580",
      "name": "箭头_上一页",
      "font_class": "jiantou_shangyiye",
      "unicode": "eb06",
      "unicode_decimal": 60166
    },
    {
      "icon_id": "5387582",
      "name": "箭头_下一页",
      "font_class": "jiantou_xiayiye",
      "unicode": "eb07",
      "unicode_decimal": 60167
    },
    {
      "icon_id": "5387613",
      "name": "向左",
      "font_class": "xiangzuo",
      "unicode": "eb15",
      "unicode_decimal": 60181
    },
    {
      "icon_id": "5387614",
      "name": "选择器下一个",
      "font_class": "xuanzeqixiayige",
      "unicode": "eb16",
      "unicode_decimal": 60182
    },
    {
      "icon_id": "5485649",
      "name": "上传 (1)",
      "font_class": "shangchuan",
      "unicode": "e612",
      "unicode_decimal": 58898
    },
    {
      "icon_id": "6750018",
      "name": "word",
      "font_class": "word",
      "unicode": "e6b3",
      "unicode_decimal": 59059
    },
    {
      "icon_id": "7008884",
      "name": "activity",
      "font_class": "activity",
      "unicode": "e6de",
      "unicode_decimal": 59102
    },
    {
      "icon_id": "7008885",
      "name": "activity_fill",
      "font_class": "activity_fill",
      "unicode": "e6df",
      "unicode_decimal": 59103
    },
    {
      "icon_id": "7008886",
      "name": "add",
      "font_class": "add",
      "unicode": "e6e0",
      "unicode_decimal": 59104
    },
    {
      "icon_id": "7008887",
      "name": "addition_fill",
      "font_class": "addition_fill",
      "unicode": "e6e1",
      "unicode_decimal": 59105
    },
    {
      "icon_id": "7008888",
      "name": "addition",
      "font_class": "addition",
      "unicode": "e6e2",
      "unicode_decimal": 59106
    },
    {
      "icon_id": "7008889",
      "name": "addpeople_fill",
      "font_class": "addpeople_fill",
      "unicode": "e6e3",
      "unicode_decimal": 59107
    },
    {
      "icon_id": "7008890",
      "name": "addpeople",
      "font_class": "addpeople",
      "unicode": "e6e4",
      "unicode_decimal": 59108
    },
    {
      "icon_id": "7008891",
      "name": "addressbook_fill",
      "font_class": "addressbook_fill",
      "unicode": "e6e5",
      "unicode_decimal": 59109
    },
    {
      "icon_id": "7008892",
      "name": "addressbook",
      "font_class": "addressbook",
      "unicode": "e6e6",
      "unicode_decimal": 59110
    },
    {
      "icon_id": "7008893",
      "name": "barrage_fill",
      "font_class": "barrage_fill",
      "unicode": "e6e7",
      "unicode_decimal": 59111
    },
    {
      "icon_id": "7008894",
      "name": "barrage",
      "font_class": "barrage",
      "unicode": "e6e8",
      "unicode_decimal": 59112
    },
    {
      "icon_id": "7008895",
      "name": "browse_fill",
      "font_class": "browse_fill",
      "unicode": "e6e9",
      "unicode_decimal": 59113
    },
    {
      "icon_id": "7008896",
      "name": "browse",
      "font_class": "browse",
      "unicode": "e6ea",
      "unicode_decimal": 59114
    },
    {
      "icon_id": "7008898",
      "name": "brush_fill",
      "font_class": "brush_fill",
      "unicode": "e6ec",
      "unicode_decimal": 59116
    },
    {
      "icon_id": "7008899",
      "name": "businesscard_fill",
      "font_class": "businesscard_fill",
      "unicode": "e6ed",
      "unicode_decimal": 59117
    },
    {
      "icon_id": "7008900",
      "name": "businesscard",
      "font_class": "businesscard",
      "unicode": "e6ee",
      "unicode_decimal": 59118
    },
    {
      "icon_id": "7008901",
      "name": "camera_fill",
      "font_class": "camera_fill",
      "unicode": "e6ef",
      "unicode_decimal": 59119
    },
    {
      "icon_id": "7008902",
      "name": "camera",
      "font_class": "camera",
      "unicode": "e6f0",
      "unicode_decimal": 59120
    },
    {
      "icon_id": "7008903",
      "name": "clock_fill",
      "font_class": "clock_fill",
      "unicode": "e6f1",
      "unicode_decimal": 59121
    },
    {
      "icon_id": "7008904",
      "name": "clock",
      "font_class": "clock",
      "unicode": "e6f2",
      "unicode_decimal": 59122
    },
    {
      "icon_id": "7008906",
      "name": "collection_fill",
      "font_class": "collection_fill",
      "unicode": "e6f4",
      "unicode_decimal": 59124
    },
    {
      "icon_id": "7008907",
      "name": "collection",
      "font_class": "collection",
      "unicode": "e6f5",
      "unicode_decimal": 59125
    },
    {
      "icon_id": "7008908",
      "name": "computer_fill",
      "font_class": "computer_fill",
      "unicode": "e6f6",
      "unicode_decimal": 59126
    },
    {
      "icon_id": "7008909",
      "name": "computer",
      "font_class": "computer",
      "unicode": "e6f7",
      "unicode_decimal": 59127
    },
    {
      "icon_id": "7008910",
      "name": "coordinates_fill",
      "font_class": "coordinates_fill",
      "unicode": "e6f8",
      "unicode_decimal": 59128
    },
    {
      "icon_id": "7008911",
      "name": "coordinates",
      "font_class": "coordinates",
      "unicode": "e6f9",
      "unicode_decimal": 59129
    },
    {
      "icon_id": "7008912",
      "name": "coupons_fill",
      "font_class": "coupons_fill",
      "unicode": "e6fa",
      "unicode_decimal": 59130
    },
    {
      "icon_id": "7008913",
      "name": "coupons",
      "font_class": "coupons",
      "unicode": "e6fb",
      "unicode_decimal": 59131
    },
    {
      "icon_id": "7008914",
      "name": "createtask_fill",
      "font_class": "createtask_fill",
      "unicode": "e6fc",
      "unicode_decimal": 59132
    },
    {
      "icon_id": "7008915",
      "name": "createtask",
      "font_class": "createtask",
      "unicode": "e6fd",
      "unicode_decimal": 59133
    },
    {
      "icon_id": "7008916",
      "name": "customerservice_fill",
      "font_class": "customerservice_fill",
      "unicode": "e6fe",
      "unicode_decimal": 59134
    },
    {
      "icon_id": "7008917",
      "name": "customerservice",
      "font_class": "customerservice",
      "unicode": "e6ff",
      "unicode_decimal": 59135
    },
    {
      "icon_id": "7008918",
      "name": "delete_fill",
      "font_class": "delete_fill",
      "unicode": "e700",
      "unicode_decimal": 59136
    },
    {
      "icon_id": "7008919",
      "name": "delete",
      "font_class": "delete",
      "unicode": "e701",
      "unicode_decimal": 59137
    },
    {
      "icon_id": "7008920",
      "name": "document",
      "font_class": "document",
      "unicode": "e702",
      "unicode_decimal": 59138
    },
    {
      "icon_id": "7008921",
      "name": "document_fill",
      "font_class": "document_fill",
      "unicode": "e703",
      "unicode_decimal": 59139
    },
    {
      "icon_id": "7008922",
      "name": "dynamic_fill",
      "font_class": "dynamic_fill",
      "unicode": "e704",
      "unicode_decimal": 59140
    },
    {
      "icon_id": "7008923",
      "name": "dynamic",
      "font_class": "dynamic",
      "unicode": "e706",
      "unicode_decimal": 59142
    },
    {
      "icon_id": "7008924",
      "name": "editor",
      "font_class": "editor",
      "unicode": "e707",
      "unicode_decimal": 59143
    },
    {
      "icon_id": "7008926",
      "name": "emoji_fill",
      "font_class": "emoji_fill",
      "unicode": "e70a",
      "unicode_decimal": 59146
    },
    {
      "icon_id": "7008927",
      "name": "emoji",
      "font_class": "emoji",
      "unicode": "e70b",
      "unicode_decimal": 59147
    },
    {
      "icon_id": "7008928",
      "name": "empty",
      "font_class": "empty",
      "unicode": "e70c",
      "unicode_decimal": 59148
    },
    {
      "icon_id": "7008929",
      "name": "empty_fill",
      "font_class": "empty_fill",
      "unicode": "e70d",
      "unicode_decimal": 59149
    },
    {
      "icon_id": "7008931",
      "name": "enterinto",
      "font_class": "enterinto",
      "unicode": "e70f",
      "unicode_decimal": 59151
    },
    {
      "icon_id": "7008932",
      "name": "enterinto_fill",
      "font_class": "enterinto_fill",
      "unicode": "e710",
      "unicode_decimal": 59152
    },
    {
      "icon_id": "7008933",
      "name": "feedback_fill",
      "font_class": "feedback_fill",
      "unicode": "e711",
      "unicode_decimal": 59153
    },
    {
      "icon_id": "7008934",
      "name": "feedback",
      "font_class": "feedback",
      "unicode": "e712",
      "unicode_decimal": 59154
    },
    {
      "icon_id": "7008935",
      "name": "flag_fill",
      "font_class": "flag_fill",
      "unicode": "e713",
      "unicode_decimal": 59155
    },
    {
      "icon_id": "7008936",
      "name": "flag",
      "font_class": "flag",
      "unicode": "e714",
      "unicode_decimal": 59156
    },
    {
      "icon_id": "7008937",
      "name": "flashlight",
      "font_class": "flashlight",
      "unicode": "e715",
      "unicode_decimal": 59157
    },
    {
      "icon_id": "7008938",
      "name": "flashlight_fill",
      "font_class": "flashlight_fill",
      "unicode": "e716",
      "unicode_decimal": 59158
    },
    {
      "icon_id": "7008939",
      "name": "flip",
      "font_class": "flip",
      "unicode": "e717",
      "unicode_decimal": 59159
    },
    {
      "icon_id": "7008940",
      "name": "flip_fill",
      "font_class": "flip_fill",
      "unicode": "e718",
      "unicode_decimal": 59160
    },
    {
      "icon_id": "7008941",
      "name": "fullscreen",
      "font_class": "fullscreen",
      "unicode": "e719",
      "unicode_decimal": 59161
    },
    {
      "icon_id": "7008942",
      "name": "group",
      "font_class": "group",
      "unicode": "e71a",
      "unicode_decimal": 59162
    },
    {
      "icon_id": "7008943",
      "name": "group_fill",
      "font_class": "group_fill",
      "unicode": "e71b",
      "unicode_decimal": 59163
    },
    {
      "icon_id": "7008944",
      "name": "headlines_fill",
      "font_class": "headlines_fill",
      "unicode": "e71c",
      "unicode_decimal": 59164
    },
    {
      "icon_id": "7008945",
      "name": "headlines",
      "font_class": "headlines",
      "unicode": "e71d",
      "unicode_decimal": 59165
    },
    {
      "icon_id": "7008946",
      "name": "homepage_fill",
      "font_class": "homepage_fill",
      "unicode": "e71e",
      "unicode_decimal": 59166
    },
    {
      "icon_id": "7008947",
      "name": "homepage",
      "font_class": "homepage",
      "unicode": "e71f",
      "unicode_decimal": 59167
    },
    {
      "icon_id": "7008948",
      "name": "integral_fill",
      "font_class": "integral_fill",
      "unicode": "e720",
      "unicode_decimal": 59168
    },
    {
      "icon_id": "7008949",
      "name": "integral",
      "font_class": "integral",
      "unicode": "e721",
      "unicode_decimal": 59169
    },
    {
      "icon_id": "7008950",
      "name": "interactive_fill",
      "font_class": "interactive_fill1",
      "unicode": "e722",
      "unicode_decimal": 59170
    },
    {
      "icon_id": "7008951",
      "name": "interactive",
      "font_class": "interactive",
      "unicode": "e723",
      "unicode_decimal": 59171
    },
    {
      "icon_id": "7008953",
      "name": "label",
      "font_class": "label",
      "unicode": "e725",
      "unicode_decimal": 59173
    },
    {
      "icon_id": "7008954",
      "name": "label_fill",
      "font_class": "label_fill",
      "unicode": "e726",
      "unicode_decimal": 59174
    },
    {
      "icon_id": "7008955",
      "name": "like_fill",
      "font_class": "like_fill",
      "unicode": "e727",
      "unicode_decimal": 59175
    },
    {
      "icon_id": "7008956",
      "name": "like",
      "font_class": "like",
      "unicode": "e728",
      "unicode_decimal": 59176
    },
    {
      "icon_id": "7008957",
      "name": "live_fill",
      "font_class": "live_fill",
      "unicode": "e729",
      "unicode_decimal": 59177
    },
    {
      "icon_id": "7008958",
      "name": "live",
      "font_class": "live",
      "unicode": "e72a",
      "unicode_decimal": 59178
    },
    {
      "icon_id": "7008959",
      "name": "lock_fill",
      "font_class": "lock_fill1",
      "unicode": "e72b",
      "unicode_decimal": 59179
    },
    {
      "icon_id": "7008960",
      "name": "lock",
      "font_class": "lock",
      "unicode": "e72c",
      "unicode_decimal": 59180
    },
    {
      "icon_id": "7008961",
      "name": "mail",
      "font_class": "mail",
      "unicode": "e72d",
      "unicode_decimal": 59181
    },
    {
      "icon_id": "7008962",
      "name": "mail_fill",
      "font_class": "mail_fill",
      "unicode": "e72e",
      "unicode_decimal": 59182
    },
    {
      "icon_id": "7008963",
      "name": "manage_fill",
      "font_class": "manage_fill",
      "unicode": "e72f",
      "unicode_decimal": 59183
    },
    {
      "icon_id": "7008964",
      "name": "manage",
      "font_class": "manage",
      "unicode": "e730",
      "unicode_decimal": 59184
    },
    {
      "icon_id": "7008965",
      "name": "message",
      "font_class": "message",
      "unicode": "e731",
      "unicode_decimal": 59185
    },
    {
      "icon_id": "7008966",
      "name": "message_fill",
      "font_class": "message_fill",
      "unicode": "e732",
      "unicode_decimal": 59186
    },
    {
      "icon_id": "7008967",
      "name": "mine",
      "font_class": "mine",
      "unicode": "e733",
      "unicode_decimal": 59187
    },
    {
      "icon_id": "7008968",
      "name": "mine_fill",
      "font_class": "mine_fill",
      "unicode": "e734",
      "unicode_decimal": 59188
    },
    {
      "icon_id": "7008969",
      "name": "mobilephone_fill",
      "font_class": "mobilephone_fill",
      "unicode": "e735",
      "unicode_decimal": 59189
    },
    {
      "icon_id": "7008970",
      "name": "mobilephone",
      "font_class": "mobilephone",
      "unicode": "e736",
      "unicode_decimal": 59190
    },
    {
      "icon_id": "7008971",
      "name": "more",
      "font_class": "more",
      "unicode": "e737",
      "unicode_decimal": 59191
    },
    {
      "icon_id": "7008972",
      "name": "narrow",
      "font_class": "narrow",
      "unicode": "e738",
      "unicode_decimal": 59192
    },
    {
      "icon_id": "7008973",
      "name": "offline_fill",
      "font_class": "offline_fill",
      "unicode": "e739",
      "unicode_decimal": 59193
    },
    {
      "icon_id": "7008974",
      "name": "offline",
      "font_class": "offline",
      "unicode": "e73a",
      "unicode_decimal": 59194
    },
    {
      "icon_id": "7008975",
      "name": "order_fill",
      "font_class": "order_fill",
      "unicode": "e73b",
      "unicode_decimal": 59195
    },
    {
      "icon_id": "7008976",
      "name": "order",
      "font_class": "order",
      "unicode": "e73c",
      "unicode_decimal": 59196
    },
    {
      "icon_id": "7008977",
      "name": "other",
      "font_class": "other",
      "unicode": "e73d",
      "unicode_decimal": 59197
    },
    {
      "icon_id": "7008978",
      "name": "people_fill",
      "font_class": "people_fill",
      "unicode": "e73e",
      "unicode_decimal": 59198
    },
    {
      "icon_id": "7008979",
      "name": "people",
      "font_class": "people",
      "unicode": "e73f",
      "unicode_decimal": 59199
    },
    {
      "icon_id": "7008980",
      "name": "picture_fill",
      "font_class": "picture_fill",
      "unicode": "e740",
      "unicode_decimal": 59200
    },
    {
      "icon_id": "7008981",
      "name": "picture",
      "font_class": "picture",
      "unicode": "e741",
      "unicode_decimal": 59201
    },
    {
      "icon_id": "7008982",
      "name": "play",
      "font_class": "play",
      "unicode": "e742",
      "unicode_decimal": 59202
    },
    {
      "icon_id": "7008983",
      "name": "play_fill",
      "font_class": "play_fill",
      "unicode": "e743",
      "unicode_decimal": 59203
    },
    {
      "icon_id": "7008984",
      "name": "playon_fill",
      "font_class": "playon_fill",
      "unicode": "e744",
      "unicode_decimal": 59204
    },
    {
      "icon_id": "7008985",
      "name": "playon",
      "font_class": "playon",
      "unicode": "e745",
      "unicode_decimal": 59205
    },
    {
      "icon_id": "7008986",
      "name": "praise_fill",
      "font_class": "praise_fill",
      "unicode": "e746",
      "unicode_decimal": 59206
    },
    {
      "icon_id": "7008987",
      "name": "praise",
      "font_class": "praise",
      "unicode": "e747",
      "unicode_decimal": 59207
    },
    {
      "icon_id": "7008988",
      "name": "prompt_fill",
      "font_class": "prompt_fill",
      "unicode": "e748",
      "unicode_decimal": 59208
    },
    {
      "icon_id": "7008989",
      "name": "prompt",
      "font_class": "prompt",
      "unicode": "e749",
      "unicode_decimal": 59209
    },
    {
      "icon_id": "7008990",
      "name": "qrcode_fill",
      "font_class": "qrcode_fill",
      "unicode": "e74a",
      "unicode_decimal": 59210
    },
    {
      "icon_id": "7008991",
      "name": "qrcode",
      "font_class": "qrcode",
      "unicode": "e74b",
      "unicode_decimal": 59211
    },
    {
      "icon_id": "7008992",
      "name": "redpacket_fill",
      "font_class": "redpacket_fill",
      "unicode": "e74c",
      "unicode_decimal": 59212
    },
    {
      "icon_id": "7008993",
      "name": "redpacket",
      "font_class": "redpacket",
      "unicode": "e74d",
      "unicode_decimal": 59213
    },
    {
      "icon_id": "8776631",
      "name": "view",
      "font_class": "icon-test",
      "unicode": "e633",
      "unicode_decimal": 58931
    },
    {
      "icon_id": "8776676",
      "name": "view_off",
      "font_class": "icon-test1",
      "unicode": "e634",
      "unicode_decimal": 58932
    },
    {
      "icon_id": "8776711",
      "name": "record",
      "font_class": "icon-test2",
      "unicode": "e637",
      "unicode_decimal": 58935
    },
    {
      "icon_id": "8776715",
      "name": "time",
      "font_class": "icon-test3",
      "unicode": "e638",
      "unicode_decimal": 58936
    },
    {
      "icon_id": "8776716",
      "name": "credits",
      "font_class": "icon-test4",
      "unicode": "e639",
      "unicode_decimal": 58937
    },
    {
      "icon_id": "8776769",
      "name": "renew",
      "font_class": "icon-test5",
      "unicode": "e63a",
      "unicode_decimal": 58938
    },
    {
      "icon_id": "8776784",
      "name": "order",
      "font_class": "icon-test6",
      "unicode": "e63b",
      "unicode_decimal": 58939
    },
    {
      "icon_id": "8776842",
      "name": "search",
      "font_class": "icon-test7",
      "unicode": "e63c",
      "unicode_decimal": 58940
    },
    {
      "icon_id": "8776843",
      "name": "edit",
      "font_class": "icon-test8",
      "unicode": "e63d",
      "unicode_decimal": 58941
    },
    {
      "icon_id": "8776872",
      "name": "share",
      "font_class": "icon-test9",
      "unicode": "e63e",
      "unicode_decimal": 58942
    },
    {
      "icon_id": "8776873",
      "name": "setting",
      "font_class": "icon-test10",
      "unicode": "e63f",
      "unicode_decimal": 58943
    },
    {
      "icon_id": "8776944",
      "name": "region",
      "font_class": "icon-test12",
      "unicode": "e642",
      "unicode_decimal": 58946
    },
    {
      "icon_id": "8776987",
      "name": "notification",
      "font_class": "icon-test13",
      "unicode": "e643",
      "unicode_decimal": 58947
    },
    {
      "icon_id": "8776988",
      "name": "notification_off",
      "font_class": "icon-test14",
      "unicode": "e644",
      "unicode_decimal": 58948
    },
    {
      "icon_id": "8777038",
      "name": "lock",
      "font_class": "icon-test15",
      "unicode": "e645",
      "unicode_decimal": 58949
    },
    {
      "icon_id": "8777039",
      "name": "unlock",
      "font_class": "icon-test16",
      "unicode": "e646",
      "unicode_decimal": 58950
    },
    {
      "icon_id": "8777078",
      "name": "flow",
      "font_class": "icon-test17",
      "unicode": "e647",
      "unicode_decimal": 58951
    },
    {
      "icon_id": "8777080",
      "name": "filter",
      "font_class": "icon-test18",
      "unicode": "e648",
      "unicode_decimal": 58952
    },
    {
      "icon_id": "8777165",
      "name": "image",
      "font_class": "icon-test19",
      "unicode": "e64a",
      "unicode_decimal": 58954
    },
    {
      "icon_id": "8777166",
      "name": "email",
      "font_class": "icon-test20",
      "unicode": "e64b",
      "unicode_decimal": 58955
    },
    {
      "icon_id": "8777224",
      "name": "copy",
      "font_class": "icon-test21",
      "unicode": "e64c",
      "unicode_decimal": 58956
    },
    {
      "icon_id": "8777250",
      "name": "user",
      "font_class": "icon-test22",
      "unicode": "e64d",
      "unicode_decimal": 58957
    },
    {
      "icon_id": "8777251",
      "name": "customer_service",
      "font_class": "icon-test23",
      "unicode": "e64e",
      "unicode_decimal": 58958
    },
    {
      "icon_id": "8777252",
      "name": "sub_account",
      "font_class": "icon-test24",
      "unicode": "e64f",
      "unicode_decimal": 58959
    },
    {
      "icon_id": "8777372",
      "name": "refresh",
      "font_class": "icon-test25",
      "unicode": "e650",
      "unicode_decimal": 58960
    },
    {
      "icon_id": "8777387",
      "name": "close_filled",
      "font_class": "icon-test26",
      "unicode": "e651",
      "unicode_decimal": 58961
    },
    {
      "icon_id": "8777388",
      "name": "check",
      "font_class": "icon-test27",
      "unicode": "e652",
      "unicode_decimal": 58962
    },
    {
      "icon_id": "8777389",
      "name": "close",
      "font_class": "icon-test28",
      "unicode": "e653",
      "unicode_decimal": 58963
    },
    {
      "icon_id": "8777390",
      "name": "check_filled",
      "font_class": "icon-test29",
      "unicode": "e654",
      "unicode_decimal": 58964
    },
    {
      "icon_id": "8777399",
      "name": "forbidden",
      "font_class": "icon-test30",
      "unicode": "e655",
      "unicode_decimal": 58965
    },
    {
      "icon_id": "8777402",
      "name": "forbidden_filled",
      "font_class": "icon-test31",
      "unicode": "e656",
      "unicode_decimal": 58966
    },
    {
      "icon_id": "8777413",
      "name": "info_filled",
      "font_class": "icon-test32",
      "unicode": "e657",
      "unicode_decimal": 58967
    },
    {
      "icon_id": "8777414",
      "name": "info",
      "font_class": "icon-test33",
      "unicode": "e658",
      "unicode_decimal": 58968
    },
    {
      "icon_id": "8777426",
      "name": "help_filled",
      "font_class": "icon-test34",
      "unicode": "e659",
      "unicode_decimal": 58969
    },
    {
      "icon_id": "8777427",
      "name": "help",
      "font_class": "icon-test35",
      "unicode": "e65a",
      "unicode_decimal": 58970
    },
    {
      "icon_id": "8777429",
      "name": "caution",
      "font_class": "icon-test36",
      "unicode": "e65b",
      "unicode_decimal": 58971
    },
    {
      "icon_id": "8777487",
      "name": "caution_filled",
      "font_class": "icon-test37",
      "unicode": "e65c",
      "unicode_decimal": 58972
    },
    {
      "icon_id": "8777509",
      "name": "arrow_up",
      "font_class": "icon-test38",
      "unicode": "e65d",
      "unicode_decimal": 58973
    },
    {
      "icon_id": "8777510",
      "name": "arrow_left",
      "font_class": "icon-test39",
      "unicode": "e65e",
      "unicode_decimal": 58974
    },
    {
      "icon_id": "8777511",
      "name": "arrow_down",
      "font_class": "icon-test40",
      "unicode": "e65f",
      "unicode_decimal": 58975
    },
    {
      "icon_id": "8777512",
      "name": "arrow_right",
      "font_class": "icon-test41",
      "unicode": "e660",
      "unicode_decimal": 58976
    },
    {
      "icon_id": "8777532",
      "name": "page_first",
      "font_class": "icon-test42",
      "unicode": "e661",
      "unicode_decimal": 58977
    },
    {
      "icon_id": "8777533",
      "name": "down_to_bottom",
      "font_class": "icon-test43",
      "unicode": "e662",
      "unicode_decimal": 58978
    },
    {
      "icon_id": "8777534",
      "name": "up_to_top",
      "font_class": "icon-test44",
      "unicode": "e663",
      "unicode_decimal": 58979
    },
    {
      "icon_id": "8777535",
      "name": "page_last",
      "font_class": "icon-test45",
      "unicode": "e664",
      "unicode_decimal": 58980
    },
    {
      "icon_id": "8777600",
      "name": "page_turning_left",
      "font_class": "icon-test46",
      "unicode": "e666",
      "unicode_decimal": 58982
    },
    {
      "icon_id": "8777601",
      "name": "page_turning_right",
      "font_class": "icon-test47",
      "unicode": "e667",
      "unicode_decimal": 58983
    },
    {
      "icon_id": "8777602",
      "name": "show_less",
      "font_class": "icon-test48",
      "unicode": "e668",
      "unicode_decimal": 58984
    },
    {
      "icon_id": "8777603",
      "name": "show_more",
      "font_class": "icon-test49",
      "unicode": "e669",
      "unicode_decimal": 58985
    },
    {
      "icon_id": "4685713",
      "name": "向下",
      "font_class": "down",
      "unicode": "e68d",
      "unicode_decimal": 59021
    },
    {
      "icon_id": "5485673",
      "name": "向上 (1)",
      "font_class": "up",
      "unicode": "e61f",
      "unicode_decimal": 58911
    },
    {
      "icon_id": "12342012",
      "name": "people",
      "font_class": "people-copy",
      "unicode": "eb45",
      "unicode_decimal": 60229
    },
    {
      "icon_id": "10908304",
      "name": "下拉树",
      "font_class": "xialashu",
      "unicode": "e8d0",
      "unicode_decimal": 59600
    },
    {
      "icon_id": "1969635",
      "name": "控件_多行文本",
      "font_class": "kongjian_duohangwenben",
      "unicode": "e90d",
      "unicode_decimal": 59661
    },
    {
      "icon_id": "6432327",
      "name": "下拉框",
      "font_class": "xialakuang1",
      "unicode": "e917",
      "unicode_decimal": 59671
    },
    {
      "icon_id": "7008897",
      "name": "brush",
      "font_class": "brush",
      "unicode": "e93f",
      "unicode_decimal": 59711
    },
    {
      "icon_id": "9019437",
      "name": "fuxuank",
      "font_class": "fuxuank1",
      "unicode": "e940",
      "unicode_decimal": 59712
    },
    {
      "icon_id": "9019680",
      "name": "fuxuan",
      "font_class": "fuxuan1",
      "unicode": "e942",
      "unicode_decimal": 59714
    },
    {
      "icon_id": "1445018",
      "name": "office",
      "font_class": "office",
      "unicode": "e827",
      "unicode_decimal": 59431
    },
    {
      "icon_id": "1713968",
      "name": "62-全部边框",
      "font_class": "-quanbubiankuang",
      "unicode": "e62c",
      "unicode_decimal": 58924
    },
    {
      "icon_id": "1766470",
      "name": "符号-按钮",
      "font_class": "anniu",
      "unicode": "e690",
      "unicode_decimal": 59024
    },
    {
      "icon_id": "1766474",
      "name": "符号-单行输入框",
      "font_class": "danhangshurukuang",
      "unicode": "e692",
      "unicode_decimal": 59026
    },
    {
      "icon_id": "2471331",
      "name": "按钮",
      "font_class": "anniu1",
      "unicode": "e665",
      "unicode_decimal": 58981
    },
    {
      "icon_id": "2471358",
      "name": "富文本框",
      "font_class": "fuwenbenkuang",
      "unicode": "e66f",
      "unicode_decimal": 58991
    },
    {
      "icon_id": "4685740",
      "name": "扫码",
      "font_class": "Group-",
      "unicode": "e69a",
      "unicode_decimal": 59034
    },
    {
      "icon_id": "7171125",
      "name": "部门管理",
      "font_class": "bumenguanli",
      "unicode": "e622",
      "unicode_decimal": 58914
    },
    {
      "icon_id": "7335620",
      "name": "过滤",
      "font_class": "guolv",
      "unicode": "eb44",
      "unicode_decimal": 60228
    },
    {
      "icon_id": "11121402",
      "name": "开关",
      "font_class": "kaiguan1",
      "unicode": "e62e",
      "unicode_decimal": 58926
    },
    {
      "icon_id": "11641852",
      "name": "表格",
      "font_class": "biaoge",
      "unicode": "e615",
      "unicode_decimal": 58901
    },
    {
      "icon_id": "12340152",
      "name": "two",
      "font_class": "two",
      "unicode": "e66a",
      "unicode_decimal": 58986
    },
    {
      "icon_id": "12340390",
      "name": "four",
      "font_class": "four",
      "unicode": "e66b",
      "unicode_decimal": 58987
    }
  ]
}
