use jpaas_portal;

INSERT INTO ins_column_def(COL_ID_,NAME_,KEY_,IS_DEFAULT_,TEMPLET_,SET_TING_,IS_PUBLIC_,TYPE_,ICON_,IS_MOBILE_,DELETED_,COMPANY_ID_,TENANT_ID_,CREATE_DEP_ID_,CREATE_BY_,CREATE_TIME_,UPDATE_BY_,UPDATE_TIME_,APP_ID_)
        values(          '1239834260509945858',          '待办事项',          'BpmTaskColumn',          '0',          '<div class=\"gridLayoutClass\">\n    <div class=\"headPClass\">\n        <span style=\"display: inline-block;font-size: 16px;\">{{insColumnDef.name}}</span>\n        <div style=\"float:right;\">\n            <div class=\"journalism_span\">\n                <span @click=\"moreUrl()\">更多</span>\n                <span @click=\"refresh\">刷新</span>\n            </div>\n        </div>\n    </div>\n    <div class=\"bodyDivClass\">\n        <ul>\n            <li class=\"itmelist\" v-for=\"(obj,index) of data\" :key=\"obj.taskId\" v-if=\"index <=8\">\n                <p @click=\"handleTask(obj)\">{{obj.subject}}</p>\n                <span>{{obj.createTime}}</span>\n            </li>\n        </ul>\n    </div>\n</div>',          '{\"dataUrl\":\"/webApp/home/MyBpmTaskList\",\"function\":\"portalScript.getPortalBpmTask()\",\"isNews\":\"\",\"newType\":\"\",\"tabgroups\":\"\",\"functions\":\"portalScript.getPortalBpmTask(colId)\",\"funcType\":\"func\",\"sqlName\":\"省市\"}',          '0',          '1230771994887495681',          null,          '0',          0,            '0',          '0',          '2',          '1',          null,          '1',          '2021-6-24 18:13:38',          null);
        
INSERT INTO ins_column_def(COL_ID_,NAME_,KEY_,IS_DEFAULT_,TEMPLET_,SET_TING_,IS_PUBLIC_,TYPE_,ICON_,IS_MOBILE_,DELETED_,COMPANY_ID_,TENANT_ID_,CREATE_DEP_ID_,CREATE_BY_,CREATE_TIME_,UPDATE_BY_,UPDATE_TIME_,APP_ID_)
        values(          '1239837443886018562',          '集团新闻',          'insNews',          '0',          '<div class=\"gridLayoutClass\">\n    <div class=\"headPClass\">\n        <div style=\"display:inline-block;\" >{{insColumnDef.name}}</div>\n        <div style=\"float: right\">\n            <div class=\"journalism_span\">\n             <span @click=\"moreUrl()\">更多</span>\n             <span @click=\"refresh\">刷新</span>\n            </div>\n        </div>\n    </div>\n    <div class=\"bodyDivClass\">\n        <div class=\"aclsty\" v-if=\"hasImage(data)\">\n            <a-carousel arrows autoplay >\n                <div  slot=\"prevArrow\"\n                    slot-scope=\"props\"\n                    class=\"custom-slick-arrow\"\n                    style=\"left: 10px;zIndex: 1\"\n                    >\n                    <a-icon type=\"left-circle\" />\n                </div>\n                <div slot=\"nextArrow\" slot-scope=\"props\" class=\"custom-slick-arrow\" style=\"right: 10px\">\n                    <a-icon type=\"right-circle\" />\n                </div>\n                <div v-for=\"obj of data\" v-if=\"obj.imgFileId\"  class=\"inglist\">\n                    <img :src=\"getImgPath(obj.imgFileId)\"></img>\n                </div>\n            </a-carousel>\n        </div>\n        <div  >\n            <ul>\n                <li class=\"itmelist\" v-for=\"(obj,index) of data\" :key=\"obj.pkId\" v-if=\"index <=5\">\n                  <p @click=\"getInsNews(obj.pkId)\">{{obj.subject}}</p>\n                  <span>{{obj.createTime}}</span>\n                </li>\n            </ul>\n        </div>\n    </div>\n</div>',          '{\"dataUrl\":\"/portal/InsNewsIssueds\",\"function\":\"portalScript.getPortalNews(colId)\",\"isNews\":\"YES\",\"newType\":\"wordsList\",\"tabgroups\":\"\",\"newDIc\":\"新闻公告\"}',          '0',          '1230775094247464962',          null,          '0',          0,            '0',          '0',          '2',          '1',          null,          '1',          '2021-6-26 15:52:28',          null);
        
INSERT INTO ins_column_def(COL_ID_,NAME_,KEY_,IS_DEFAULT_,TEMPLET_,SET_TING_,IS_PUBLIC_,TYPE_,ICON_,IS_MOBILE_,DELETED_,COMPANY_ID_,TENANT_ID_,CREATE_DEP_ID_,CREATE_BY_,CREATE_TIME_,UPDATE_BY_,UPDATE_TIME_,APP_ID_)
        values(          '1239838889297702914',          '消息盒子',          'newsColumn',          '0',          '<div class=\"msgBoxs\">\n    <ul class=\"msgUl\">\n        <li class=\"msgItme\"\n            :style=\"{width:listWidthFn}\"\n            v-for=\"(obj,index) of data\"\n          :key=\"index\">\n        <div @click=\"moreUrl(obj.url)\" class=\"contentBox\" :style=\"{''background'': obj.color != ''''?obj.color :''red''}\">\n            <div class=\"msgContent\">\n            <b>{{obj.count}}</b>\n            <p>{{obj.content}}</p >\n          </div>\n          <div class=\"header_icon\">\n                    <a-icon v-if=\"!obj.icon.includes(''type'')\" :type=\"obj.icon\" />\n                    <my-icon v-else-if=\"[''customIcon'',''userCustomIcon''].includes(JSON.parse(obj.icon).type)\" :type=\"JSON.parse(obj.icon).icon\"></my-icon>\n                    <a-icon v-else=\"JSON.parse(obj.icon).type\" :type=\"JSON.parse(obj.icon).icon\"></a-icon>\n          </div>\n        </div>\n    </li>\n    </ul>\n</div>',          '{\"dataUrl\":\"\",\"function\":\"1235758510261506049\",\"newType\":\"\",\"tabgroups\":\"\",\"listCount\":4,\"newDIc\":\"\",\"funcType\":\"\",\"sqlName\":\"\",\"service\":\"\",\"calendarMode\":\"\"}',          '0',          '1230774411821621249',          'iconxinjian',          '0',          0,            '0',          '0',          '2',          '1',          null,          '1',          '2021-9-12 19:49:52',          null);
        
INSERT INTO ins_column_def(COL_ID_,NAME_,KEY_,IS_DEFAULT_,TEMPLET_,SET_TING_,IS_PUBLIC_,TYPE_,ICON_,IS_MOBILE_,DELETED_,COMPANY_ID_,TENANT_ID_,CREATE_DEP_ID_,CREATE_BY_,CREATE_TIME_,UPDATE_BY_,UPDATE_TIME_,APP_ID_)
        values(          '1239839327900266497',          '公司公告',          'newsPortColumn',          '0',          '<div class=\"gridLayoutClass\">\n    <div class=\"headPClass\">\n        <div style=\"display:inline-block;\" >{{insColumnDef.name}}</div>\n        <div style=\"float: right\">\n            <div class=\"journalism_span\">\n             <span @click=\"moreUrl()\">更多</span>\n             <span @click=\"refresh\">刷新</span>\n            </div>\n        </div>\n    </div>\n    <div class=\"bodyDivClass\">\n        <div class=\"aclsty\" v-if=\"hasImage(data)\">\n            <a-carousel arrows autoplay >\n                <div  slot=\"prevArrow\"\n                    slot-scope=\"props\"\n                    class=\"custom-slick-arrow\"\n                    style=\"left: 10px;zIndex: 1\"\n                    >\n                    <a-icon type=\"left-circle\" />\n                </div>\n                <div slot=\"nextArrow\" slot-scope=\"props\" class=\"custom-slick-arrow\" style=\"right: 10px\">\n                    <a-icon type=\"right-circle\" />\n                </div>\n                <div v-for=\"obj of data\"  v-if=\"obj.imgFileId\" class=\"inglist\">\n                    <img v-if=\"obj.imgFileId\" :src=\"getImgPath(obj.imgFileId)\"></img>\n                </div>\n            </a-carousel>\n        </div>\n        <div  >\n            <ul>\n                <li class=\"itmelist\" v-for=\"(obj,index) of data\" :key=\"obj.pkId\" v-if=\"index <=5\">\n                  <p @click=\"getInsNews(obj.pkId)\">{{obj.subject}}</p>\n                  <span>{{obj.createTime}}</span>\n                </li>\n            </ul>\n        </div>\n    </div>\n</div>',          '{\"dataUrl\":\"/portal/InsNewsIssueds\",\"function\":\"\",\"newType\":\"wordsList\",\"tabgroups\":\"\",\"newDIc\":\"公司公告\"}',          '0',          '1230775094247464962',          'iconbaobiao1',          '0',          0,            '0',          '0',          '2',          '1',          null,          '1',          '2021-6-29 18:39:53',          null);
        
INSERT INTO ins_column_def(COL_ID_,NAME_,KEY_,IS_DEFAULT_,TEMPLET_,SET_TING_,IS_PUBLIC_,TYPE_,ICON_,IS_MOBILE_,DELETED_,COMPANY_ID_,TENANT_ID_,CREATE_DEP_ID_,CREATE_BY_,CREATE_TIME_,UPDATE_BY_,UPDATE_TIME_,APP_ID_)
        values(          '1239839763151581185',          '待办已办',          'tabColumn',          '0',          '<div class=\"page-header-index-wide\">\n      <div class=\"salesCard\">\n        <a-tabs default-active-key=0 size=\"large\"  @change=\"changeKey\" style=\"height:100%;\" >\n          <div class=\"extra-wrapper\" slot=\"tabBarExtraContent\">\n              <div class=\"journalism_span\">\n             <span @click=\"moreUrl()\">更多</span>\n             <span @click=\"refresh\">刷新</span>\n           </div>\n          </div>\n          <a-tab-pane class=\"hetlist\" v-for=\"(obj,index) of data\"  :tab=\"obj.name\" :key=\"index\">\n             <portal-layoutview ref=\"innerLayout\" :insColumnDef=\"obj.insColumnDef\" > </portal-layoutview>\n          </a-tab-pane>\n        </a-tabs>\n      </div>\n  </div>',          '{\"dataUrl\":\"\",\"function\":\"\",\"isNews\":\"\",\"newType\":\"\",\"tabgroups\":{\"value\":\"1239834260509945858,1361616576253440002\",\"text\":\"待办事项,已办事项\"}}',          '0',          '1230774801220804610',          null,          '0',          0,            '0',          '0',          '2',          '1',          null,          '1',          '2021-6-29 14:48:32',          null);
        
INSERT INTO ins_column_def(COL_ID_,NAME_,KEY_,IS_DEFAULT_,TEMPLET_,SET_TING_,IS_PUBLIC_,TYPE_,ICON_,IS_MOBILE_,DELETED_,COMPANY_ID_,TENANT_ID_,CREATE_DEP_ID_,CREATE_BY_,CREATE_TIME_,UPDATE_BY_,UPDATE_TIME_,APP_ID_)
        values(          '1259742027670732801',          '常用应用',          'application',          '0',          '<div class=\"gridLayoutClass\">\n<div class=\"headPClass\">常用应用</div>\n<div class=\"bodyDivClass\">\n<ul class=\"application_ul\">\n        <li v-for=\"obj in data\">\n      <div v-if=\"obj.type ===''interior''\" @click=\"moreUrl(obj.url)\">\n            <a-icon v-if=\"!obj.icon.includes(''type'')\" :type=\"obj.icon\" />\n            <my-icon v-else-if=\"[''customIcon'',''userCustomIcon''].includes(JSON.parse(obj.icon).type)\" :type=\"JSON.parse(obj.icon).icon\"></my-icon>\n            <a-icon v-else=\"JSON.parse(obj.icon).type\" :type=\"JSON.parse(obj.icon).icon\"></a-icon>\n            <span>{{obj.name}}</span>\n      </div>\n      <div v-if=\"obj.type ===''outside''\" @click=\"moreOutUrl(obj.url)\">\n             \n                <a-icon v-if=\"!obj.icon.includes(''type'')\" :type=\"obj.icon\" />\n                <my-icon v-else-if=\"[''customIcon'',''userCustomIcon''].includes(JSON.parse(obj.icon).type)\" :type=\"JSON.parse(obj.icon).icon\"></my-icon>\n                <a-icon v-else=\"JSON.parse(obj.icon).type\" :type=\"JSON.parse(obj.icon).icon\"></a-icon>\n                <span>{{obj.name}}</span>\n         </div>\n        </li>\n      </ul>\n</div>\n</div>',          '{\"dataUrl\":\"\",\"function\":\"portalScript.getMyAppList()\",\"newType\":\"\",\"tabgroups\":\"\",\"listCount\":6,\"newDIc\":\"\",\"funcType\":\"\",\"sqlName\":\"\",\"service\":\"\",\"calendarMode\":\"\"}',          '0',          '1230771994887495681',          null,          '0',          0,            '0',          '0',          '1',          '1',          null,          '1',          '2021-6-29 10:51:36',          null);
        
INSERT INTO ins_column_def(COL_ID_,NAME_,KEY_,IS_DEFAULT_,TEMPLET_,SET_TING_,IS_PUBLIC_,TYPE_,ICON_,IS_MOBILE_,DELETED_,COMPANY_ID_,TENANT_ID_,CREATE_DEP_ID_,CREATE_BY_,CREATE_TIME_,UPDATE_BY_,UPDATE_TIME_,APP_ID_)
        values(          '1259762922225254402',          '提醒',          'remind',          '0',          '<div class=\"gridLayoutClass\">\n    <div class=\"headPClass\">\n        <span style=\"display: inline-block;font-size: 16px;\">我的提醒</span>\n    </div>\n    <div class=\"bodyDivClass\">\n        <ul class=\"remind_ul\">\n			<li v-for=\"obj in data\">\n			    <span><a-icon :type=\"obj.icon\" /></span>\n                <div class=\"remind_a\" @click=\"moreUrl(obj.url)\" v-html=\"obj.description\"></div>\n			 </li>\n        </ul>\n    </div>\n</div>',          '{\"dataUrl\":\"\",\"function\":\"portalScript.getRemindList()\",\"newType\":\"\",\"tabgroups\":\"\",\"listCount\":6,\"newDIc\":\"\",\"funcType\":\"\",\"sqlName\":\"\"}',          '0',          '1230771994887495681',          null,          '0',          0,            '0',          '0',          '1',          '1',          null,          '1',          '2021-5-17 15:53:09',          null);
        
INSERT INTO ins_column_def(COL_ID_,NAME_,KEY_,IS_DEFAULT_,TEMPLET_,SET_TING_,IS_PUBLIC_,TYPE_,ICON_,IS_MOBILE_,DELETED_,COMPANY_ID_,TENANT_ID_,CREATE_DEP_ID_,CREATE_BY_,CREATE_TIME_,UPDATE_BY_,UPDATE_TIME_,APP_ID_)
        values(          '1361616576253440002',          '已办事项',          'hadHandleInsts',          '0',          '<div class=\"gridLayoutClass\">\n    <div class=\"headPClass\">\n        <span style=\"display: inline-block;font-size: 16px;\">{{insColumnDef.name}}</span>\n        <div style=\"float:right;\">\n           <div class=\"journalism_span\"> <span @click=\"moreUrl()\">更多</span> <span @click=\"refresh\">刷新</span> </div>\n        </div>\n    </div>\n    <div class=\"bodyDivClass\">\n        <ul>\n            <li class=\"itmelist\" v-for=\"(obj,index) of data\" :key=\"obj.instId\" v-if=\"index <=5\">\n                <p @click=\"handleBpmInst(obj)\">{{obj.subject}}</p>\n                <span>{{obj.createTime}}</span>\n            </li>\n        </ul>\n    </div>\n</div>',          '{\"dataUrl\":\"/webApp/home/MyApprovedInsts\",\"function\":\"portalScript.getMyApprovedInsts()\",\"newType\":\"\",\"tabgroups\":\"\",\"listCount\":6,\"newDIc\":\"\",\"funcType\":\"\",\"sqlName\":\"\",\"service\":\"\",\"calendarMode\":\"\"}',          '0',          '1230771994887495681',          null,          '0',          0,            '0',          '0',          null,          '1',          null,          '1',          '2021-5-18 15:12:35',          null);
        
INSERT INTO ins_column_def(COL_ID_,NAME_,KEY_,IS_DEFAULT_,TEMPLET_,SET_TING_,IS_PUBLIC_,TYPE_,ICON_,IS_MOBILE_,DELETED_,COMPANY_ID_,TENANT_ID_,CREATE_DEP_ID_,CREATE_BY_,CREATE_TIME_,UPDATE_BY_,UPDATE_TIME_,APP_ID_)
        values(          '1363419382463524865',          '新闻公告Tab',          'NewsNoticeTab',          '0',          '<div class=\"page-header-index-wide\">\n      <div class=\"salesCard\">\n        <a-tabs default-active-key=0 size=\"large\"  @change=\"changeKey\" style=\"height:100%;\" >\n          <div class=\"extra-wrapper\" slot=\"tabBarExtraContent\">\n              <div class=\"journalism_span\">\n             <span @click=\"moreUrl()\">更多</span>\n             <span @click=\"refresh\">刷新</span>\n           </div>\n          </div>\n          <a-tab-pane class=\"hetlist\" v-for=\"(obj,index) of data\"  :tab=\"obj.name\" :key=\"index\">\n             <portal-layoutview ref=\"innerLayout\" :insColumnDef=\"obj.insColumnDef\" > </portal-layoutview>\n          </a-tab-pane>\n        </a-tabs>\n      </div>\n  </div>',          '{\"dataUrl\":\"\",\"function\":\"\",\"newType\":\"\",\"tabgroups\":{\"value\":\"1239837443886018562,1239839327900266497\",\"text\":\"集团新闻,公司公告\"},\"listCount\":6,\"newDIc\":\"\",\"funcType\":\"\",\"sqlName\":\"\",\"service\":\"\",\"calendarMode\":\"\"}',          '0',          '1230774801220804610',          null,          '0',          0,            '0',          '0',          null,          '1',          null,          '1',          '2021-6-29 14:46:46',          null);
        
INSERT INTO ins_column_def(COL_ID_,NAME_,KEY_,IS_DEFAULT_,TEMPLET_,SET_TING_,IS_PUBLIC_,TYPE_,ICON_,IS_MOBILE_,DELETED_,COMPANY_ID_,TENANT_ID_,CREATE_DEP_ID_,CREATE_BY_,CREATE_TIME_,UPDATE_BY_,UPDATE_TIME_,APP_ID_)
        values(          '1392727548903243778',          '饼图',          'piecharts',          '0',          null,          '{\"dataUrl\":\"\",\"function\":\"\",\"newType\":\"\",\"tabgroups\":\"\",\"listCount\":6,\"newDIc\":\"\",\"funcType\":\"\",\"sqlName\":\"\",\"service\":\"\",\"calendarMode\":\"\",\"component\":\"modules/portal/core/charts/PieCharts.vue\"}',          '0',          '1230771994887495674',          null,          '0',          0,            '0',          '1',          '1',          '1',          '2021-5-13 14:24:58',          null,          '2021-5-13 14:24:58',          null);
        
INSERT INTO ins_column_def(COL_ID_,NAME_,KEY_,IS_DEFAULT_,TEMPLET_,SET_TING_,IS_PUBLIC_,TYPE_,ICON_,IS_MOBILE_,DELETED_,COMPANY_ID_,TENANT_ID_,CREATE_DEP_ID_,CREATE_BY_,CREATE_TIME_,UPDATE_BY_,UPDATE_TIME_,APP_ID_)
        values(          '1392738215320346625',          '柱状图',          'barCharts',          '0',          null,          '{\"dataUrl\":\"\",\"function\":\"\",\"newType\":\"\",\"tabgroups\":\"\",\"listCount\":6,\"newDIc\":\"\",\"funcType\":\"\",\"sqlName\":\"\",\"service\":\"\",\"calendarMode\":\"\",\"component\":\"modules/portal/core/charts/BarCharts.vue\"}',          '0',          '1230771994887495674',          null,          '0',          0,            '0',          '1',          '1',          '1',          '2021-5-13 15:07:21',          null,          '2021-5-13 15:07:21',          null);
        
INSERT INTO ins_column_def(COL_ID_,NAME_,KEY_,IS_DEFAULT_,TEMPLET_,SET_TING_,IS_PUBLIC_,TYPE_,ICON_,IS_MOBILE_,DELETED_,COMPANY_ID_,TENANT_ID_,CREATE_DEP_ID_,CREATE_BY_,CREATE_TIME_,UPDATE_BY_,UPDATE_TIME_,APP_ID_)
        values(          '1392739711713796097',          '漏斗图',          'FunnelCharts',          '0',          null,          '{\"dataUrl\":\"\",\"function\":\"\",\"newType\":\"\",\"tabgroups\":\"\",\"listCount\":6,\"newDIc\":\"\",\"funcType\":\"\",\"sqlName\":\"\",\"service\":\"\",\"calendarMode\":\"\",\"component\":\"modules/portal/core/charts/FunnelCharts.vue\"}',          '0',          '1230771994887495674',          null,          '0',          0,            '0',          '1',          '1',          '1',          '2021-5-13 15:13:18',          null,          '2021-5-13 15:13:18',          null);
        
INSERT INTO ins_column_def(COL_ID_,NAME_,KEY_,IS_DEFAULT_,TEMPLET_,SET_TING_,IS_PUBLIC_,TYPE_,ICON_,IS_MOBILE_,DELETED_,COMPANY_ID_,TENANT_ID_,CREATE_DEP_ID_,CREATE_BY_,CREATE_TIME_,UPDATE_BY_,UPDATE_TIME_,APP_ID_)
        values(          '1392741135541592065',          '仪表盘',          'gaugeCharts',          '0',          null,          '{\"dataUrl\":\"\",\"function\":\"\",\"newType\":\"\",\"tabgroups\":\"\",\"listCount\":6,\"newDIc\":\"\",\"funcType\":\"\",\"sqlName\":\"\",\"service\":\"\",\"calendarMode\":\"\",\"component\":\"modules/portal/core/charts/GaugeCharts.vue\"}',          '0',          '1230771994887495674',          null,          '0',          0,            '0',          '1',          '1',          '1',          '2021-5-13 15:18:57',          null,          '2021-5-13 15:18:57',          null);
        
INSERT INTO ins_column_def(COL_ID_,NAME_,KEY_,IS_DEFAULT_,TEMPLET_,SET_TING_,IS_PUBLIC_,TYPE_,ICON_,IS_MOBILE_,DELETED_,COMPANY_ID_,TENANT_ID_,CREATE_DEP_ID_,CREATE_BY_,CREATE_TIME_,UPDATE_BY_,UPDATE_TIME_,APP_ID_)
        values(          '1392742738608775169',          '曲线图',          'linecharts',          '0',          null,          '{\"dataUrl\":\"\",\"function\":\"\",\"newType\":\"\",\"tabgroups\":\"\",\"listCount\":6,\"newDIc\":\"\",\"funcType\":\"\",\"sqlName\":\"\",\"service\":\"\",\"calendarMode\":\"\",\"component\":\"modules/portal/core/charts/LineCharts.vue\"}',          '0',          '1230771994887495674',          null,          '0',          0,            '0',          '1',          '1',          '1',          '2021-5-13 15:25:19',          null,          '2021-5-13 15:25:19',          null);
        
INSERT INTO ins_column_def(COL_ID_,NAME_,KEY_,IS_DEFAULT_,TEMPLET_,SET_TING_,IS_PUBLIC_,TYPE_,ICON_,IS_MOBILE_,DELETED_,COMPANY_ID_,TENANT_ID_,CREATE_DEP_ID_,CREATE_BY_,CREATE_TIME_,UPDATE_BY_,UPDATE_TIME_,APP_ID_)
        values(          '1392746879276015617',          '混合图形',          'mixCharts',          '0',          null,          '{\"dataUrl\":\"\",\"function\":\"\",\"newType\":\"\",\"tabgroups\":\"\",\"listCount\":6,\"newDIc\":\"\",\"funcType\":\"\",\"sqlName\":\"\",\"service\":\"\",\"calendarMode\":\"\",\"component\":\"modules/portal/core/charts/MixCharts.vue\",\"vueType\":\"vue\"}',          '0',          '1230771994887495674',          null,          '0',          0,            '0',          '1',          '1',          '1',          '2021-5-13 15:41:47',          '1',          '2022-7-6 16:36:16',          null);
        
INSERT INTO ins_column_temp(ID_,NAME_,KEY_,TEMPLET_,IS_SYS_,STATUS_,TEMP_TYPE_,DELETED_,COMPANY_ID_,TENANT_ID_,CREATE_DEP_ID_,CREATE_BY_,CREATE_TIME_,UPDATE_BY_,UPDATE_TIME_)
        values(          '1230771994887495674',          'VUE组件',          'vue',          '',          '1',          '1',          'VueBel',          0,            '0',          '0',          '2',          '1',          '2020-2-21 8:31:25',          '1',          '2021-5-11 12:41:38');
        
INSERT INTO ins_column_temp(ID_,NAME_,KEY_,TEMPLET_,IS_SYS_,STATUS_,TEMP_TYPE_,DELETED_,COMPANY_ID_,TENANT_ID_,CREATE_DEP_ID_,CREATE_BY_,CREATE_TIME_,UPDATE_BY_,UPDATE_TIME_)
        values(          '1230771994887495681',          '列表栏目',          'list',          '<div class=\"gridLayoutClass\">\n    <div class=\"headPClass\">\n        <div style=\"display:inline-block;\" >{{insColumnDef.name}}</div>\n        <div style=\"float: right\">\n          <div style=\"float: right\">\n            <div class=\"journalism_span\"> <span @click=\"moreUrl()\">更多</span> <span @click=\"refresh\">刷新</span> </div>\n        </div>\n        </div>\n    </div>\n    <div class=\"bodyDivClass\">\n        <ul>\n        	<li class=\"itmelist\" v-for=\"(item,index) of data\" :key=\"item.pkId\" >\n          	 <p @click=\"handleBpmInst(item)\">{{item.SUBJECT_}</p>\n                <span>{{getDate(item.CREATE_TIME_)}}</span>\n            </li>\n        </ul>\n    </div>\n</div>',          '1',          '1',          'List',          0,            '0',          '0',          '2',          '1',          '2020-2-21 8:31:25',          '1',          '2022-7-6 18:11:16');
        
INSERT INTO ins_column_temp(ID_,NAME_,KEY_,TEMPLET_,IS_SYS_,STATUS_,TEMP_TYPE_,DELETED_,COMPANY_ID_,TENANT_ID_,CREATE_DEP_ID_,CREATE_BY_,CREATE_TIME_,UPDATE_BY_,UPDATE_TIME_)
        values(          '1230774411821621249',          '消息盒子',          'msgbox',          '<div class=\"msgBoxs\">\n    <ul class=\"msgUl\">\n        <li class=\"msgItme\"\n            :style=\"{width:listWidthFn}\"\n            v-for=\"(obj,index) of data\"\n          :key=\"index\">\n        <div @click=\"moreUrl(obj.url)\" class=\"contentBox\" >\n            <div class=\"msgContent\">\n            <b>{{obj.count}}</b>\n            <p>{{obj.content}}</p >\n          </div>\n          <div class=\"header_icon\" :style=\"{''color'''': obj.color != ''''?obj.color :''red''}\">\n                    <a-icon v-if=\"!obj.icon.includes(''type'')\" :type=\"obj.icon\" />\n                    <my-icon v-else-if=\"[''customIcon'',''userCustomIcon''].includes(JSON.parse(obj.icon).type)\" :type=\"JSON.parse(obj.icon).icon\"></my-icon>\n                    <a-icon v-else=\"JSON.parse(obj.icon).type\" :type=\"JSON.parse(obj.icon).icon\"></a-icon>\n          </div>\n        </div>\n    </li>\n    </ul>\n</div>',          '1',          '1',          'MessageBel',          0,            '0',          '0',          '2',          '1',          '2020-2-21 8:41:01',          '1',          '2021-9-12 19:52:06');
        
INSERT INTO ins_column_temp(ID_,NAME_,KEY_,TEMPLET_,IS_SYS_,STATUS_,TEMP_TYPE_,DELETED_,COMPANY_ID_,TENANT_ID_,CREATE_DEP_ID_,CREATE_BY_,CREATE_TIME_,UPDATE_BY_,UPDATE_TIME_)
        values(          '1230774801220804610',          'Tab栏目',          'tabcolumn',          '<div class=\"page-header-index-wide\">\n   \n      <div class=\"salesCard\" headPClass>\n        <a-tabs default-active-key=0 size=\"large\"  @change=\"changeKey\" :tab-bar-style=\"{marginBottom: ''24px'', paddingLeft: ''16px''}\">\n          <div class=\"extra-wrapper\" slot=\"tabBarExtraContent\">\n            <div class=\"extra-item\">\n              <span class=\"btnSpan\" @click=\"moreUrl()\">\n                <a-icon type=\"dash\"></a-icon>\n              </span>\n              <span class=\"btnSpan\" @click=\"refresh\">\n                <a-icon type=\"redo\"></a-icon>\n              </span>\n            </div>\n          </div>\n          <a-tab-pane class=\"hetlist\" v-for=\"(obj,index) of data\"  :tab=\"obj.name\" :key=\"index\">\n            <portal-layoutview ref=\"innerLayout\"  :insColumnDef=\"obj.insColumnDef\"></portal-layoutview>\n          </a-tab-pane>\n        </a-tabs>\n      </div>\n   \n  </div>',          '1',          '1',          'TabBel',          0,            '0',          '0',          '2',          '1',          '2020-2-21 8:42:34',          '1',          '2022-7-6 18:11:00');
        
INSERT INTO ins_column_temp(ID_,NAME_,KEY_,TEMPLET_,IS_SYS_,STATUS_,TEMP_TYPE_,DELETED_,COMPANY_ID_,TENANT_ID_,CREATE_DEP_ID_,CREATE_BY_,CREATE_TIME_,UPDATE_BY_,UPDATE_TIME_)
        values(          '1230775094247464962',          '新闻公告',          'newsNotice',          '<div class=\"gridLayoutClass\">\n    <div class=\"headPClass\">\n        <div style=\"display:inline-block;\" >{{insColumnDef.name}}</div>\n        <div style=\"float: right\">\n            <div class=\"journalism_span\"> <span @click=\"moreUrl()\">更多</span> <span @click=\"refresh\">刷新</span> </div>\n        </div>\n    </div>\n    <div class=\"bodyDivClass\">\n        <div class=\"aclsty\" v-if=\"newType ==''img'' || newType ==''imgAndFont''\">\n            <a-carousel arrows autoplay>\n                <div slot=\"prevArrow\" slot-scope=\"props\" class=\"custom-slick-arrow\" style=\"left: 10px;zIndex: 1\">\n                    <a-icon type=\"left-circle\" />\n                </div>\n                <div slot=\"nextArrow\" slot-scope=\"props\" class=\"custom-slick-arrow\" style=\"right: 10px\">\n                    <a-icon type=\"right-circle\" />\n                </div>\n                <div v-for=\"lising of data\" class=\"inglist\"><img :src=\"getImgPath(lising.imgFileId)\"></img></div>\n            </a-carousel>\n        </div>\n        <div v-if=\"newType !=''img''\" :class=\"[newType !=''wordsList''? ''listing'':'''' ]\">\n            <ul>\n                <li class=\"itmelist\" v-for=\"(obj,index) of data\" :key=\"obj.pkId\" v-if=\"index <=5\">\n                    <p @click=\"getInsNews(obj.pkId)\">{{obj.subject}}</p> <span>{{obj.createTime}}</span>\n                </li>\n            </ul>\n        </div>\n    </div>\n</div>',          '1',          '1',          'NewsBel',          0,            '0',          '0',          '2',          '1',          '2020-2-21 8:43:44',          '1',          '2021-7-28 16:34:33');
        
INSERT INTO ins_column_temp(ID_,NAME_,KEY_,TEMPLET_,IS_SYS_,STATUS_,TEMP_TYPE_,DELETED_,COMPANY_ID_,TENANT_ID_,CREATE_DEP_ID_,CREATE_BY_,CREATE_TIME_,UPDATE_BY_,UPDATE_TIME_)
        values(          '1262328598619750402',          '日程栏目',          'calendar',          '<div class=\"gridLayoutClass\">\n    <div class=\"headPClass\">\n            <span style=\"display: inline-block;font-size: 16px;\">我的日程</span>\n    </div>\n    <div class=\"bodyDivClass schstyle\" style=\"overflow-y: auto;overflow-x: hidden;\">\n       <div :style=\"{ width: ''100%'', borderRadius: ''4px'' }\">\n            <a-calendar :fullscreen=\"false\" :mode=\"calendarMode\" @select=\"onCalendarSelect\" @panelChange=\"onPanelChange\" >\n                <ul slot=\"dateCellRender\" slot-scope=\"value\" class=\"events\">\n                    <li class=\"relisdian\" v-if=\"isxunran\" v-for=\"item in getCalendarDayListData(value)\" :key=\"item.content\">\n                        <a-badge :status=\"item.type\" :text=\"item.content\" />\n                    </li>\n                </ul>\n            </a-calendar>\n    </div>\n    <div class=\"relist\">{{calendarValue}}日程</div>\n    <a-steps  progress-dot :current=\"1\" direction=\"vertical\" :class=\"[ calendarMode ==''year''? ''calenlist'':'''']\">\n        <a-step v-for=\"item in data\" :key=\"item.index\" :title=\"item.title\">\n            <span v-if=\"calendarMode ===''year''\" class=\"shijian_year\" slot=\"description\">{{item.day}} {{item.startTime}}</span>\n            <span v-if=\"calendarMode ===''month''\" class=\"shijian\" slot=\"description\">{{item.startTime}}</span>\n            <template slot=\"title\">{{item.title}} </template>\n            <span slot=\"description\">{{item.describe}}</span>\n        </a-step>\n    </a-steps>\n    <a-empty v-if=\"data.length ==0\" />\n    </div>\n</div>',          '1',          '1',          'Calendar',          0,            '0',          '0',          '1',          '1',          '2020-5-18 10:26:06',          '1',          '2022-7-6 18:11:32');
        
INSERT INTO ins_column_temp(ID_,NAME_,KEY_,TEMPLET_,IS_SYS_,STATUS_,TEMP_TYPE_,DELETED_,COMPANY_ID_,TENANT_ID_,CREATE_DEP_ID_,CREATE_BY_,CREATE_TIME_,UPDATE_BY_,UPDATE_TIME_)
        values(          '1393012721066573826',          '提醒模板',          'remind',          '<div class=\"gridLayoutClass\">
\n\n\n    <div class=\"headPClass\">
\n\n\n        <span style=\"display: inline-block;font-size: 16px;\">我的提醒</span>
\n\n\n    </div>
\n\n\n    <div class=\"bodyDivClass\">
\n\n\n        <ul class=\"remind_ul\">
\n\n\n			<li v-for=\"obj in data\">
\n\n\n			    <span><a-icon :type=\"obj.icon\" /></span>
\n\n\n                <div class=\"remind_a\" @click=\"moreUrl(obj.url)\" v-html=\"obj.description\"></div>
\n\n\n			 </li>
\n\n\n        </ul>
\n\n\n    </div>
\n\n\n</div>',          '1',          '1',          'List',          0,            '0',          '1',          '1',          '1',          '2021-5-14 9:18:08',          '1',          '2021-5-14 11:02:25');
        
INSERT INTO ins_msg_def(MSG_ID_,COLOR_,URL_,ICON_,CONTENT_,DS_NAME_,DS_ALIAS_,SQL_FUNC_,TYPE_,COUNT_TYPE_,DELETED_,COMPANY_ID_,TENANT_ID_,CREATE_DEP_ID_,CREATE_BY_,CREATE_TIME_,UPDATE_BY_,UPDATE_TIME_,APP_ID_)
        values(          '1259773507849256961',          '#ff5757',          '/webApp/home/MyBpmInstList',          '{"type":"brand_logo","icon":"inbox"}',          '我的流程草稿',          '',          'jpaas_bpm',          'portalScript.getMyAllDraftBpmInst()',          'function',          '',          0,            '0',          '0',          '1',          '1',          '2020-5-11 9:13:04',          '1',          '2021-5-13 17:11:29',          null);
        
INSERT INTO ins_msg_def(MSG_ID_,COLOR_,URL_,ICON_,CONTENT_,DS_NAME_,DS_ALIAS_,SQL_FUNC_,TYPE_,COUNT_TYPE_,DELETED_,COMPANY_ID_,TENANT_ID_,CREATE_DEP_ID_,CREATE_BY_,CREATE_TIME_,UPDATE_BY_,UPDATE_TIME_,APP_ID_)
        values(          '1260089706780913666',          '#2ba0fc',          '/webApp/home/MyApprovedTasks',          '{"type":"brand_logo","icon":"file-done"}',          '我的已办',          '',          'jpaas_bpm',          'portalScript.getMyApprovedTaskCount()',          'function',          '',          0,            '0',          '0',          '1',          '1',          '2020-5-12 6:09:32',          '1',          '2021-5-13 17:11:31',          null);
        
INSERT INTO ins_msg_def(MSG_ID_,COLOR_,URL_,ICON_,CONTENT_,DS_NAME_,DS_ALIAS_,SQL_FUNC_,TYPE_,COUNT_TYPE_,DELETED_,COMPANY_ID_,TENANT_ID_,CREATE_DEP_ID_,CREATE_BY_,CREATE_TIME_,UPDATE_BY_,UPDATE_TIME_,APP_ID_)
        values(          '1260090213217955841',          '#feaf00',          '/webApp/home/MyBpmTaskList',          '{"type":"brand_logo","icon":"audit"}',          '我的待办',          '',          '',          'portalScript.getMyTaskCount()',          'function',          '',          0,            '0',          '0',          '1',          '1',          '2020-5-12 6:11:33',          '1',          '2021-5-13 17:11:34',          null);
        
INSERT INTO ins_msg_def(MSG_ID_,COLOR_,URL_,ICON_,CONTENT_,DS_NAME_,DS_ALIAS_,SQL_FUNC_,TYPE_,COUNT_TYPE_,DELETED_,COMPANY_ID_,TENANT_ID_,CREATE_DEP_ID_,CREATE_BY_,CREATE_TIME_,UPDATE_BY_,UPDATE_TIME_,APP_ID_)
        values(          '1260090447218176002',          '#1bd895',          '/webApp/home/innerMsgs/InfInnerMsgList',          '{"type":"brand_logo","icon":"message"}',          '我的消息',          '',          '',          'portalScript.getMyInnerMsgCount()    ',          'function',          '',          0,            '0',          '0',          '1',          '1',          '2020-5-12 6:12:29',          '1',          '2021-5-13 17:11:41',          null);
        
INSERT INTO ins_msgbox_box_def(ID_,SN_,MSG_ID_,BOX_ID_,APP_ID_,DELETED_,COMPANY_ID_,TENANT_ID_,CREATE_DEP_ID_,CREATE_BY_,CREATE_TIME_,UPDATE_BY_,UPDATE_TIME_)
        values(          '1409778506415890434',          0,          '1260089706780913666',          '1235758510261506049',          null,          0,            '0',          '1',          null,          '1',          '2021-6-29 15:39:23',          null,          '2021-6-29 15:39:23');
        
INSERT INTO ins_msgbox_box_def(ID_,SN_,MSG_ID_,BOX_ID_,APP_ID_,DELETED_,COMPANY_ID_,TENANT_ID_,CREATE_DEP_ID_,CREATE_BY_,CREATE_TIME_,UPDATE_BY_,UPDATE_TIME_)
        values(          '1409778506696908801',          1,          '1260090447218176002',          '1235758510261506049',          null,          0,            '0',          '1',          null,          '1',          '2021-6-29 15:39:23',          null,          '2021-6-29 15:39:23');
        
INSERT INTO ins_msgbox_box_def(ID_,SN_,MSG_ID_,BOX_ID_,APP_ID_,DELETED_,COMPANY_ID_,TENANT_ID_,CREATE_DEP_ID_,CREATE_BY_,CREATE_TIME_,UPDATE_BY_,UPDATE_TIME_)
        values(          '1409778506709491713',          2,          '1260090213217955841',          '1235758510261506049',          null,          0,            '0',          '1',          null,          '1',          '2021-6-29 15:39:23',          null,          '2021-6-29 15:39:23');
        
INSERT INTO ins_msgbox_box_def(ID_,SN_,MSG_ID_,BOX_ID_,APP_ID_,DELETED_,COMPANY_ID_,TENANT_ID_,CREATE_DEP_ID_,CREATE_BY_,CREATE_TIME_,UPDATE_BY_,UPDATE_TIME_)
        values(          '1409778506722074625',          3,          '1259773507849256961',          '1235758510261506049',          null,          0,            '0',          '1',          null,          '1',          '2021-6-29 15:39:23',          null,          '2021-6-29 15:39:23');
        
INSERT INTO ins_msgbox_def(BOX_ID_,KEY_,NAME_,DELETED_,COMPANY_ID_,TENANT_ID_,CREATE_DEP_ID_,CREATE_BY_,CREATE_TIME_,UPDATE_BY_,UPDATE_TIME_,APP_ID_)
        values(          '1235758510261506049',          'msgbox',          '消息盒',          0,            '0',          '0',          '2',          '1',          '2020-3-6 2:46:03',          '1',          '2021-6-29 15:39:23',          null);
        
INSERT INTO ins_portal_def(PORT_ID_,NAME_,KEY_,IS_DEFAULT_,LAYOUT_HTML_,PRIORITY_,IS_MOBILE_,LAYOUT_JSON_,DELETED_,COMPANY_ID_,TENANT_ID_,CREATE_DEP_ID_,CREATE_BY_,CREATE_TIME_,UPDATE_BY_,UPDATE_TIME_,APP_ID_)
        values(          '1232486079769382914',          '全局门户',          'GLOBAL-PERSONAL',          '1',          '',          2,          'NO',          '[{\"x\":0,\"y\":0,\"w\":24,\"h\":12,\"i\":1621236255245,\"colId\":\"1239838889297702914\",\"layoutName\":\"消息盒子\",\"moved\":false,\"config\":{\"colId\":\"1239838889297702914\",\"name\":\"消息盒子\"},\"defConf\":\"column\",\"id\":\"byafwbl140672\"},{\"x\":9,\"y\":12,\"w\":15,\"h\":33,\"i\":1622021399023,\"colId\":\"1239839763151581185\",\"layoutName\":\"待办已办\",\"moved\":false,\"config\":{\"colId\":\"1239839763151581185\",\"name\":\"待办已办\"},\"defConf\":\"column\",\"id\":\"fzykbly140672\"},{\"x\":0,\"y\":45,\"w\":24,\"h\":15,\"i\":1624247108516,\"colId\":\"1259742027670732801\",\"layoutName\":\"常用应用\",\"moved\":false,\"config\":{\"colId\":\"1259742027670732801\",\"name\":\"常用应用\"},\"defConf\":\"column\",\"id\":\"etngszh140672\"},{\"x\":0,\"y\":12,\"w\":9,\"h\":33,\"i\":1625017634304,\"colId\":\"1363419382463524865\",\"layoutName\":\"新闻公告Tab\",\"moved\":false,\"config\":{\"colId\":\"1363419382463524865\",\"name\":\"新闻公告Tab\"},\"defConf\":\"column\",\"id\":\"bekexdo140672\"}]',          0,            '0',          '0',          '2',          '1',          '2020-2-26 2:02:35',          '1',          '2022-7-6 11:41:58',          null);
        
INSERT INTO ins_portal_def(PORT_ID_,NAME_,KEY_,IS_DEFAULT_,LAYOUT_HTML_,PRIORITY_,IS_MOBILE_,LAYOUT_JSON_,DELETED_,COMPANY_ID_,TENANT_ID_,CREATE_DEP_ID_,CREATE_BY_,CREATE_TIME_,UPDATE_BY_,UPDATE_TIME_,APP_ID_)
        values(          '1265199891743682562',          '移动端门户',          'mobile',          '1',          '[{\"type\":\"process\",\"title\":\"流程管理\",\"titleflg\":true,\"items\":[{\"title\":\"我的待办\",\"routeName\":\"myTasks\",\"icon\":\"icon-clock\",\"bgColor\":\"#FFB400\",\"iconfontcolor\":\"#fafafa\",\"module\":\"bpm\"},{\"title\":\"新建流程\",\"routeName\":\"mySolutions\",\"icon\":\"icon-addsupply\",\"bgColor\":\"#ea5570\",\"iconfontcolor\":\"#fafafa\",\"module\":\"bpm\"},{\"title\":\"我的消息\",\"routeName\":\"news\",\"icon\":\"icon-addsupply\",\"bgColor\":\"#ea5570\",\"iconfontcolor\":\"#fafafa\",\"module\":\"bpm\"},{\"title\":\"我的流程\",\"routeName\":\"myInst\",\"icon\":\"icon-order\",\"bgColor\":\"#7e7cf9\",\"iconfontcolor\":\"#fafafa\",\"module\":\"bpm\"},{\"title\":\"我的已办\",\"routeName\":\"HasHandle\",\"icon\":\"icon-caogao\",\"bgColor\":\"#05c392\",\"iconfontcolor\":\"#fafafa\",\"module\":\"bpm\"},{\"title\":\"我的转办\",\"routeName\":\"ReceiveTask\",\"icon\":\"icon-order\",\"bgColor\":\"#7e7cf9\",\"iconfontcolor\":\"#fafafa\",\"module\":\"bpm\"},{\"title\":\"转出代办\",\"routeName\":\"TransOutTask\",\"icon\":\"icon-addsupply\",\"iconfontcolor\":\"#fafafa\",\"bgColor\":\"#ea5570\",\"module\":\"bpm\"}]}]',          1,          'YES',          '',          0,            '0',          '0',          '1',          '1',          '2020-5-26 8:35:35',          '1',          '2021-9-26 17:11:33',          null);
        
INSERT INTO ins_remind_def(ID_,SUBJECT_,URL_,TYPE_,SETTING_,DESCRIPTION_,SN_,ENABLED_,ICON_,DS_NAME_,DS_ALIAS_,DELETED_,COMPANY_ID_,TENANT_ID_,CREATE_BY_,CREATE_TIME_,UPDATE_BY_,UPDATE_TIME_,CREATE_DEP_ID_)
        values(          '1394232369885880322',          '待办通知',          '/webApp/home/MyBpmTaskList',          'function',          'portalScript.getMyTaskCount()',          '你有[count]待办',          1,          'YES',          'smile',          null,          null,          0,            '0',          '1',          '1',          '2021-5-17 18:04:35',          '1',          '2021-6-29 14:57:42',          null);
        
INSERT INTO ins_remind_def(ID_,SUBJECT_,URL_,TYPE_,SETTING_,DESCRIPTION_,SN_,ENABLED_,ICON_,DS_NAME_,DS_ALIAS_,DELETED_,COMPANY_ID_,TENANT_ID_,CREATE_BY_,CREATE_TIME_,UPDATE_BY_,UPDATE_TIME_,CREATE_DEP_ID_)
        values(          '1399568779375443970',          '表单设计统计',          '/form/home/FormPcList',          'sql',          'String sql=\"select count(*) from form_pc where create_by_=''[USERID]''\";
\n\n\nreturn sql;',          '你的表单设计[count]条。',          1,          'YES',          'iconxinwen',          null,          'paas_form',          0,            '0',          '1',          '1',          '2021-6-1 11:29:34',          '1',          '2021-7-22 17:42:39',          '1385123428631506945');
        
INSERT INTO ins_portal_permission(ID_,LAYOUT_ID_,TYPE_,OWNER_ID_,OWNER_NAME_,MENU_TYPE_,DELETED_,COMPANY_ID_,TENANT_ID_,CREATE_DEP_ID_,CREATE_BY_,CREATE_TIME_,UPDATE_BY_,UPDATE_TIME_)
        values(          '1493825769258401794',          '1394232369885880322',          'ALL',          'ALL',          null,          'remind',          0,            '0',          '1',          '1',          '1',          '2022-2-16 13:53:12',          null,          '2022-2-16 13:53:12');
        

commit;